Student_ID,First_Name,Last_Name,Email,Gender,Age,Department,Attendance (%),Midterm_Score,Final_Score,Assignments_Avg,Quizzes_Avg,Participation_Score,Projects_Score,Total_Score,Grade,Study_Hours_per_Week,Extracurricular_Activities,Internet_Access_at_Home,Parent_Education_Level,Family_Income_Level,Stress_Level (1-10),Sleep_Hours_per_Night
S5001,Omar,Brown,student4001@university.com,Male,24,CS,,98.53,59.43,69.06,53.08,0.81,70.37,99.63,B,10.5,No,Yes,Bachelor's,High,4,6.8
S5002,John,Jones,student4002@university.com,Female,20,CS,61.4,68.66,91,96.47,73.07,7.14,53.52,86.57,D,10.3,No,Yes,Bachelor's,Low,3,7.5
S5003,Omar,Smith,student4003@university.com,Female,19,CS,53.5,86.48,82.47,,56.88,1.65,85.63,57.3,D,20.2,Yes,Yes,Master's,Low,2,5.1
S5004,Maria,Smith,student4004@university.com,Male,24,Business,76.78,86.09,92.16,,82.37,7.4,57.53,63.89,B,15.9,No,Yes,,Low,5,7.5
S5005,Emma,Jones,student4005@university.com,Female,18,Business,99.52,69.85,42.79,87.89,52.36,1.41,96.35,56.6,B,26.8,Yes,Yes,PhD,Medium,2,4.1
S5006,Liam,Williams,student4006@university.com,Female,24,CS,86.9,87.74,83.25,,68.7,8.32,70.89,55.78,A,12.3,No,Yes,PhD,Low,2,6.7
S5007,Sara,Johnson,student4007@university.com,Female,21,Engineering,66.37,55.66,72.4,57.96,54.14,6.81,54.1,78.39,A,13.3,No,Yes,None,Low,8,8.2
S5008,Liam,Williams,student4008@university.com,Male,22,Mathematics,91.36,47.34,89.5,65.96,50.17,3.86,61.42,95.34,B,9.2,Yes,Yes,High School,Medium,2,7.6
S5009,Liam,Smith,student4009@university.com,Male,24,Engineering,88.45,65.51,70.43,,98.03,3.59,93.13,84.22,A,29.5,No,Yes,High School,High,8,8.3
S5010,Emma,Davis,student4010@university.com,Female,21,CS,64.08,96.62,72.41,50.91,99.81,1.49,66.05,90.03,B,7.9,No,No,High School,Low,8,4.7
S5011,Omar,Jones,student4011@university.com,Male,21,Engineering,50.72,70.04,43.11,71.87,77.78,9.04,92.82,75.4,C,29.6,No,Yes,High School,Low,1,7.6
S5012,Sara,Jones,student4012@university.com,Female,21,CS,55.91,78.12,80.11,87.79,61.95,1.19,58.61,73.77,F,22.7,Yes,Yes,Master's,Medium,5,6.3
S5013,Ali,Williams,student4013@university.com,Female,24,Engineering,93.87,77.45,56.39,58.21,95.55,4.72,73.41,96.87,A,7.2,No,Yes,None,Medium,9,5.6
S5014,Ahmed,Davis,student4014@university.com,Male,19,Engineering,91.83,47.95,41.18,53.23,96.15,2.37,93.91,86.1,A,8.8,No,Yes,None,High,8,5.8
S5015,Emma,Williams,student4015@university.com,Male,19,CS,64.76,63.42,43.99,91.8,92.73,9.96,52.42,72.97,F,13.2,Yes,Yes,Master's,Medium,10,4.5
S5016,Maria,Johnson,student4016@university.com,Male,22,Mathematics,64.26,82.42,97.44,,77.22,5.86,65.21,66.63,C,11.5,Yes,Yes,PhD,Medium,9,7.5
S5017,Ali,Brown,student4017@university.com,Female,19,Engineering,89.64,98.32,60.76,58.83,53.74,1.5,95.49,54.66,B,29.3,No,Yes,Master's,Medium,3,7.2
S5018,Ahmed,Davis,student4018@university.com,Female,23,Engineering,96.89,50.08,92.08,90.32,54.42,6.68,79.83,91.05,B,20.3,Yes,Yes,High School,Medium,2,4.8
S5019,Maria,Brown,student4019@university.com,Male,19,Mathematics,88.96,64.63,97.58,82.91,94.83,9.92,85.81,58.47,B,6.9,No,Yes,None,High,1,6.7
S5020,Liam,Johnson,student4020@university.com,Male,19,CS,80.28,45.71,96.6,66.71,93.79,6.05,92.11,75.75,A,18.1,No,Yes,Master's,Low,8,4.6
S5021,John,Brown,student4021@university.com,Male,19,CS,62.13,54.54,92.9,68.81,71.72,4.57,76.18,81.86,F,27.4,Yes,Yes,High School,Low,8,5.6
S5022,Maria,Smith,student4022@university.com,Female,18,Business,76.29,62.61,93.69,57.79,66.41,2.93,92.27,87.2,F,15.4,No,Yes,High School,Low,8,4.2
S5023,Sara,Brown,student4023@university.com,Female,22,CS,61.68,72.44,57.34,91.76,82.21,0.92,81.94,54.17,B,21.7,No,Yes,Bachelor's,High,3,7.1
S5024,Sara,Johnson,student4024@university.com,Female,23,Business,90.4,53.83,49.09,75.45,90.35,2.28,84.28,50.53,A,24.3,Yes,Yes,PhD,Medium,1,4.1
S5025,John,Brown,student4025@university.com,Male,19,CS,69.35,53.65,78.36,77.85,86.58,5.54,57.64,85.3,C,9.6,No,Yes,PhD,Low,9,5.3
S5026,Ali,Jones,student4026@university.com,Male,22,CS,91.68,86.67,69.29,94.17,80.78,7.54,96.95,72.72,A,26.4,No,No,PhD,Low,7,5.3
S5027,Ahmed,Williams,student4027@university.com,Female,20,Engineering,69.08,97.76,45.92,50.79,61.58,8.78,89.8,59.06,A,16.2,No,Yes,None,Low,6,7.7
S5028,Maria,Smith,student4028@university.com,Male,18,CS,91.21,59.42,80.65,53.35,63.13,7.94,62.71,99.1,B,6.4,No,Yes,,Medium,7,6.3
S5029,Sara,Jones,student4029@university.com,Male,24,Business,66.67,81.28,73.77,58.08,86.2,1.25,79,89.57,B,27,No,Yes,,Medium,6,6.9
S5030,Ali,Jones,student4030@university.com,Male,19,Engineering,,55.48,91.78,51.5,90.13,7.73,68.82,78.93,D,19.1,No,Yes,None,Low,4,5.2
S5031,John,Johnson,student4031@university.com,Male,23,Mathematics,,95.68,76.55,,55.81,5.82,83.02,85.11,F,10,Yes,Yes,High School,High,2,6.7
S5032,Omar,Williams,student4032@university.com,Female,18,Business,53.51,80.37,74.44,81.69,59.36,4.69,99.69,57.75,F,12.9,Yes,No,PhD,Medium,1,4.7
S5033,Emma,Williams,student4033@university.com,Male,23,CS,97.41,88.16,66.45,60.54,84.02,5.73,52.29,98.11,A,19.2,No,Yes,None,Medium,9,9
S5034,Omar,Davis,student4034@university.com,Female,24,Business,78.68,42.96,67.77,57.47,69.45,0.08,97.63,99.82,F,14.4,No,Yes,PhD,Medium,2,6.6
S5035,Omar,Smith,student4035@university.com,Female,24,Engineering,75.39,75.91,97.26,57.28,78.16,0.68,53.62,82.42,F,10.8,Yes,Yes,High School,Medium,6,8.4
S5036,Sara,Johnson,student4036@university.com,Male,18,Engineering,91.97,71.66,48.31,,80.74,5.26,73.04,83.42,A,17,No,Yes,None,Medium,8,4.5
S5037,Liam,Smith,student4037@university.com,Female,20,Business,93.29,57.58,66.77,84.68,88.81,1.74,74.11,85.22,A,9.6,No,Yes,,Low,7,7
S5038,Liam,Davis,student4038@university.com,Female,22,Engineering,76.11,55.75,79.35,79.27,90.29,5.46,63.44,83.29,D,11.1,No,Yes,Master's,Low,9,7.4
S5039,John,Brown,student4039@university.com,Male,18,Engineering,96.36,74.8,65.98,66.12,64,3.54,78.33,71.93,A,25.7,Yes,Yes,None,Medium,9,7.9
S5040,Maria,Jones,student4040@university.com,Female,21,Engineering,53.24,82.39,56.99,71.65,77.06,9.07,91.7,77.03,D,10.7,Yes,Yes,,Medium,4,6.4
S5041,Liam,Smith,student4041@university.com,Female,24,CS,55.66,41.99,57.24,54.47,56.18,9.5,64.7,64.14,C,22.4,No,Yes,Bachelor's,High,9,4.2
S5042,Omar,Jones,student4042@university.com,Female,20,CS,,74.04,54.02,99.91,92.1,9.8,53.52,72.34,D,11.3,No,Yes,High School,Low,10,5.3
S5043,Liam,Johnson,student4043@university.com,Female,24,Engineering,67.7,50.23,60.63,87.75,92.27,8.99,81.61,71.81,C,10.3,No,Yes,Master's,Medium,2,5.4
S5044,Omar,Brown,student4044@university.com,Female,21,CS,73.21,48.42,92.3,81.07,64.98,9.86,87.59,64.41,A,11.3,Yes,Yes,High School,Low,1,5.6
S5045,Ahmed,Johnson,student4045@university.com,Female,20,CS,66.4,77.39,70.31,79.39,58.03,7.06,97.73,89.34,D,16.7,No,Yes,,High,6,4.5
S5046,Sara,Brown,student4046@university.com,Female,24,CS,70.24,58.65,54.41,75.22,53.5,9.61,57.98,70.48,D,8.7,No,No,None,Medium,4,4
S5047,Sara,Brown,student4047@university.com,Female,21,Engineering,91.13,66.45,63.07,62.87,78.75,6.42,95.07,77.59,A,7.7,Yes,Yes,Master's,Medium,4,6.6
S5048,Maria,Jones,student4048@university.com,Male,21,CS,79.67,61.6,46.35,61.32,54.57,8.09,74.11,57.8,D,23.9,No,Yes,High School,Low,10,7.7
S5049,Liam,Johnson,student4049@university.com,Male,24,Business,99.87,78.9,94.24,,84.03,1.32,61.79,73.75,B,5.6,No,Yes,,Low,10,5.2
S5050,Liam,Johnson,student4050@university.com,Male,24,CS,89.34,68.21,64.49,53.51,83.91,6.83,98.14,88.07,A,14.6,Yes,Yes,,Medium,1,7.5
S5051,Emma,Smith,student4051@university.com,Female,23,Engineering,63.68,97.81,98.82,53.72,80.7,9.31,61.92,72.23,D,14.9,No,Yes,Bachelor's,Medium,6,7.7
S5052,Ali,Johnson,student4052@university.com,Female,18,Engineering,63.22,61.14,60.85,78.04,93.83,5.4,86.67,77.89,A,27.3,No,Yes,High School,High,3,6.1
S5053,Ahmed,Smith,student4053@university.com,Female,18,Engineering,66.79,84.42,90.18,95.99,68.91,1.87,89.24,85.09,F,24.4,No,Yes,PhD,Medium,7,6.6
S5054,Sara,Williams,student4054@university.com,Male,20,CS,,55.44,55.38,95.71,95.11,5.27,71.53,69.45,D,17.8,No,Yes,High School,Low,1,5.6
S5055,Ahmed,Williams,student4055@university.com,Male,22,Mathematics,51.36,70.53,44.57,50.54,51.85,7.07,84.5,67.66,D,17,No,Yes,High School,Medium,8,5.9
S5056,Sara,Williams,student4056@university.com,Male,24,Mathematics,61.51,73.15,41.9,55.37,55.64,7.7,78.62,54.29,C,19.1,No,Yes,PhD,High,9,6.9
S5057,Ahmed,Davis,student4057@university.com,Female,23,Business,95.25,59.75,76.37,79.15,70.61,5.24,59.6,79.11,A,13.9,No,Yes,Bachelor's,High,4,5.8
S5058,John,Johnson,student4058@university.com,Male,18,Mathematics,81.99,68.31,58.69,92.42,79.7,2.17,87.99,85.35,F,22.5,No,Yes,,Medium,5,6.5
S5059,Omar,Davis,student4059@university.com,Male,18,Engineering,61.34,56.76,66.61,97.72,51.62,9.27,96.4,79.06,A,22.2,No,Yes,PhD,Low,8,7.7
S5060,Sara,Johnson,student4060@university.com,Female,23,Engineering,60.96,40.36,89.12,93.03,78.37,7.74,74.43,64.18,D,19.4,No,Yes,Bachelor's,Medium,5,8.8
S5061,Ahmed,Smith,student4061@university.com,Male,19,Business,93.13,52.94,54.89,83.88,65.37,2.71,99.72,63.12,B,6.4,No,Yes,Master's,Medium,10,8.5
S5062,Liam,Davis,student4062@university.com,Female,23,Engineering,94.69,82,58.52,60.03,94.36,8.12,71.4,57.97,B,8.2,Yes,Yes,Master's,Medium,4,8.6
S5063,Ali,Davis,student4063@university.com,Male,18,Business,62.81,86.26,90.72,53.63,76.66,3.48,73.99,52.35,F,6,Yes,Yes,None,Low,5,8.6
S5064,John,Davis,student4064@university.com,Female,22,Business,71.03,56.81,69.57,52.38,79.39,3.12,83.69,71.34,A,23,Yes,Yes,PhD,Low,2,5.2
S5065,John,Brown,student4065@university.com,Female,19,Mathematics,91.73,64.48,89.66,,97.28,8.63,59.29,58.03,B,16.9,Yes,Yes,Master's,Medium,10,8.7
S5066,Ali,Smith,student4066@university.com,Female,21,CS,88.55,42.24,62.47,51.81,88.21,8.73,95.1,84.54,A,28.9,No,Yes,High School,Medium,2,5.1
S5067,Ahmed,Williams,student4067@university.com,Female,23,Business,90.7,54.22,63.9,86.96,71.91,3.98,90.06,98.09,B,28.8,No,Yes,Bachelor's,Low,1,8.3
S5068,Liam,Smith,student4068@university.com,Female,21,Engineering,75.92,86.75,50.03,85.62,73.84,0.09,93.62,53.67,D,25,Yes,Yes,Master's,Low,4,6.9
S5069,Maria,Brown,student4069@university.com,Male,19,Engineering,95.58,76.36,94.98,,82.4,1.87,80.48,94.65,A,16.1,Yes,Yes,Master's,Medium,10,8.2
S5070,Ali,Johnson,student4070@university.com,Female,19,CS,66.3,52.35,93.81,95.33,60.01,9.09,94.19,82.89,F,12.9,No,Yes,PhD,Medium,8,8.9
S5071,Ahmed,Smith,student4071@university.com,Female,19,Business,57.83,55.45,99.05,,54.43,8.99,84,93.01,D,10,No,No,High School,Medium,10,8.4
S5072,Ali,Davis,student4072@university.com,Female,20,Mathematics,85.44,89.01,64.15,95.22,65.56,4.53,75.58,57.75,A,10.8,No,Yes,Master's,Low,10,8.1
S5073,Ali,Williams,student4073@university.com,Female,23,CS,76.97,52.55,89.12,95.08,88.92,3.04,96.59,95.32,D,29.8,No,Yes,High School,Medium,10,5
S5074,Sara,Williams,student4074@university.com,Male,24,Engineering,92.73,60.05,64.9,59.85,62.87,3.03,71.99,97.89,A,18.3,No,Yes,Bachelor's,High,10,8.3
S5075,Ahmed,Johnson,student4075@university.com,Female,22,CS,54.06,79.86,67.26,69.03,56.54,8.97,75.03,95.34,F,5.3,No,Yes,Bachelor's,Low,2,4.8
S5076,Maria,Smith,student4076@university.com,Male,22,Mathematics,92.18,73.67,89.8,56.73,60.95,3.25,58.48,89.27,A,6.1,No,Yes,Bachelor's,Low,7,6.6
S5077,Omar,Brown,student4077@university.com,Female,21,Engineering,64.66,67.65,50.64,88.75,83.95,5.12,97.38,54.52,D,16.5,No,Yes,None,High,8,6.5
S5078,Sara,Johnson,student4078@university.com,Female,21,CS,82.74,93.98,53.22,75.21,80.7,7.31,61.05,61.04,A,16.1,No,Yes,PhD,Medium,10,6.6
S5079,Ali,Smith,student4079@university.com,Male,24,CS,52.01,53.18,58.88,,84.42,2.09,60.07,95.66,D,15.1,No,No,Bachelor's,Medium,1,7.6
S5080,Omar,Jones,student4080@university.com,Male,21,Engineering,80.48,84.49,87.29,,66.1,2.54,55.06,61.47,D,25.6,No,Yes,None,Medium,3,6
S5081,Emma,Williams,student4081@university.com,Male,23,CS,85.86,49.54,62.36,,95.04,3.58,72.67,67.39,B,22.6,No,Yes,None,Low,6,6.3
S5082,Omar,Brown,student4082@university.com,Female,18,Engineering,68.44,76.94,61.49,99.46,72.59,6.54,63.68,52.52,F,7.7,No,Yes,PhD,Low,7,7.3
S5083,Ali,Davis,student4083@university.com,Male,21,Mathematics,,92.24,99.93,83.27,75.69,8.17,87.04,81.4,C,14.1,No,Yes,Bachelor's,Low,5,7.4
S5084,Ali,Brown,student4084@university.com,Female,19,Business,76.88,67.47,63.03,53.44,97.44,5.47,65.38,78.17,F,19.9,Yes,Yes,PhD,Low,7,6.2
S5085,Liam,Davis,student4085@university.com,Male,21,CS,91.66,83.46,54.87,79.42,98.96,1.33,86.04,98.09,B,14.6,No,Yes,PhD,Low,6,4.3
S5086,Ahmed,Brown,student4086@university.com,Male,19,Mathematics,66.18,89.22,77.39,58.99,83.08,4.46,59.8,94.62,A,10.2,No,Yes,,High,7,5.3
S5087,Ahmed,Williams,student4087@university.com,Female,20,Engineering,62.62,48.16,88.11,51.53,97.24,1.28,61.5,75.3,D,20.7,No,No,PhD,Low,4,8.7
S5088,Sara,Davis,student4088@university.com,Male,18,CS,,82.35,44.18,66.75,77.08,0.88,90.31,80.47,F,20.1,No,Yes,,Low,2,8.6
S5089,Maria,Smith,student4089@university.com,Male,18,CS,97.46,95.19,77.13,,65.36,5.9,68.55,70.66,B,29.4,No,No,Bachelor's,Low,8,7.2
S5090,Sara,Davis,student4090@university.com,Female,24,CS,67.96,74.58,42.14,,65.75,9.56,55.59,56.62,C,19,No,Yes,PhD,Low,1,4.9
S5091,John,Johnson,student4091@university.com,Female,23,Business,,51.17,71.58,68.68,77.95,8.38,98.07,93.39,F,26.9,No,Yes,None,Low,4,4.5
S5092,Ali,Smith,student4092@university.com,Female,23,CS,,47.62,55.42,86.65,80.25,7.74,58.87,77.48,D,28.7,Yes,Yes,Bachelor's,Low,4,8.7
S5093,Omar,Johnson,student4093@university.com,Male,22,CS,84.96,55.58,58.4,50.81,71.98,7.27,57.51,71.27,A,15.9,No,Yes,High School,Medium,1,8.4
S5094,Emma,Brown,student4094@university.com,Male,20,Business,56.43,46.21,68.03,50.74,94.19,8.97,67.92,53.42,D,6.3,No,Yes,None,Medium,8,6
S5095,Ali,Smith,student4095@university.com,Male,24,Engineering,99.25,70.8,95.63,51.47,71.33,7.53,54.78,83.27,A,8.6,No,Yes,High School,Low,6,7.1
S5096,Ali,Brown,student4096@university.com,Male,23,Business,80.4,44.18,82.64,60.97,63.67,6.27,57.78,69.98,D,17.6,Yes,Yes,High School,Medium,2,8.6
S5097,Sara,Jones,student4097@university.com,Male,19,Business,75.04,53.4,96.21,68.7,50.4,3.65,92.32,62.68,A,27.3,No,Yes,Master's,Low,4,4.7
S5098,Emma,Brown,student4098@university.com,Female,20,CS,69.11,66.39,79.6,80.39,98.53,1.01,58.58,93.84,D,21.4,No,Yes,High School,Medium,7,7.2
S5099,Emma,Brown,student4099@university.com,Male,18,Business,94.93,68.43,40.43,99.3,91.22,4.61,55.57,59.18,A,10,Yes,Yes,,Low,9,8.6
S5100,Emma,Johnson,student4100@university.com,Female,19,CS,62.2,73.92,55.94,67.72,80.78,9.25,94,75.75,B,22.5,No,Yes,PhD,Medium,7,8.2
S5101,Sara,Davis,student4101@university.com,Male,24,Engineering,64.29,82.34,94.35,52.78,91.53,5.83,72.19,89.79,A,27.4,No,Yes,,Medium,2,5.4
S5102,Ali,Jones,student4102@university.com,Female,24,Engineering,56.12,42.83,78.61,59.75,90.51,1.85,57.86,92.45,C,5.8,Yes,Yes,,Low,1,8.8
S5103,Sara,Brown,student4103@university.com,Male,20,CS,87.96,44.84,98.9,94.89,96.59,6.49,79.08,90.94,A,11.1,No,Yes,,Low,10,5
S5104,Ahmed,Brown,student4104@university.com,Male,18,Mathematics,79.78,43.65,49.36,,69.3,4.65,52.08,94.83,B,8.8,No,Yes,,Low,7,5
S5105,Ahmed,Jones,student4105@university.com,Female,23,Engineering,80.45,65.39,57.8,89.51,77.74,9.31,71.37,57.12,F,24.6,Yes,Yes,,Medium,9,4.5
S5106,Sara,Jones,student4106@university.com,Male,19,CS,60.92,42.51,61.74,56.21,54.93,1.61,79.52,97.02,F,27.3,No,Yes,High School,High,2,4.6
S5107,Emma,Smith,student4107@university.com,Female,19,Mathematics,82.56,84.76,59.59,,98.27,7.12,97.86,50.54,D,18.9,No,Yes,High School,High,3,7.8
S5108,Liam,Johnson,student4108@university.com,Male,18,Engineering,88.27,53.38,55.12,55.61,99.26,6.82,66.32,62.8,B,26.2,No,Yes,None,Medium,4,5.4
S5109,Ali,Jones,student4109@university.com,Male,19,Engineering,67.89,96.35,66.61,92.86,89.45,9.84,88.25,54.2,F,21.4,No,Yes,None,High,9,8.3
S5110,Sara,Jones,student4110@university.com,Female,23,Engineering,90.07,69.18,78.54,60.5,72.71,5.65,56.63,97.28,A,21.4,No,No,Bachelor's,High,7,8.3
S5111,Sara,Williams,student4111@university.com,Male,23,Business,67.44,66.78,58.68,82.16,74.83,8.72,71.68,71.2,F,19.5,No,Yes,Bachelor's,Medium,2,4.6
S5112,Sara,Davis,student4112@university.com,Female,23,CS,87.91,86.83,44.78,75.81,71.77,0.25,61.16,65.76,A,6.3,Yes,Yes,Bachelor's,Low,4,6.7
S5113,Liam,Jones,student4113@university.com,Male,18,CS,51.69,82.79,82.51,77.22,64.67,1.23,74.62,58.35,D,28.4,Yes,Yes,High School,High,4,7.7
S5114,Liam,Johnson,student4114@university.com,Male,21,Engineering,,76.44,67.54,59.77,76.39,3.46,70.86,57.79,D,13.9,Yes,Yes,None,Low,4,7.4
S5115,John,Davis,student4115@university.com,Male,21,CS,98.48,96.11,73.39,81.76,52.67,6.19,98.99,80.7,A,25.1,Yes,Yes,,Medium,10,4.5
S5116,Ahmed,Davis,student4116@university.com,Male,24,Business,99.06,65.34,67.32,52.16,99.59,4.49,95.87,52.35,B,25.2,Yes,Yes,,Medium,7,5.6
S5117,Omar,Brown,student4117@university.com,Male,24,CS,64.09,88.51,93.42,99.67,71.2,2.03,79.11,79.72,C,29.1,Yes,Yes,,High,6,7.1
S5118,Emma,Brown,student4118@university.com,Male,19,CS,72.07,62.81,73.52,51.34,96.37,5.89,58.83,88.73,D,13.2,No,Yes,Bachelor's,Medium,2,6.9
S5119,Maria,Brown,student4119@university.com,Male,23,CS,53.15,90.3,95.4,52.51,86.21,5.67,77.85,80.05,D,29.9,No,Yes,Bachelor's,Low,10,8.1
S5120,Liam,Brown,student4120@university.com,Female,19,Business,93.67,55.57,70.63,66.23,64.5,5.24,89.6,91.33,B,12.5,No,Yes,None,Low,2,4.3
S5121,Omar,Williams,student4121@university.com,Male,18,Business,78.43,57.36,57.56,91.58,61.1,0.91,51.9,63.26,C,16.3,Yes,No,PhD,Low,3,6.4
S5122,Liam,Jones,student4122@university.com,Male,19,CS,69.26,80.67,61.33,62.86,99.78,9.27,71.7,53.86,A,22.7,No,Yes,PhD,Medium,10,8.2
S5123,Emma,Brown,student4123@university.com,Male,22,Engineering,55.64,52.76,71.33,73.6,88.61,5.92,52.13,86.05,C,8.9,Yes,Yes,Bachelor's,Low,1,9
S5124,Maria,Smith,student4124@university.com,Female,21,CS,97.34,53.75,71.8,,62.48,2.64,62.2,91.41,B,11.7,No,Yes,,Medium,9,4.6
S5125,John,Brown,student4125@university.com,Female,19,Engineering,76.51,58.32,81.24,,53.37,6.87,54.61,75.08,B,23.2,No,No,PhD,Medium,7,7.2
S5126,Sara,Jones,student4126@university.com,Male,19,CS,64.15,80.74,53.47,80.4,84.85,3.18,98.03,91.03,B,29.4,Yes,Yes,Bachelor's,Medium,7,4
S5127,John,Brown,student4127@university.com,Male,20,Engineering,67.51,93.36,79.53,,65.15,5.06,58.44,72.9,B,23.3,Yes,Yes,,Low,9,5.7
S5128,Liam,Williams,student4128@university.com,Male,19,Engineering,63.53,80.47,86.72,84.71,61.07,3.41,57.51,59.93,C,26.6,No,No,,Medium,7,6.2
S5129,John,Johnson,student4129@university.com,Female,22,Mathematics,80.09,89.67,80.6,89.27,86.75,8.8,98.6,73.72,D,5.9,Yes,Yes,,Medium,1,5.7
S5130,Omar,Johnson,student4130@university.com,Male,21,CS,96.5,72.61,68.91,92.52,83.96,9.94,75.8,60.8,A,19.4,No,No,Master's,Medium,4,7.1
S5131,Ali,Jones,student4131@university.com,Female,20,Business,,44.14,99.5,56.69,74.07,1.61,87.9,73.6,A,27.9,Yes,Yes,PhD,High,9,4.1
S5132,Liam,Johnson,student4132@university.com,Male,18,Engineering,73.02,46.03,64.29,72.78,97.13,0.24,66.37,57.38,B,22.1,No,No,High School,Low,6,8.5
S5133,Liam,Johnson,student4133@university.com,Female,24,Mathematics,91.32,73.26,46.4,97.35,83.98,2.19,76.64,59.28,A,21.9,No,Yes,High School,Low,8,5.6
S5134,Omar,Smith,student4134@university.com,Female,18,CS,71.16,59.67,89.29,88.6,94.67,5.9,50.34,94.15,F,10.1,No,Yes,High School,Medium,3,4.8
S5135,Ahmed,Jones,student4135@university.com,Male,21,CS,62.62,53.23,52.73,55.85,59.53,1.74,70.44,55.79,F,26.5,Yes,Yes,High School,High,6,6.2
S5136,Maria,Jones,student4136@university.com,Male,24,Business,99.17,67.98,82.8,75.13,64.83,8.11,77.75,61.21,A,26.6,No,Yes,Master's,Low,4,6.6
S5137,Sara,Johnson,student4137@university.com,Male,18,CS,65.19,79.99,50.74,96.12,55.23,4.09,75.72,99.78,A,20.4,No,Yes,None,Medium,8,4.3
S5138,Omar,Johnson,student4138@university.com,Male,22,CS,66.19,63.1,41.01,72,65.23,6.11,70.29,78.8,A,15.7,No,Yes,,Low,3,8
S5139,Maria,Johnson,student4139@university.com,Male,19,CS,99.48,88.15,49.59,91.87,98.59,4.56,89.4,79.29,B,25.6,No,Yes,High School,Low,5,7.7
S5140,Emma,Davis,student4140@university.com,Male,21,Business,56.7,84.31,62.62,74.79,98.14,9.03,75.08,92.25,F,16.6,No,Yes,,High,2,6.6
S5141,Maria,Williams,student4141@university.com,Male,24,CS,88.03,84.09,46.4,55.34,88.02,0.35,81.81,76.22,B,25.6,No,Yes,PhD,Medium,7,4.9
S5142,Emma,Brown,student4142@university.com,Female,20,Business,96.79,99.11,51.86,57.39,76.05,7.29,59.23,61.09,A,17.1,No,Yes,PhD,Medium,9,8.6
S5143,Omar,Williams,student4143@university.com,Male,19,Engineering,75.59,57.71,85.88,52.33,89.04,6.52,93.08,71.12,C,19.5,No,Yes,,Medium,5,8
S5144,Liam,Jones,student4144@university.com,Male,18,CS,50.13,78.68,86.19,59.77,77.67,6.5,68.14,87.75,D,23.7,No,Yes,PhD,Medium,9,5.2
S5145,Liam,Smith,student4145@university.com,Female,18,Engineering,68.75,91.33,89.05,94.68,50.18,4.14,74.11,93.62,F,11.6,No,Yes,Bachelor's,Low,2,7.7
S5146,Ahmed,Brown,student4146@university.com,Male,20,CS,55.58,74.77,90.47,82.51,75.08,0.16,67.61,63.66,D,11.2,No,Yes,,High,8,4.5
S5147,Omar,Smith,student4147@university.com,Male,22,Engineering,70.81,87.37,65.23,86.94,79.95,6.89,94.6,63.1,D,21.7,No,Yes,PhD,Medium,3,4.6
S5148,Emma,Davis,student4148@university.com,Male,20,Engineering,,64.87,92.05,81.08,63.29,8.29,95.04,66.38,B,28.8,No,Yes,Master's,Low,10,6.2
S5149,Maria,Jones,student4149@university.com,Male,21,Engineering,71.94,75.43,71.56,69.33,60.16,0.85,61.21,79.81,F,16.2,Yes,Yes,Bachelor's,Low,5,7.5
S5150,Maria,Davis,student4150@university.com,Female,20,CS,71.6,43.34,68.24,60.84,63.69,4.42,87.64,63.93,D,27.5,No,Yes,None,Low,3,8.6
S5151,Emma,Jones,student4151@university.com,Female,18,Engineering,,99.15,83.11,96.28,81.18,1.63,55.14,94.66,D,18,No,Yes,High School,Low,5,8.9
S5152,John,Smith,student4152@university.com,Male,22,Business,79.08,88,52.83,75.74,57.3,6.11,51.49,98.9,A,29.3,No,Yes,PhD,Low,5,7.5
S5153,Ahmed,Smith,student4153@university.com,Male,22,Business,92.81,92.13,87.37,74.05,86.02,7.86,91.83,83.96,A,24.8,Yes,Yes,None,Low,1,7.9
S5154,Ali,Smith,student4154@university.com,Female,23,Business,65.42,81.66,65.77,99.81,71.13,6.67,56.56,98.51,B,26.5,No,Yes,None,Medium,8,6.6
S5155,Liam,Jones,student4155@university.com,Male,20,CS,91.08,51.16,47.64,69.2,67.67,3.18,57.74,64.39,A,22,Yes,No,High School,High,7,4.3
S5156,Sara,Johnson,student4156@university.com,Female,21,Business,78.3,41.86,47.16,92.71,90.36,1.4,80.33,90.76,C,26.7,No,Yes,None,Medium,8,4.6
S5157,Maria,Smith,student4157@university.com,Female,18,CS,65.03,91.88,49.89,93.12,75.3,7.94,90.84,83.92,C,19.8,No,Yes,PhD,Medium,3,8.9
S5158,Sara,Davis,student4158@university.com,Female,19,CS,64.76,63.78,93.43,61.63,68.92,3.24,59.48,63.16,A,19.2,No,Yes,Bachelor's,Low,7,6
S5159,Ali,Brown,student4159@university.com,Male,22,Business,68.06,55.83,99.46,54.74,93.91,0.22,55.71,65.92,D,26.8,No,No,PhD,Low,7,7.9
S5160,Omar,Jones,student4160@university.com,Male,20,Mathematics,81.13,73.7,61.42,,68.41,5.71,53.87,74.43,F,5.4,No,Yes,Master's,Low,2,5.1
S5161,Sara,Davis,student4161@university.com,Male,23,Engineering,61.54,65.25,57.53,71.29,92.95,2.47,51.24,89.58,C,17,No,Yes,,High,3,6.7
S5162,Ali,Williams,student4162@university.com,Female,21,CS,96.02,79.1,53.13,50.11,75.21,8.41,55.82,93.61,A,26.8,No,No,High School,High,6,4.8
S5163,Liam,Williams,student4163@university.com,Male,21,CS,78.75,69.03,89.43,74.95,60.4,1.43,97.13,81.7,B,9.9,No,Yes,Master's,Medium,4,8
S5164,Emma,Brown,student4164@university.com,Male,24,Engineering,96,81.83,52.55,80.97,80.64,4.35,54.76,86.08,A,29,No,Yes,None,Low,4,4.8
S5165,John,Johnson,student4165@university.com,Female,18,Business,52.32,91.21,95.45,88.8,64.27,2.53,79.88,63.19,C,23.5,No,Yes,None,Medium,1,7.5
S5166,Liam,Smith,student4166@university.com,Male,22,CS,67.13,51.73,80.04,97.15,57.36,6.9,96.05,87.05,C,24.1,Yes,No,Bachelor's,Medium,8,4.8
S5167,Maria,Jones,student4167@university.com,Male,18,Business,51.14,59.77,93.83,,54.33,5.49,81.39,80.25,C,21.6,No,No,High School,High,2,8.1
S5168,Ali,Davis,student4168@university.com,Male,23,CS,63.61,66.21,73.24,97.01,62.08,7.91,51.64,61.15,F,16.2,No,Yes,PhD,Medium,6,6.5
S5169,Sara,Smith,student4169@university.com,Female,19,Business,93.1,97.72,81.44,51.61,86.83,4.59,79.82,97.51,A,16.5,Yes,Yes,None,Medium,10,6.1
S5170,Maria,Davis,student4170@university.com,Male,19,Mathematics,51.83,61.92,77.17,85.59,91.9,0.05,95.15,75.64,D,26,Yes,Yes,Master's,Medium,10,5.7
S5171,John,Jones,student4171@university.com,Female,19,Engineering,71.81,62.87,89.87,,93.09,2.15,66.13,89.72,B,8.5,No,Yes,,Medium,1,7.4
S5172,Emma,Williams,student4172@university.com,Female,21,CS,55.88,79.21,90.15,59.38,63.51,9.99,65.68,76.28,D,18.1,No,Yes,PhD,Medium,1,4.4
S5173,Omar,Smith,student4173@university.com,Female,22,Business,70.84,65.15,75.39,90.02,83.05,4.05,62.44,96.65,D,12.7,Yes,Yes,Master's,Medium,10,8.3
S5174,Maria,Brown,student4174@university.com,Male,18,Engineering,91.94,97.07,77.95,70.86,61.52,6.2,75.28,57.06,A,29.6,No,Yes,High School,High,2,7.8
S5175,Omar,Johnson,student4175@university.com,Male,18,Engineering,81.15,93.67,95.31,95.83,81.14,9.05,61.9,77.31,F,5.1,No,Yes,Bachelor's,Low,6,5.9
S5176,Ali,Brown,student4176@university.com,Male,23,Engineering,86.84,70.8,95.79,52.12,94.36,0.21,86.19,51.26,B,6.6,No,Yes,Master's,High,4,8.9
S5177,John,Johnson,student4177@university.com,Female,19,CS,67.46,78.69,79.85,90.11,52.04,6.6,82.24,59.87,B,29.2,No,Yes,,Medium,8,8.2
S5178,Sara,Davis,student4178@university.com,Female,22,Business,97.22,43.48,40.47,,99.26,2.88,70.04,64.05,A,18.6,Yes,Yes,PhD,Medium,7,5.4
S5179,John,Smith,student4179@university.com,Male,22,CS,85.46,81.74,46.26,58.83,91.35,2.79,86.13,73.63,B,8.5,No,Yes,None,High,4,8.4
S5180,John,Smith,student4180@university.com,Female,23,Mathematics,71.09,82.43,91.48,73.87,88.08,2.25,54.92,91.01,C,16.2,Yes,Yes,High School,High,4,4.5
S5181,Ahmed,Johnson,student4181@university.com,Male,20,CS,71.32,61.55,45.08,69.78,84.57,8.23,87.48,73.33,A,13.1,No,Yes,Master's,Medium,5,7.4
S5182,John,Williams,student4182@university.com,Male,22,Business,95.93,53.18,52.81,74.31,88.51,3.73,80.15,78.06,A,27.8,No,Yes,PhD,High,7,4.7
S5183,John,Jones,student4183@university.com,Male,22,CS,78.82,94.9,53.83,97,99.73,0.67,81.5,96.2,C,22.2,No,Yes,None,Low,10,8.9
S5184,Liam,Brown,student4184@university.com,Male,18,CS,,65.6,76.01,82.87,88.51,0.97,53.23,87.83,F,8.3,Yes,Yes,PhD,Medium,9,4.2
S5185,Maria,Davis,student4185@university.com,Male,23,CS,,79.22,74.6,64.52,67.58,1.49,80.91,52.51,C,18.4,No,Yes,None,Low,5,5.2
S5186,Sara,Brown,student4186@university.com,Male,22,Business,61.18,42,57.37,58.65,80.7,8.99,74.71,58.82,C,8.4,No,Yes,Bachelor's,Low,3,6.7
S5187,Liam,Brown,student4187@university.com,Male,22,Engineering,86.18,64.84,52.46,71,66.85,4.27,74.29,51.91,A,21.6,No,Yes,Bachelor's,High,9,6.9
S5188,Liam,Davis,student4188@university.com,Female,18,Business,80.39,89.04,85.87,72.58,98.5,9.16,66.09,53.45,B,23.2,No,Yes,,Low,1,6.6
S5189,Maria,Davis,student4189@university.com,Male,22,CS,75.07,63.25,96.13,,95.01,8.17,50.38,66.94,D,19.1,No,Yes,None,Medium,2,7.7
S5190,Maria,Smith,student4190@university.com,Female,18,Engineering,81.2,76.19,43.17,,78.38,8.38,71.13,86.39,C,29.1,No,Yes,None,Low,4,4
S5191,Ali,Brown,student4191@university.com,Female,20,Business,60.41,52.59,47.99,88.38,89.06,2.87,70.05,62.22,F,28.6,Yes,Yes,,Medium,6,6.8
S5192,Maria,Jones,student4192@university.com,Male,21,CS,89.7,64.99,78.53,54.92,95.48,2.71,71.14,69.61,A,10.1,No,Yes,High School,Low,3,7.1
S5193,Ahmed,Jones,student4193@university.com,Female,24,Engineering,97.41,95.66,88.27,78.02,62.18,5.6,80.6,69.69,A,5,No,No,Bachelor's,Medium,10,5
S5194,Ahmed,Johnson,student4194@university.com,Female,18,Engineering,94.56,73.99,87.47,81.18,78.97,4.18,65,79.52,A,21.6,No,Yes,Bachelor's,Medium,3,7.3
S5195,Liam,Davis,student4195@university.com,Female,18,CS,66.07,94.12,83.18,60.34,74.09,5.09,63.47,94.65,B,16.9,No,Yes,,Medium,9,7.3
S5196,Omar,Smith,student4196@university.com,Male,22,CS,70.3,94.12,93.25,91.3,88.58,0.53,74.89,99.16,D,13.4,No,Yes,None,High,3,6.7
S5197,Ali,Jones,student4197@university.com,Male,18,Engineering,,96.65,53.04,80.77,68.95,9.72,79.62,80.23,A,27.9,Yes,Yes,Master's,Low,5,5.3
S5198,Omar,Williams,student4198@university.com,Male,23,CS,79.76,93.72,46.44,82.29,85.45,0.58,78.37,75.25,B,29.5,No,Yes,High School,Medium,3,6.1
S5199,Omar,Smith,student4199@university.com,Male,19,Business,77.4,40.2,76.92,74.89,70.15,1.79,94.08,84.09,F,28.3,No,Yes,None,Medium,1,5.4
S5200,Liam,Smith,student4200@university.com,Male,19,Mathematics,96.33,96.04,89.34,95.48,55.55,6.78,88.46,83.4,B,17.5,Yes,Yes,None,Medium,5,7.8
S5201,Emma,Jones,student4201@university.com,Female,20,Engineering,,48.25,74.92,84.7,55.36,1.56,52.61,76.2,B,22.6,No,Yes,Bachelor's,High,5,7.1
S5202,Liam,Williams,student4202@university.com,Female,18,Engineering,75.75,42.4,97.78,69.09,55.95,1.07,78.17,86.85,D,9.3,No,Yes,PhD,Medium,3,4.8
S5203,Sara,Johnson,student4203@university.com,Male,23,CS,52.1,43.32,87.73,61.93,51.63,1.54,70.89,74.56,F,28.8,Yes,No,,High,9,6.8
S5204,Sara,Jones,student4204@university.com,Female,22,Business,53.47,60.93,82.05,53.55,76.65,0.62,68.05,99.82,D,12.1,No,No,None,Medium,10,8.5
S5205,Maria,Williams,student4205@university.com,Female,22,CS,50.37,77.25,43.62,58.27,83.6,2.51,97.89,52.45,D,9.8,No,Yes,,Medium,4,8.2
S5206,Maria,Smith,student4206@university.com,Female,24,Engineering,95.66,64.14,46.46,99.63,56.34,2.71,72.84,72.16,A,6.5,No,Yes,PhD,Low,3,8.5
S5207,Emma,Williams,student4207@university.com,Female,21,Mathematics,70.42,41.53,87.09,70.34,80.59,4.99,85.97,69.85,F,18.8,Yes,Yes,Master's,High,5,8.6
S5208,Maria,Smith,student4208@university.com,Male,20,Engineering,73.43,68.59,51.89,94.93,79.89,4.39,98.35,88.52,C,28.7,No,Yes,Bachelor's,Low,7,4.9
S5209,Sara,Jones,student4209@university.com,Male,23,Business,,66.53,41.73,,57.35,4.74,57.55,59.54,F,8.4,No,Yes,Master's,High,2,7.6
S5210,Omar,Davis,student4210@university.com,Male,23,Engineering,80.46,85.41,94.65,71.27,70.2,6.16,52.73,71.7,A,8,No,Yes,High School,Medium,5,7.2
S5211,Liam,Jones,student4211@university.com,Female,24,CS,80.48,56.78,93.45,98.03,87.76,2.31,65.68,84.9,C,11.8,Yes,Yes,PhD,Medium,3,4.2
S5212,John,Brown,student4212@university.com,Female,24,Business,64.83,53.05,53.11,54.56,50.84,1.35,52.22,80.16,B,21.6,No,Yes,High School,Low,9,7.9
S5213,Ahmed,Brown,student4213@university.com,Male,22,CS,91.7,55.36,86.81,,57.35,8.79,55.84,77.26,B,18.7,No,Yes,,Low,8,5
S5214,John,Brown,student4214@university.com,Male,21,Business,58.29,58.22,42.88,95.96,99.79,6.34,99.59,71.75,F,7.4,No,Yes,Master's,Low,9,8.6
S5215,John,Jones,student4215@university.com,Female,22,CS,52.66,75.95,57.1,97.48,86.68,0.61,98.01,87.6,F,16.1,No,Yes,,High,6,8.2
S5216,Sara,Johnson,student4216@university.com,Male,21,Business,59.58,68.29,77.42,92.3,73.21,9.61,84.56,82.32,C,6.7,Yes,Yes,High School,Low,4,7.8
S5217,John,Jones,student4217@university.com,Male,19,CS,63.39,60.21,85.79,,81.49,6.93,87.65,93.74,D,26.3,No,No,,Low,9,7.5
S5218,Liam,Davis,student4218@university.com,Female,23,Engineering,64.12,62.46,40.62,82.61,92.31,1.52,57.02,86.65,C,7.7,Yes,Yes,Master's,Low,4,6.4
S5219,Emma,Williams,student4219@university.com,Female,24,Engineering,83.53,62.26,59.57,61.02,92.12,9.69,79.76,57.02,C,16.8,No,No,PhD,High,4,8
S5220,Ali,Jones,student4220@university.com,Male,19,Engineering,60.89,98.34,52.86,86.53,66.24,3.65,57.72,80.98,A,17.8,No,Yes,,Medium,2,8.1
S5221,Maria,Jones,student4221@university.com,Female,22,CS,83.83,53.98,99.93,98.92,74.56,9.85,68.92,52.23,F,18.3,No,Yes,None,Low,1,4.5
S5222,Ali,Smith,student4222@university.com,Male,20,Engineering,54.56,89.08,80.26,76.3,81.9,1.03,67.27,69.37,F,20.2,No,Yes,Master's,Medium,10,5.7
S5223,Omar,Smith,student4223@university.com,Female,18,CS,57.36,82.49,64.34,,53.59,1.6,80.7,70.6,D,22.5,No,No,None,Low,4,5.6
S5224,Liam,Smith,student4224@university.com,Female,20,Engineering,75.44,40.33,44.54,78.67,97.29,6.57,53.98,92.74,A,5.1,Yes,Yes,High School,Low,6,4.6
S5225,Liam,Jones,student4225@university.com,Male,20,CS,,99.59,75.92,84.53,71.64,0.22,55.17,59.02,F,5.8,No,Yes,None,Medium,4,8.9
S5226,Ahmed,Johnson,student4226@university.com,Female,18,Engineering,92.98,85.39,78.5,60.41,68.54,0.19,80.5,82.18,A,20.3,No,Yes,,Low,4,6.9
S5227,Liam,Williams,student4227@university.com,Male,23,CS,98.44,80.95,88.98,85.96,95.36,7.92,81.81,59.62,A,9.6,No,Yes,,Low,2,6.9
S5228,Maria,Williams,student4228@university.com,Female,19,Mathematics,82.52,64.32,57.31,79.37,55.91,1.68,66.99,97.43,F,25.8,Yes,Yes,High School,Low,3,5.9
S5229,Liam,Davis,student4229@university.com,Male,19,Engineering,83.79,73.31,98.89,80.62,51.96,9.19,57.34,76.47,C,20.7,No,Yes,Master's,Medium,3,7.8
S5230,John,Johnson,student4230@university.com,Female,23,CS,81.25,55.2,66.37,65.3,84.25,4.26,94.3,85.41,D,29.5,Yes,Yes,,High,7,6.4
S5231,Ahmed,Johnson,student4231@university.com,Female,18,Engineering,,42.13,57.76,57.76,69.25,8.74,52.65,82.33,D,23.2,No,Yes,Bachelor's,Medium,4,7.7
S5232,Maria,Williams,student4232@university.com,Male,21,Business,57.36,90.16,60.91,81.17,88.22,4.18,85.87,65.18,D,7.3,No,No,Bachelor's,Low,3,8.4
S5233,Emma,Brown,student4233@university.com,Female,20,CS,77.19,93.79,71.18,79.31,53.43,5.3,57,95.06,A,9.3,No,Yes,,Medium,5,7.3
S5234,Emma,Smith,student4234@university.com,Male,22,Engineering,69.3,49.75,96.2,66.9,69.19,3.17,81.87,81.36,C,6.2,No,Yes,,Low,4,7.1
S5235,Emma,Smith,student4235@university.com,Female,19,Engineering,72.13,87.22,84.11,64.79,61.77,6.58,83.18,75.52,A,23.5,No,Yes,High School,Medium,1,7.9
S5236,Emma,Williams,student4236@university.com,Female,23,CS,76.18,84.47,74.63,67.36,86.98,3.18,90.21,76.42,C,8.2,Yes,Yes,None,Medium,6,6.5
S5237,John,Johnson,student4237@university.com,Male,22,Business,56.42,50.7,49.77,74.49,61.36,2.23,69.75,94.53,D,21.6,Yes,Yes,None,Medium,5,8.1
S5238,Liam,Davis,student4238@university.com,Female,24,CS,67.97,65.31,48.96,98.74,72.9,0.81,51.09,52.96,D,18.9,No,Yes,Master's,Low,7,4.5
S5239,Ali,Brown,student4239@university.com,Female,18,CS,53.17,65.37,70.13,88.18,90.94,0.58,90.55,69.45,D,20.8,No,Yes,High School,High,8,5.2
S5240,Maria,Williams,student4240@university.com,Male,22,Business,98.98,85.6,83.72,92.59,95.77,3.06,72.2,92.08,B,17.7,Yes,Yes,,Low,3,8.6
S5241,John,Smith,student4241@university.com,Female,22,Engineering,55.93,90.26,85.06,75.28,86.13,7.36,92.35,51.88,D,5.3,Yes,Yes,Master's,Low,4,4.9
S5242,Emma,Jones,student4242@university.com,Male,20,Business,62.93,45.69,53.55,76.31,71.46,2.06,88.8,81.96,A,11.3,Yes,Yes,PhD,High,5,6.3
S5243,Omar,Johnson,student4243@university.com,Male,18,Engineering,94.56,73.78,46.01,60.22,78.6,2.99,74.92,70.16,A,27.1,No,Yes,Master's,High,8,6.4
S5244,Liam,Jones,student4244@university.com,Male,22,Business,74.14,85.7,63.07,,84.48,9.05,99.97,60.23,F,28.2,Yes,Yes,,Low,10,6.1
S5245,Ali,Davis,student4245@university.com,Female,19,Business,56.78,87.17,95.09,71.08,93.75,6.39,73.1,80.57,C,7.4,No,No,Bachelor's,Medium,7,8.3
S5246,Omar,Williams,student4246@university.com,Female,18,CS,69.21,48.88,72.72,87.12,94.43,9.2,84.83,91.55,D,28.8,No,Yes,Bachelor's,Low,7,7.7
S5247,Ahmed,Smith,student4247@university.com,Male,19,Business,55.79,71.53,59.21,,96.55,9.11,83.49,73.37,C,21.8,Yes,Yes,Bachelor's,High,5,8.1
S5248,Omar,Brown,student4248@university.com,Female,23,Engineering,60.01,91.45,59.42,55.43,90.54,0.63,75.9,57.34,F,28.1,No,Yes,Bachelor's,Medium,4,9
S5249,Ahmed,Jones,student4249@university.com,Male,23,CS,52.6,59.11,47.93,58.65,57.34,9.55,79.27,65.31,D,15,No,Yes,,Medium,1,8.9
S5250,Ahmed,Brown,student4250@university.com,Female,24,Engineering,71.91,65.51,68.39,90.58,87.38,0.51,89.93,99.07,F,7.5,No,Yes,,Low,6,8.5
S5251,Emma,Davis,student4251@university.com,Male,21,CS,90.33,88.26,87.48,,90.73,9.26,78.58,55.55,A,12.6,No,Yes,Master's,Medium,9,6.8
S5252,Ahmed,Smith,student4252@university.com,Male,23,Business,79.3,45.36,98.11,63.22,93.89,5.47,72.51,58.04,C,22.2,No,Yes,High School,Medium,2,5.5
S5253,Sara,Jones,student4253@university.com,Female,22,Engineering,80.32,91.57,70.1,96.47,96.24,5.33,83.1,99.51,F,24.9,No,Yes,High School,Low,1,7.6
S5254,Maria,Davis,student4254@university.com,Male,18,Mathematics,60.03,58.67,50.03,82.88,75.46,7.13,51.78,94.11,D,6.3,Yes,No,None,High,10,8.7
S5255,Maria,Brown,student4255@university.com,Male,23,CS,67.19,40.09,80.98,55.72,82.75,8.79,55.46,85.36,B,17.2,No,Yes,High School,Low,5,9
S5256,Emma,Brown,student4256@university.com,Female,19,Engineering,92.26,54.05,85.41,57.18,50.48,6.17,56.27,57.55,A,6.6,No,Yes,PhD,High,4,7.1
S5257,Sara,Jones,student4257@university.com,Male,22,CS,54.39,45.37,44.3,63.62,78.64,4.25,71.29,62.03,F,26.6,No,Yes,,Medium,4,7.5
S5258,Omar,Smith,student4258@university.com,Male,23,Engineering,,45.54,91.01,79.7,73.66,1.12,93.59,59.01,D,16.9,Yes,Yes,Bachelor's,High,1,5.4
S5259,John,Brown,student4259@university.com,Female,20,Business,74.18,81.57,89.76,,98.12,7.89,82.16,81.55,D,27.9,No,Yes,None,Medium,1,5
S5260,Omar,Williams,student4260@university.com,Male,19,Business,91.86,52.84,68.35,63.72,95.09,1.28,98.63,69.94,B,7,No,Yes,Master's,Medium,1,7.2
S5261,Liam,Davis,student4261@university.com,Male,24,Business,65.9,96.08,73.63,93.53,89.88,7.26,52,52.39,D,13.3,No,Yes,Master's,Low,8,5.1
S5262,John,Jones,student4262@university.com,Male,24,Business,66.94,70.99,82.8,55.46,52.85,5.28,86.1,64.56,F,21.9,Yes,Yes,Master's,Medium,1,6
S5263,Ahmed,Johnson,student4263@university.com,Male,24,CS,87.58,67.61,80.6,60.38,70.1,3.86,65.71,93.03,A,12.3,No,Yes,Bachelor's,Low,5,6.5
S5264,Ali,Johnson,student4264@university.com,Male,19,CS,89.25,66.06,40.99,98.52,84.8,6.13,51.16,89.8,A,26,No,Yes,None,Low,10,8.7
S5265,John,Smith,student4265@university.com,Male,24,Engineering,61.48,81.56,47.35,56.74,51.48,7.72,91.3,82.15,C,29.7,Yes,Yes,High School,Low,6,8.9
S5266,Ali,Williams,student4266@university.com,Male,21,Engineering,98.64,67.14,49.76,94.41,61.79,9.41,58.13,54.28,A,12,No,Yes,High School,Medium,7,5.2
S5267,Maria,Brown,student4267@university.com,Male,20,CS,54.22,47.72,85.34,85.2,94.38,2.65,60.7,94.14,C,14,No,Yes,Bachelor's,Medium,5,4.7
S5268,Ali,Johnson,student4268@university.com,Female,21,Engineering,53.43,92.81,66.41,53.65,56.49,9.47,67.02,76.73,D,29.2,No,Yes,PhD,Low,9,5.1
S5269,Maria,Smith,student4269@university.com,Male,23,Engineering,79.78,65.7,72.73,74.19,52.57,9.61,89.42,74.73,B,14,Yes,No,,Low,1,6.6
S5270,Sara,Davis,student4270@university.com,Male,20,CS,,44.44,86.36,75.95,79.03,8.14,81.23,96.7,D,18.9,No,Yes,PhD,Medium,7,7.9
S5271,Sara,Williams,student4271@university.com,Female,19,Business,98.04,71.76,60.46,96.61,97.32,8.81,63.24,50.44,A,24.2,No,Yes,High School,Low,6,6.6
S5272,Emma,Williams,student4272@university.com,Male,21,Engineering,70.25,78.84,84.93,,91.73,6.92,58.42,77.79,C,16,Yes,Yes,Bachelor's,Medium,9,8.7
S5273,Emma,Smith,student4273@university.com,Male,22,CS,51.26,56.53,66.54,72.34,98.74,0.39,55.48,89.56,C,14.3,No,Yes,PhD,Low,6,7.2
S5274,Ahmed,Smith,student4274@university.com,Male,20,CS,,88.02,62.63,55.62,87.68,5.75,57.49,53.18,A,17.4,No,Yes,,Low,2,6.4
S5275,John,Brown,student4275@university.com,Male,19,Business,64.48,80.19,59.98,81.96,71.87,7.47,93.41,67.86,D,24.5,No,No,,Low,9,7.9
S5276,Ahmed,Smith,student4276@university.com,Male,18,Mathematics,71.65,79.02,97.9,60.54,97.33,9.42,96.13,98.87,B,12.8,Yes,Yes,Master's,Low,4,8.8
S5277,Maria,Brown,student4277@university.com,Male,20,Engineering,,65.25,86.32,53.88,71.33,5.7,98.4,60.59,A,13.8,Yes,Yes,None,Low,9,5.7
S5278,Ahmed,Brown,student4278@university.com,Female,20,CS,,97.71,41.21,99.85,67.5,7.94,91.74,76.56,C,9.7,No,Yes,,High,3,5.4
S5279,Ali,Jones,student4279@university.com,Female,23,Mathematics,74.3,56.45,97.44,63.48,72.41,7.05,94.37,87.3,C,22.5,No,Yes,None,Medium,3,5.1
S5280,Maria,Williams,student4280@university.com,Female,22,Engineering,71.32,74.66,86.53,,90.7,2.81,90.81,69.52,A,27.5,No,Yes,Bachelor's,Low,5,6.7
S5281,Emma,Davis,student4281@university.com,Female,23,Business,85.63,58.54,48.95,,95.88,1.55,97.9,70.39,A,9.6,No,Yes,High School,Medium,8,6.3
S5282,Sara,Williams,student4282@university.com,Female,24,Business,,84.69,44.58,91.08,67.88,7.51,92.28,53.16,B,5.9,No,Yes,Master's,Low,9,5.2
S5283,Emma,Williams,student4283@university.com,Male,20,CS,59.26,42.87,58.49,53.2,73.11,2.34,73.1,59.5,C,14.5,Yes,Yes,Master's,Medium,4,7.6
S5284,John,Jones,student4284@university.com,Male,20,Engineering,,42.75,77.45,55.27,94.92,2.45,66.16,94.03,D,15.3,No,Yes,Bachelor's,High,8,5.5
S5285,Maria,Brown,student4285@university.com,Male,24,CS,,88.65,76.99,54.51,52.35,6.44,79.21,90.92,F,21.1,Yes,Yes,None,Medium,10,7.8
S5286,Maria,Brown,student4286@university.com,Male,22,CS,58.95,66.06,56.55,52.35,89.19,7.89,80.41,65.23,F,7.1,No,Yes,,Medium,5,8.2
S5287,Ali,Smith,student4287@university.com,Male,22,Business,,60.47,66.74,82.97,72.71,5.82,78.75,69.09,C,25.5,No,Yes,,Low,9,8.3
S5288,John,Jones,student4288@university.com,Female,21,Business,99.72,76.45,52.71,79.42,68.83,8.85,85.34,72.02,A,19.3,No,No,None,Medium,3,4.7
S5289,Sara,Smith,student4289@university.com,Female,19,Business,82.61,82.11,43.03,83.14,72.35,2.11,84.95,67.3,A,18.6,No,Yes,None,Low,8,5.5
S5290,Omar,Jones,student4290@university.com,Male,19,Engineering,80.33,52.07,71.02,75.28,70.93,2.52,54.36,82.7,A,12.9,No,Yes,High School,Medium,5,6.6
S5291,Maria,Smith,student4291@university.com,Male,21,CS,,51.13,60.82,90.88,87.83,6.37,64.28,50.64,F,14.1,No,Yes,PhD,High,8,8.2
S5292,Maria,Johnson,student4292@university.com,Male,19,CS,65.63,97.49,72.57,77.33,96.4,8.29,94.49,94.01,D,6.4,No,Yes,Bachelor's,Medium,10,6
S5293,Ali,Williams,student4293@university.com,Female,20,CS,,75.38,96.79,95.94,74.57,5.39,79.5,65.03,A,23.8,Yes,Yes,Master's,High,1,7.3
S5294,Ahmed,Williams,student4294@university.com,Female,21,Engineering,98.45,63.41,48.6,74.28,91.64,0.1,66.43,93.62,A,20.1,Yes,Yes,PhD,Low,9,6.3
S5295,Liam,Davis,student4295@university.com,Male,21,Engineering,74.84,88.09,40.12,89.53,86.6,6.77,92.52,72.72,B,29.4,Yes,Yes,None,Medium,5,4.1
S5296,Sara,Brown,student4296@university.com,Female,19,CS,64.51,71.51,44.61,70.37,66.53,8.14,62.45,88.82,B,13.8,Yes,Yes,PhD,High,3,5.6
S5297,Emma,Davis,student4297@university.com,Male,18,Mathematics,88.51,54.5,67.76,71.76,79.37,2.77,70.46,91.29,A,21.7,No,No,High School,Low,2,7.8
S5298,John,Johnson,student4298@university.com,Female,19,CS,,52.4,82.42,92.45,83.34,0.54,63.81,65.06,D,28,Yes,Yes,High School,High,3,7.7
S5299,Maria,Davis,student4299@university.com,Female,23,Business,,63.81,74.85,,51.17,5.18,93.57,82.02,F,22.8,No,Yes,None,Low,1,8.4
S5300,Maria,Williams,student4300@university.com,Male,18,Engineering,90.95,91.59,69.69,78.25,69.8,0.42,86.41,80.37,A,6,No,Yes,None,High,6,7
S5301,Emma,Brown,student4301@university.com,Female,21,CS,56.25,43.69,61.24,86.32,99.63,4.16,73.01,73.8,D,20.8,Yes,Yes,Bachelor's,Low,7,7.8
S5302,Sara,Johnson,student4302@university.com,Female,18,Business,98.84,53.11,58.6,87.52,81.86,0.18,96.62,73.48,A,18.6,No,Yes,Master's,Low,10,6.1
S5303,Liam,Williams,student4303@university.com,Male,20,Business,99.28,93.59,62.58,79.57,66.71,2.25,96.37,65.26,A,17.5,No,Yes,,Low,7,5.7
S5304,Ahmed,Smith,student4304@university.com,Female,22,Engineering,96.84,47.3,76.7,72.4,62.5,3.89,85.58,65.51,A,18.8,No,No,PhD,Low,2,5.7
S5305,Maria,Jones,student4305@university.com,Male,18,Engineering,74.8,77.78,50.07,63.04,60.47,1.12,94.6,77.41,C,16.5,Yes,Yes,,High,3,4.8
S5306,Liam,Johnson,student4306@university.com,Female,23,CS,62.3,52.81,86.28,95.47,70.08,1.14,85.97,51.61,A,22.3,No,Yes,None,Low,4,6.2
S5307,Sara,Brown,student4307@university.com,Male,22,Engineering,79.1,76.35,74.52,68.49,59.66,8.27,81.41,96.68,D,5.4,No,Yes,PhD,Medium,10,8.1
S5308,Emma,Davis,student4308@university.com,Male,20,Mathematics,71,62.99,56.15,89.95,56.76,0.41,71.04,82.5,D,9.7,No,Yes,Master's,High,7,4.1
S5309,Ali,Davis,student4309@university.com,Female,23,CS,60.3,46.1,70.07,,68.2,6.89,63.67,72.17,F,14.1,Yes,Yes,,High,10,6.9
S5310,Ahmed,Johnson,student4310@university.com,Female,24,CS,71.18,74.95,97.77,61.61,80.35,8.14,53.01,53.09,B,16.3,No,Yes,,High,8,4.9
S5311,John,Brown,student4311@university.com,Male,22,Mathematics,,80.98,41.23,67.28,57.32,1.31,90.04,81.5,B,8.3,No,Yes,None,High,9,7.7
S5312,Maria,Johnson,student4312@university.com,Female,24,CS,53.55,80.82,51.97,,52.22,1.95,56.11,50.89,F,25.5,Yes,Yes,Master's,Low,6,4.7
S5313,Sara,Brown,student4313@university.com,Female,20,Engineering,66.67,78.22,66.9,65.97,51.73,6.41,70.52,83.99,A,28.2,No,Yes,Bachelor's,High,7,4.8
S5314,Ali,Davis,student4314@university.com,Female,22,Engineering,50.89,70.01,78.31,52.07,63.37,3.16,61.73,53.63,D,23.8,Yes,Yes,Bachelor's,Low,8,4.2
S5315,John,Williams,student4315@university.com,Male,22,Engineering,87.47,71.17,52.73,58.69,59.51,4.76,72.73,82.81,B,28.2,No,Yes,High School,Low,7,6.2
S5316,Omar,Smith,student4316@university.com,Male,19,Engineering,,78.14,95.88,62.96,76.96,8.36,65.75,70.29,D,23.6,No,Yes,None,Low,7,7.2
S5317,Sara,Williams,student4317@university.com,Male,23,CS,53.13,81.42,78.55,58.8,72.79,1.38,91.48,83.13,F,16,No,No,,Medium,9,5.4
S5318,Sara,Smith,student4318@university.com,Female,23,CS,,79.29,92.65,60.19,66.24,6.2,98.91,56.92,D,14.8,No,Yes,Master's,Low,10,4.2
S5319,John,Davis,student4319@university.com,Female,18,Business,51.13,75.22,59.76,88.45,91.68,9.42,97.08,55.87,F,9.2,No,Yes,Master's,Low,6,8.7
S5320,Ali,Williams,student4320@university.com,Male,24,Business,79.5,49.35,89.74,70.6,75.25,0.57,81.12,62.37,A,7.2,No,Yes,Bachelor's,Medium,1,8.3
S5321,Omar,Williams,student4321@university.com,Male,24,Engineering,88.82,52.64,62.69,,54.58,0.6,98.96,70.58,B,10.5,Yes,No,None,Medium,3,6.3
S5322,Liam,Johnson,student4322@university.com,Female,23,Engineering,89.39,55.61,55.17,98.33,64.79,5.55,70.04,62.65,A,18.3,Yes,Yes,,Low,5,8.1
S5323,Liam,Jones,student4323@university.com,Female,23,CS,51.71,95.18,94.7,72.34,98.67,9.6,76.12,54.1,F,8.4,No,Yes,Bachelor's,Medium,9,8
S5324,Emma,Davis,student4324@university.com,Female,22,CS,95.32,85.56,45.53,96.38,98.85,2.2,62.84,66.25,A,28.8,No,Yes,None,Low,1,6.8
S5325,Ali,Brown,student4325@university.com,Female,24,Business,,73.17,96.57,64.95,62.73,3.31,94.9,85.29,B,10.5,No,Yes,High School,Medium,2,6.6
S5326,Ahmed,Davis,student4326@university.com,Male,21,Engineering,78.07,55.12,67.51,70.03,58.36,0.99,58.99,79.15,B,25.8,No,Yes,,Medium,3,7.3
S5327,Maria,Brown,student4327@university.com,Female,19,CS,74.1,46.65,99.56,69.81,74.78,3.62,80.52,98.17,B,25.5,No,Yes,High School,High,4,7.6
S5328,John,Brown,student4328@university.com,Female,18,CS,52.24,93.93,72.38,77.3,74.07,0.44,89.97,71.8,C,8.5,No,Yes,None,High,6,8.1
S5329,Emma,Smith,student4329@university.com,Male,19,CS,78.1,93.56,85.45,79.21,70.51,3.89,79.77,66.64,D,22.8,No,Yes,,Low,7,6.9
S5330,Omar,Brown,student4330@university.com,Male,18,CS,70.47,46.64,40.42,62.41,76.47,5.55,53.94,84.68,A,25.6,Yes,Yes,None,Low,7,7.7
S5331,John,Brown,student4331@university.com,Female,20,Business,88.64,87.83,69.8,89.68,61.61,9.75,80.57,70.6,A,27.1,No,No,Master's,High,2,4.9
S5332,John,Johnson,student4332@university.com,Male,22,Mathematics,,66.8,84.25,74.83,55.75,8.18,88.35,80.92,C,28.8,Yes,Yes,Bachelor's,Medium,3,7.7
S5333,Ali,Williams,student4333@university.com,Female,23,Business,84.18,59.44,86.97,50.35,78.52,8.22,59.39,97.31,D,28.3,Yes,Yes,,Medium,1,4.3
S5334,Maria,Davis,student4334@university.com,Female,23,Mathematics,55.07,84.35,49.48,79.57,96.63,2.28,86.85,74.96,D,12.8,No,Yes,None,Medium,1,7.3
S5335,Ahmed,Davis,student4335@university.com,Male,21,Mathematics,56.65,76.86,65.14,89.9,56.89,0.87,93.93,74.91,D,11.7,No,Yes,High School,Medium,6,7.6
S5336,Liam,Brown,student4336@university.com,Male,24,Engineering,56.99,86.8,65.14,62.52,85.24,6.03,99.32,88.76,D,14.9,Yes,Yes,Master's,Low,4,8.8
S5337,Sara,Jones,student4337@university.com,Female,24,CS,52.28,44.46,46.22,51.89,71.89,5.21,70.5,87.8,D,16.6,No,Yes,Bachelor's,Medium,10,6.1
S5338,Sara,Davis,student4338@university.com,Male,19,Business,77.07,59.12,66.58,90.36,64.7,5.17,51.26,75.81,B,10.8,No,Yes,,High,4,4.6
S5339,John,Brown,student4339@university.com,Female,19,CS,89.7,59.16,88.43,98.81,92.66,1.09,70.95,53.24,A,7.2,No,Yes,PhD,Low,9,5.7
S5340,Liam,Smith,student4340@university.com,Female,19,CS,80.52,59.79,58.01,53.83,72.82,4.94,83.01,99.04,F,21.4,Yes,Yes,None,Low,8,6.1
S5341,Liam,Smith,student4341@university.com,Female,24,CS,78.75,70.15,65.95,96.9,79.17,1.5,94.57,68.87,F,9.4,No,No,High School,Medium,3,7.8
S5342,Maria,Smith,student4342@university.com,Male,23,Engineering,84.03,56.98,97.66,67.96,72.15,4.22,96.91,65.84,C,27.9,No,Yes,PhD,High,3,4.9
S5343,Omar,Brown,student4343@university.com,Female,24,CS,66.98,66.66,41.9,97.07,54.06,0.62,95.48,99.08,A,12.2,No,Yes,,High,8,4.8
S5344,Omar,Johnson,student4344@university.com,Female,19,CS,68.1,62.07,75.49,82.44,79.75,8.57,82.9,93.61,D,9.9,No,Yes,Master's,Medium,2,5.1
S5345,Emma,Jones,student4345@university.com,Female,22,Engineering,65.71,84.12,84.61,94.51,70.94,0.13,84.13,66.51,D,9.9,No,Yes,High School,Medium,10,5.2
S5346,Ali,Brown,student4346@university.com,Male,18,Business,85.61,76.21,85.65,89.29,54.34,9.39,50.12,65.42,B,12.2,No,Yes,Master's,High,5,8.6
S5347,Maria,Johnson,student4347@university.com,Female,23,Engineering,58.08,79.22,82.96,51.4,79.79,8.63,68.19,86.05,D,20.3,No,Yes,None,Low,6,4.8
S5348,Maria,Johnson,student4348@university.com,Female,22,Business,50.65,52.64,83.59,53.27,50.49,7.53,95.34,66.72,F,29.5,No,No,Bachelor's,High,5,6.1
S5349,Ali,Davis,student4349@university.com,Female,20,CS,79.81,59.53,43.54,76.29,60.43,9.83,84.48,62.57,B,17.2,No,Yes,PhD,Low,1,6
S5350,Liam,Brown,student4350@university.com,Male,22,CS,97.12,41.27,72.05,56.48,89.05,0.54,73.4,98.98,B,20,No,Yes,High School,Medium,5,4.6
S5351,Omar,Brown,student4351@university.com,Female,22,Engineering,80.47,46.5,86.98,73.05,51.9,6.42,55.21,78.29,B,26.1,Yes,Yes,None,High,9,4.5
S5352,Omar,Johnson,student4352@university.com,Female,20,Engineering,89.15,55.9,45.64,97.73,82.33,8.49,62.32,88.12,A,13.4,No,Yes,High School,Medium,10,8.5
S5353,Liam,Johnson,student4353@university.com,Male,22,Engineering,83.64,43.93,40.72,,97.49,1.27,77.75,85.65,F,9.5,Yes,Yes,PhD,Low,2,8.2
S5354,Omar,Johnson,student4354@university.com,Male,18,Business,74.87,76.16,88.87,74.45,58.56,5.85,94.88,87.78,B,15.8,No,No,Bachelor's,High,3,8.7
S5355,John,Davis,student4355@university.com,Female,23,Business,85.92,99.89,82.74,69.21,70.86,3.94,54.79,95.17,A,13,No,Yes,,Medium,6,5.6
S5356,Maria,Brown,student4356@university.com,Female,21,Mathematics,91.21,46.05,64.73,81.49,78.77,4.36,57.69,75.04,A,26.7,Yes,No,PhD,Low,3,6.6
S5357,Sara,Johnson,student4357@university.com,Female,24,CS,61.24,89.27,96.42,59.69,72.52,9.13,82.75,87.67,B,29.4,Yes,Yes,None,Low,6,5.3
S5358,Ali,Smith,student4358@university.com,Male,20,CS,,47.13,86,,81.02,5.39,64.71,89.84,D,22.2,No,Yes,High School,Low,7,6
S5359,Omar,Brown,student4359@university.com,Male,23,Engineering,61.19,80.19,98.07,92.94,70.2,0.93,58.49,97.32,A,21.3,No,Yes,,Low,3,8
S5360,Emma,Davis,student4360@university.com,Female,19,CS,72.61,78.59,95.76,90.57,57.43,9.37,58.92,85.65,D,22.9,Yes,Yes,PhD,Medium,4,6.4
S5361,Omar,Smith,student4361@university.com,Male,18,CS,,94.16,68.88,89.46,54.45,1.85,74.63,94.63,C,16.7,No,Yes,PhD,Medium,6,4.5
S5362,Omar,Williams,student4362@university.com,Female,21,CS,67.26,46.84,85.28,88.55,87.22,8.93,79.19,54.75,B,20.7,Yes,Yes,Bachelor's,High,1,4
S5363,Ahmed,Brown,student4363@university.com,Female,18,CS,,58.93,80.15,72.97,61.93,9.71,95.22,56.3,B,6.8,Yes,Yes,PhD,Medium,1,5.2
S5364,John,Williams,student4364@university.com,Male,18,CS,93.02,45.45,88.69,86.44,92.37,8.78,76.49,57.92,A,17.3,No,Yes,,Low,5,4.9
S5365,Ali,Johnson,student4365@university.com,Female,19,CS,75.77,64.44,87.26,69.36,87.15,6.77,84.56,57.24,A,13.3,Yes,Yes,PhD,Low,8,8
S5366,Ahmed,Davis,student4366@university.com,Male,21,Engineering,76.77,94.7,49.19,55.04,52.47,7.44,59.03,54.38,F,6.3,No,Yes,,Low,1,7.3
S5367,Ahmed,Johnson,student4367@university.com,Male,24,Engineering,93.04,86.89,54.02,,60.06,7,85.67,56.13,A,18.6,No,Yes,Bachelor's,High,1,8.2
S5368,Emma,Davis,student4368@university.com,Female,18,Business,74.53,83.37,55.94,57.93,64.6,4.61,82.43,99.8,C,14,Yes,Yes,,Low,1,6.1
S5369,Maria,Jones,student4369@university.com,Male,19,Engineering,84.08,71.98,89.11,69.54,79.72,2.74,60.81,63.61,A,19.8,Yes,Yes,None,Medium,10,6.9
S5370,Emma,Johnson,student4370@university.com,Female,20,CS,54.28,93.01,88.64,64.87,90.49,2.85,83.47,73.9,F,17.8,No,Yes,,Medium,1,6.1
S5371,Maria,Williams,student4371@university.com,Male,19,CS,58.93,66.97,69.72,79.96,53.02,7.31,60.57,91.08,C,11.9,No,No,None,High,9,5.1
S5372,Maria,Davis,student4372@university.com,Female,22,CS,70.22,48.98,74.85,68.08,62.48,6.26,79.68,55.92,B,18.5,No,Yes,Master's,Low,2,7.2
S5373,Ali,Johnson,student4373@university.com,Female,23,Business,74.74,90.26,89.62,85.28,68.81,5.85,83.44,65.87,B,14.5,No,Yes,None,Low,6,5.9
S5374,Omar,Brown,student4374@university.com,Female,19,Business,98.29,56.78,58.76,75.61,59.17,6.53,84.67,57.96,A,28,No,Yes,PhD,Low,2,5.2
S5375,Ali,Davis,student4375@university.com,Male,19,CS,98.53,43.22,43.01,95.97,77.26,7.75,95.46,53.13,A,14.4,No,Yes,Master's,Low,5,8.7
S5376,John,Davis,student4376@university.com,Female,19,CS,92.56,47.56,68.96,,73.9,7.48,97.39,98.04,B,6,Yes,Yes,None,Medium,5,4.5
S5377,Maria,Johnson,student4377@university.com,Male,24,Mathematics,65.78,76.54,94.82,84.39,65.82,1.05,90.51,92.92,D,24.1,No,Yes,,Medium,9,7.9
S5378,Ahmed,Jones,student4378@university.com,Male,18,Engineering,98.2,76.42,87.43,,75.84,3.63,93.94,93.96,A,29.1,No,Yes,Bachelor's,Medium,4,6.7
S5379,Omar,Johnson,student4379@university.com,Male,24,Business,,55.61,62,,67.79,2.64,50.97,93.43,C,9.2,No,Yes,None,Low,6,7.8
S5380,Sara,Williams,student4380@university.com,Male,21,CS,69.65,83.63,43.89,68.58,67.16,5.38,68.13,57.73,A,29.3,Yes,Yes,None,Medium,4,4.4
S5381,John,Williams,student4381@university.com,Male,19,CS,85.08,86.42,78.22,65.27,63.27,0.61,51.99,89.25,A,20.4,No,Yes,Bachelor's,Low,6,6
S5382,Ali,Davis,student4382@university.com,Female,19,Business,50.83,95.23,90.07,,77.02,7.62,61.24,86.39,D,26.2,No,Yes,Master's,High,3,8
S5383,Emma,Davis,student4383@university.com,Male,22,Engineering,57.31,75.1,79.9,63.26,72.21,1.07,69.09,96.27,D,16.8,Yes,Yes,Master's,High,4,8.1
S5384,John,Johnson,student4384@university.com,Female,22,Engineering,91.48,86.77,65.5,75.09,59.82,2.71,93.38,60.97,A,20.6,No,Yes,,Medium,9,7.9
S5385,John,Williams,student4385@university.com,Female,20,Engineering,82.28,85.19,47.4,,50.65,7.83,75.59,70.7,D,26,Yes,Yes,PhD,Low,1,7.7
S5386,Omar,Williams,student4386@university.com,Male,20,Engineering,68.21,55.47,94.65,,57.55,0.52,82.44,64.75,B,29.6,No,Yes,PhD,High,7,5.9
S5387,John,Jones,student4387@university.com,Female,22,Business,75.03,58.61,56.56,57.89,52.14,6.6,68.14,62.9,F,9.6,No,Yes,High School,High,3,7.6
S5388,John,Brown,student4388@university.com,Female,21,CS,95.26,68.71,53.46,63.61,71.58,9.24,80.15,82.62,B,27.5,No,Yes,Bachelor's,Low,9,4.5
S5389,Sara,Jones,student4389@university.com,Male,20,CS,81.58,41.14,88.96,55.05,61.25,6.18,90.78,58.2,B,21.7,No,Yes,Master's,Medium,7,4.8
S5390,Liam,Smith,student4390@university.com,Female,23,Business,69.91,57.84,98.87,96.33,71.02,7.13,65.06,73.24,C,28.7,No,Yes,High School,Low,2,6.7
S5391,Emma,Jones,student4391@university.com,Male,23,CS,56.02,68.43,79.61,93.63,66.47,7.92,96.61,82.33,D,13,No,Yes,PhD,Low,5,6.7
S5392,Emma,Johnson,student4392@university.com,Male,21,Engineering,,46.48,77.49,65.42,76.9,2.22,60.67,56.52,D,11.1,Yes,Yes,Bachelor's,Low,1,6.4
S5393,Emma,Brown,student4393@university.com,Male,22,Business,98.92,47.58,59.17,62.35,86.19,5.81,95.97,62.85,A,14.1,Yes,Yes,PhD,Medium,1,7.7
S5394,Maria,Johnson,student4394@university.com,Female,20,Mathematics,71.87,67.79,41.22,95.27,73.97,3.09,51.41,98.37,D,27.1,No,Yes,,Low,7,6.8
S5395,Ahmed,Smith,student4395@university.com,Female,19,Engineering,73.59,83.86,51.51,50.09,53.1,2.49,77.14,89.77,A,16.5,No,Yes,PhD,Low,7,4.3
S5396,Liam,Brown,student4396@university.com,Female,22,Engineering,74.93,90.02,75.07,80.03,50.88,1.92,99.26,83.85,B,28.8,No,No,,Low,8,8.4
S5397,Emma,Davis,student4397@university.com,Female,20,Business,94.21,72.78,49.08,95.8,60.66,5.85,80.49,92.8,A,11.1,No,Yes,Master's,Low,8,7.1
S5398,John,Williams,student4398@university.com,Male,21,Business,80.2,68.48,93.03,,71.25,7.95,77.74,50.7,D,10.5,No,Yes,Bachelor's,Medium,7,8.5
S5399,John,Jones,student4399@university.com,Male,23,Business,84.68,63.06,51.29,50.15,52.25,8.76,84.12,50.3,F,22,No,Yes,Master's,Medium,3,6.1
S5400,Emma,Johnson,student4400@university.com,Female,21,Engineering,69.47,51.58,71.33,60.94,66.39,4.29,64.47,57.7,B,12.3,No,Yes,Bachelor's,Low,3,4
S5401,Omar,Smith,student4401@university.com,Male,20,CS,51.45,48.79,70.72,96.12,94.35,3.73,52.7,74.76,D,8.2,Yes,Yes,Bachelor's,Low,2,7.8
S5402,Emma,Williams,student4402@university.com,Female,21,Engineering,96.55,87.51,76.24,50.85,54.5,6.87,62.55,78.5,A,14.4,No,Yes,Master's,Medium,1,6.8
S5403,John,Jones,student4403@university.com,Male,20,Business,97.46,67.9,59.65,69.74,97.43,7.8,58.81,55.68,B,11.7,No,Yes,,High,8,4.1
S5404,Maria,Williams,student4404@university.com,Male,20,Business,97.46,87.42,92.41,89.49,92.83,2.53,96.18,53.61,A,15.3,No,Yes,Bachelor's,Medium,6,6.9
S5405,Ali,Jones,student4405@university.com,Male,21,CS,,82.24,66.66,,91.59,2.97,92.61,91.42,F,9.7,No,Yes,Bachelor's,Low,5,8.7
S5406,Ali,Davis,student4406@university.com,Male,18,Engineering,90.76,51.63,82.01,73.88,93.18,5.33,65.89,73.22,B,28.9,Yes,Yes,High School,Medium,1,5
S5407,Liam,Brown,student4407@university.com,Male,19,Engineering,84.23,70.62,78.15,61.62,54,4.44,91.8,99.62,B,25,Yes,Yes,PhD,Low,5,5.4
S5408,Liam,Williams,student4408@university.com,Female,22,Mathematics,92.23,66.64,47.03,79.99,57.56,7.06,60.59,61.47,A,26,No,Yes,High School,Low,10,7.2
S5409,Emma,Williams,student4409@university.com,Female,23,Engineering,80.03,65.43,77.36,63.19,56.72,5.04,59.98,82.36,F,12.4,No,Yes,Bachelor's,Medium,8,8.1
S5410,Sara,Williams,student4410@university.com,Male,19,Engineering,,72.55,73.04,62.76,55.56,1.12,88.38,90.22,A,26.4,Yes,Yes,Bachelor's,Low,8,7.2
S5411,Emma,Brown,student4411@university.com,Female,22,CS,69.56,98.92,93.92,90.38,66.39,1.66,66.35,93.63,B,19.8,No,Yes,,High,10,7.4
S5412,Omar,Smith,student4412@university.com,Male,22,Engineering,98.56,88.77,92.85,57.71,91.51,9.02,53.24,65.32,B,6.4,Yes,Yes,None,High,6,5.6
S5413,Emma,Jones,student4413@university.com,Male,23,CS,67.56,94.22,49.06,50.28,62.6,2.27,86,59.66,C,8.8,Yes,Yes,High School,Low,2,4.1
S5414,Liam,Davis,student4414@university.com,Male,19,Business,,41.78,44.9,66.84,62.21,0.5,99.48,61.3,A,16.1,No,Yes,PhD,High,2,8.2
S5415,Ali,Williams,student4415@university.com,Male,23,Business,54.66,48.42,57.68,74.55,83.79,7.31,78.3,83.34,C,14.8,No,Yes,None,Low,2,9
S5416,John,Brown,student4416@university.com,Female,20,Engineering,66.71,45.09,99.2,85.25,54.85,6.84,63.18,76.12,F,24.9,No,Yes,Master's,Medium,8,8.3
S5417,Emma,Smith,student4417@university.com,Male,23,Engineering,67.55,55.79,41.29,89.06,68.01,6,68.65,79.95,C,26.8,No,Yes,Bachelor's,Medium,8,6
S5418,John,Jones,student4418@university.com,Female,21,Business,52.58,66.51,80.37,83.18,64.77,5.02,82.43,51.03,F,26.6,Yes,Yes,None,Medium,8,5.8
S5419,John,Brown,student4419@university.com,Male,18,CS,55.95,78.52,76.51,81.33,92.37,9.7,85.07,69.55,D,14.4,Yes,No,Master's,Low,1,8.8
S5420,Sara,Davis,student4420@university.com,Male,18,CS,,70.05,78.79,83.29,75.73,1.2,94.32,65.51,A,20.9,Yes,No,,High,9,8.9
S5421,John,Davis,student4421@university.com,Female,18,Mathematics,,94.19,53.1,63.58,82.32,5.1,95.44,93.19,F,17.4,No,Yes,None,Low,10,7.1
S5422,Ali,Jones,student4422@university.com,Male,19,Business,53.17,96.39,53.6,,56.45,5.64,93.06,88.81,F,27.2,Yes,Yes,Bachelor's,Medium,4,6.6
S5423,Maria,Williams,student4423@university.com,Male,19,Business,64.94,49.81,65.84,80.82,96.45,0.22,82.42,71.48,A,27.2,No,Yes,High School,Medium,9,6.6
S5424,Maria,Davis,student4424@university.com,Female,20,CS,50.51,91.17,45.75,53.28,66.12,4.12,72.49,81.53,F,6.3,Yes,Yes,Bachelor's,High,7,5
S5425,Ahmed,Smith,student4425@university.com,Female,24,CS,84.78,68.9,44.48,,85.34,7.83,83.97,52.38,C,19.3,No,Yes,,Medium,3,7.6
S5426,Omar,Brown,student4426@university.com,Female,18,CS,81.02,67.2,45.3,70.32,97.73,4.71,83.33,81.86,F,17.6,No,Yes,PhD,Medium,10,4.9
S5427,Emma,Smith,student4427@university.com,Male,20,CS,82.25,87.1,74.38,76.67,75.43,8.75,60.9,54.86,F,24.3,No,Yes,Bachelor's,Low,10,5
S5428,Omar,Williams,student4428@university.com,Male,24,Business,68.72,45.59,63.86,74.32,75.38,6.45,75.38,85.7,F,9.9,No,Yes,None,Medium,3,7.4
S5429,Ali,Smith,student4429@university.com,Female,18,CS,60.41,92.95,57.62,85.91,55.86,7.66,60.41,78.69,A,22.4,Yes,Yes,Master's,Medium,2,8.3
S5430,John,Smith,student4430@university.com,Female,19,Business,86.02,80.25,58.95,73.67,69.51,8.04,94.96,65.02,A,23.5,Yes,Yes,Master's,Medium,7,7.3
S5431,Maria,Johnson,student4431@university.com,Male,24,CS,,92.52,52.44,,92.62,6.9,66.16,68.54,C,5.7,No,Yes,PhD,Low,8,6.4
S5432,Omar,Smith,student4432@university.com,Male,21,CS,56.93,99.67,64.69,69.02,56.76,7.49,90.27,54.5,F,15.8,Yes,Yes,PhD,Low,1,7.5
S5433,Ali,Jones,student4433@university.com,Female,21,Mathematics,74.34,71.08,52.18,76.27,95.88,6.95,68.86,66.14,C,29.5,Yes,Yes,None,Low,7,6.3
S5434,Maria,Brown,student4434@university.com,Female,21,CS,62.44,45.6,81.88,50.16,83.37,5.5,88.19,98.34,F,12.5,No,Yes,,Medium,2,7.3
S5435,John,Johnson,student4435@university.com,Female,23,CS,,49.99,47.44,65.52,71.05,5.67,61.05,74.31,C,27.1,No,Yes,PhD,High,7,7.9
S5436,Omar,Brown,student4436@university.com,Female,21,CS,86.72,59.42,96.89,,77.32,1.9,88.19,73.71,A,19.7,No,Yes,,Medium,6,4.1
S5437,Maria,Brown,student4437@university.com,Male,22,CS,76.9,46.21,45.39,66.68,57.52,8.27,58.98,81.46,D,12.4,No,Yes,Bachelor's,Medium,9,5.1
S5438,Emma,Williams,student4438@university.com,Male,18,Engineering,60.81,88.92,96.61,62.66,60.87,3.12,74.54,74.22,A,25.9,No,Yes,,High,7,7.5
S5439,Liam,Williams,student4439@university.com,Male,21,CS,65.5,57.81,90,77.18,64.32,5.36,55.68,67.78,F,29.8,No,Yes,High School,Medium,9,6
S5440,Emma,Johnson,student4440@university.com,Male,24,Engineering,98.33,98.55,80.84,,69.24,2.5,76.39,56.98,A,23.6,No,Yes,PhD,Low,5,6.6
S5441,Ahmed,Davis,student4441@university.com,Female,22,Business,92.43,82.16,94.74,76.58,95.78,6.96,91.04,81.52,A,6.5,Yes,No,Bachelor's,Medium,6,7.4
S5442,Ahmed,Williams,student4442@university.com,Male,22,Engineering,94,50.41,48.35,65.18,68.38,9.75,87.78,87.45,A,6.3,No,Yes,,Medium,6,6.6
S5443,Maria,Williams,student4443@university.com,Female,22,CS,73,68.56,50.58,69.16,76.19,8.02,52.54,96.16,D,17.3,No,Yes,Master's,High,3,8.2
S5444,Liam,Williams,student4444@university.com,Male,20,Engineering,81.19,68.01,55.13,89.57,58.1,6.19,74.61,50.15,C,5.2,No,No,PhD,High,3,5.9
S5445,Ali,Brown,student4445@university.com,Male,24,CS,68.84,69.55,54.69,,86.8,5.68,92.61,53.33,F,21.9,No,Yes,Master's,High,1,7.5
S5446,Emma,Johnson,student4446@university.com,Male,20,Engineering,53.89,72.14,58.65,72.31,78.01,4.9,82.51,94.97,F,5.4,Yes,No,,Low,4,6.1
S5447,Ali,Brown,student4447@university.com,Female,22,Engineering,70.05,41.87,74.54,78.88,72,2.05,52.96,81.56,C,29.3,No,Yes,Master's,Low,3,6.6
S5448,Liam,Jones,student4448@university.com,Male,23,CS,79.7,81.18,41.69,88.34,97.36,3.48,66.28,97.9,B,27,Yes,No,PhD,Medium,7,4.6
S5449,Ali,Brown,student4449@university.com,Female,21,Business,64.36,69.23,62.94,87.29,94.53,4.06,77.83,71.54,B,25.4,No,Yes,,Low,6,8.2
S5450,Liam,Jones,student4450@university.com,Female,18,Mathematics,92.4,87.46,54.78,59.27,82.98,9.45,58.63,70.83,B,25.3,No,Yes,High School,Medium,9,5.6
S5451,Maria,Smith,student4451@university.com,Male,24,Business,57.56,88.92,76.4,,96.09,4.26,84.1,67.21,C,25.9,No,Yes,Bachelor's,Medium,10,5.5
S5452,Ali,Smith,student4452@university.com,Female,23,CS,68.36,53.83,99.11,67.41,78.24,5.86,81.74,57.14,C,15.9,No,Yes,High School,Medium,3,4.4
S5453,Emma,Jones,student4453@university.com,Male,19,Engineering,56.25,42.91,71.06,59.38,91.35,9.22,60.12,68.93,C,24.8,No,Yes,Bachelor's,Medium,6,6.5
S5454,John,Jones,student4454@university.com,Female,20,Mathematics,70.24,82.19,65.54,50.61,70.47,5.18,77.52,50.73,C,14.2,Yes,Yes,High School,Medium,9,6.1
S5455,Ahmed,Brown,student4455@university.com,Male,21,CS,51.98,98.67,62.09,58.7,54.34,2.51,90.59,75.47,C,26.2,Yes,Yes,PhD,Medium,10,4.5
S5456,John,Jones,student4456@university.com,Female,21,Business,63.63,66.8,87.1,90.41,99.71,3.81,68.74,92.36,B,20.4,No,Yes,PhD,Medium,3,7.8
S5457,Ali,Johnson,student4457@university.com,Female,19,CS,70.04,55.58,44.32,77.3,58.28,3.76,62.35,66.06,D,14,No,Yes,Master's,High,9,4.3
S5458,John,Smith,student4458@university.com,Male,19,CS,,49.4,97.59,67.08,62.58,7.15,85.06,54.73,C,23.6,Yes,Yes,Bachelor's,High,3,4.7
S5459,Emma,Smith,student4459@university.com,Male,24,Business,77.18,57.25,65.08,80.42,58.16,2.96,53.54,98.69,B,11.1,No,Yes,None,Low,1,6.3
S5460,Emma,Davis,student4460@university.com,Male,21,Business,63.75,59.68,58.82,,66.87,7.3,91.63,56.45,A,29.1,No,Yes,PhD,High,3,5.8
S5461,Ali,Jones,student4461@university.com,Male,19,Business,76.15,65.43,98.44,67.72,64.46,8.89,97.17,76.43,B,21.6,Yes,Yes,Bachelor's,Low,5,5.4
S5462,Maria,Williams,student4462@university.com,Female,21,Mathematics,75.45,79.32,96.15,73.3,80.06,3.36,98.24,90.46,F,15,Yes,Yes,PhD,Medium,8,6.8
S5463,John,Williams,student4463@university.com,Female,23,CS,65.81,56.39,78.52,53.21,99.82,1.35,71.63,62.62,C,18.8,No,Yes,None,High,1,6.6
S5464,Maria,Jones,student4464@university.com,Female,24,CS,91.51,43.06,41.11,79.85,52.63,6.39,81.16,92.07,B,23.4,Yes,Yes,Bachelor's,Medium,4,6.2
S5465,Maria,Johnson,student4465@university.com,Female,19,Mathematics,77.28,62.4,84.91,67.82,88.92,3.61,92.87,77.85,B,24.9,Yes,Yes,Master's,Low,10,7.9
S5466,Liam,Williams,student4466@university.com,Male,23,CS,66.61,91.34,60.13,71.68,56.4,5.34,61.17,66.6,B,29.4,No,Yes,Bachelor's,Medium,8,6.5
S5467,Sara,Davis,student4467@university.com,Female,23,Engineering,97.37,69.9,63.3,71.13,50.99,6.34,51.39,93.28,A,10.2,No,Yes,,High,6,8.9
S5468,Ali,Jones,student4468@university.com,Male,19,Engineering,92.26,97.89,49.52,81.62,81.93,4.08,69.23,81.1,A,17.6,No,Yes,,Medium,4,8
S5469,Ahmed,Johnson,student4469@university.com,Female,24,CS,99.13,70.22,71.41,78.62,93.67,9.25,94.22,80.77,A,7.3,No,Yes,PhD,High,3,4.5
S5470,Emma,Johnson,student4470@university.com,Male,21,CS,84.61,56.55,84.67,71.11,58.81,4,75.25,75.2,B,7.1,No,Yes,Master's,Medium,1,5.4
S5471,Emma,Brown,student4471@university.com,Male,22,Engineering,68.91,51.6,56.38,50.85,67.08,3.07,76.51,63.74,D,7.6,Yes,Yes,PhD,High,10,6.7
S5472,Ali,Johnson,student4472@university.com,Male,21,Business,64.04,81.67,96.32,81.05,58.44,8.86,84.57,65.24,C,11.5,No,Yes,None,Low,8,6.3
S5473,Liam,Williams,student4473@university.com,Male,18,Business,83.17,72.18,51.68,93.98,95.33,1.36,78.73,54.4,B,22.4,No,Yes,,Medium,2,4.2
S5474,Omar,Williams,student4474@university.com,Male,19,Engineering,99.04,76.24,43.98,88.48,63.52,1.24,52.72,62.19,B,26.5,No,Yes,High School,Low,7,6.6
S5475,Omar,Jones,student4475@university.com,Female,20,Engineering,81.34,85.31,78.66,99.08,72.24,9.36,78.04,63.89,B,15.9,No,Yes,None,Medium,3,7
S5476,Omar,Jones,student4476@university.com,Male,24,CS,94.08,83.55,90.96,56.95,94.74,2.09,82.4,52.94,A,18.9,Yes,Yes,PhD,Low,5,6.3
S5477,Liam,Johnson,student4477@university.com,Female,19,CS,66.46,42.6,97.19,61.13,77.64,1.48,82.08,55.52,B,10.2,Yes,Yes,Master's,Low,6,8.3
S5478,Ahmed,Davis,student4478@university.com,Female,18,Engineering,,88.15,86.03,76.96,96.64,5.35,86.42,63.51,A,24.8,No,Yes,PhD,High,3,6.8
S5479,Emma,Smith,student4479@university.com,Male,23,CS,95.31,71.96,51.98,61.79,96.32,0.47,76,83.86,B,27.2,No,Yes,,Medium,6,7.9
S5480,Ali,Brown,student4480@university.com,Female,20,CS,87.84,63.5,98.66,51.73,73.08,6.2,95,59.21,A,17.1,No,Yes,,Low,7,6.9
S5481,Liam,Smith,student4481@university.com,Female,20,Engineering,,72.25,95.17,70.11,79.12,4.53,73.21,76.09,C,9,No,No,Bachelor's,Medium,10,8.5
S5482,Emma,Johnson,student4482@university.com,Female,21,Engineering,88.74,76.75,49.79,64.38,61.52,6.4,75.91,75.4,B,5.1,No,Yes,High School,Medium,7,5.1
S5483,Maria,Johnson,student4483@university.com,Male,22,CS,72.43,48.97,73.53,63.19,99.53,2.84,89.02,91.7,F,18.4,Yes,Yes,,Medium,2,8.2
S5484,John,Smith,student4484@university.com,Male,21,Engineering,76.55,65.04,73.33,97.66,63.92,9.05,91.66,80.46,F,17.4,Yes,Yes,,Medium,2,6.2
S5485,John,Brown,student4485@university.com,Male,24,Engineering,95.03,60.14,66.55,61.92,89.17,2.71,82.42,95.85,A,28.1,No,No,PhD,Medium,3,7.5
S5486,Liam,Smith,student4486@university.com,Male,20,CS,77.58,61.02,99.06,56.47,65.65,6.38,56.32,81.41,C,5.9,No,Yes,Bachelor's,Low,7,6.8
S5487,Emma,Jones,student4487@university.com,Female,20,Mathematics,62.77,45.48,43.58,56.27,65.65,9.45,66.6,51.28,C,8.7,Yes,Yes,High School,Medium,1,4.5
S5488,Sara,Williams,student4488@university.com,Female,22,CS,71.78,49.59,77.63,90.32,55.19,4.01,51.01,69.07,D,9.9,No,Yes,,Medium,8,6.2
S5489,Ahmed,Davis,student4489@university.com,Female,24,Business,,49.71,52.32,85.74,77.99,1.61,64.77,84.95,A,18.7,No,Yes,,Medium,4,7.4
S5490,Omar,Jones,student4490@university.com,Female,19,CS,54.84,62.39,71.64,56.47,62.24,0.68,78.51,73.76,D,12.1,Yes,Yes,None,High,6,8.5
S5491,Ahmed,Williams,student4491@university.com,Female,22,Business,87.19,93.67,86.78,,57.42,9.63,90.26,70.97,A,10.1,No,Yes,,Medium,5,5.1
S5492,Ahmed,Davis,student4492@university.com,Female,23,CS,55.47,52.36,54.8,87.37,61.33,7.64,79.28,83.58,D,17.9,No,Yes,PhD,Low,1,5.8
S5493,Liam,Davis,student4493@university.com,Male,21,Business,,64.97,63.6,63.73,62.55,9.19,51.99,64.29,B,6,No,No,PhD,Low,5,5.8
S5494,Maria,Davis,student4494@university.com,Female,19,CS,90.23,58.7,97.05,99.08,75.2,6.99,62.96,95.45,A,29.4,No,Yes,None,Medium,5,6.6
S5495,Ahmed,Johnson,student4495@university.com,Female,21,Business,73.38,87.24,85.69,77.03,69.3,3.42,78.9,70.66,C,26.5,No,Yes,None,Medium,7,8.3
S5496,John,Davis,student4496@university.com,Female,22,Engineering,92.1,43.01,74.36,59.6,53.77,1.23,85.45,81.56,A,11.8,No,Yes,Bachelor's,Low,9,6
S5497,Maria,Brown,student4497@university.com,Male,19,CS,67.09,51.79,53.32,92.94,76.8,9.29,93.32,99.12,A,13.4,No,Yes,Master's,Medium,9,4.7
S5498,Ali,Smith,student4498@university.com,Female,22,Business,97.88,52.64,65.52,65.97,89.39,4.9,98.38,89.27,A,11.1,No,Yes,High School,Low,1,6.5
S5499,Ahmed,Brown,student4499@university.com,Female,23,CS,60.47,99.58,86.44,64.44,78.71,3.97,94.59,76.58,F,28.2,No,Yes,None,Low,5,4.2
S5500,Ahmed,Smith,student4500@university.com,Male,18,Mathematics,51.91,74.25,89.23,66.37,98.73,5.78,73.37,92.97,F,21.3,No,Yes,Master's,Medium,4,5.7
S5501,Ali,Jones,student4501@university.com,Female,20,CS,93.62,48.34,54.68,88.41,54.96,1.07,87.35,78.02,A,18,No,Yes,None,High,7,6.6
S5502,Ahmed,Jones,student4502@university.com,Male,24,Engineering,87.61,56.33,79.72,58.66,91.06,3.09,62.03,72.08,A,17.7,Yes,Yes,None,Low,5,6.6
S5503,Ali,Smith,student4503@university.com,Male,19,Business,61.6,50.07,45.7,69.09,75.28,6.38,53.19,93.67,F,9.1,Yes,Yes,Bachelor's,Low,2,8.1
S5504,Maria,Brown,student4504@university.com,Female,20,CS,99.24,47.48,41.39,51.54,76.08,1,52.75,51.36,B,29.1,No,Yes,,Medium,4,8
S5505,John,Smith,student4505@university.com,Female,18,CS,75.11,87.83,72.92,91.33,75.95,1.35,62.07,70.37,C,27.9,No,Yes,Master's,Low,10,5.4
S5506,Ali,Davis,student4506@university.com,Male,19,Business,97.55,69.75,53.46,67.04,66.27,5.11,51.88,67.15,B,28.8,Yes,Yes,Bachelor's,Low,4,5.5
S5507,Sara,Johnson,student4507@university.com,Female,20,Business,75.25,77.87,44.73,62.41,66.23,6.23,92.51,85.7,F,12.3,No,Yes,PhD,High,10,8.9
S5508,Liam,Jones,student4508@university.com,Female,20,Mathematics,73.59,59.88,83.79,78.99,81.59,1.87,74.5,50.63,A,16.9,No,Yes,None,High,3,6
S5509,Liam,Johnson,student4509@university.com,Male,19,CS,72.46,73.22,69.88,85.25,52.24,0.33,90.55,83.04,F,18,No,Yes,Bachelor's,Medium,5,4.7
S5510,Ali,Davis,student4510@university.com,Male,20,Engineering,66.74,55.45,87.78,90.64,79.44,9.58,96.99,67.32,C,17.2,Yes,Yes,,Low,8,7.3
S5511,Liam,Davis,student4511@university.com,Female,20,CS,76.69,58.48,79.84,67.39,86.23,0.27,99.7,54.89,A,5.5,No,Yes,PhD,Low,2,5.2
S5512,Ahmed,Jones,student4512@university.com,Male,19,CS,72.63,79.13,83.79,90.62,67.82,0.02,96.86,99.02,B,25.8,Yes,Yes,Bachelor's,Medium,2,7
S5513,Omar,Jones,student4513@university.com,Female,24,Business,51.84,49.02,58.44,73.24,60.87,3.23,85.83,60.61,D,23.7,No,Yes,High School,Medium,9,8.1
S5514,Omar,Davis,student4514@university.com,Female,20,CS,63.02,77.03,55.8,55.06,60.67,2.22,72.1,67.46,F,16.9,No,No,,Medium,5,4.9
S5515,Liam,Williams,student4515@university.com,Female,20,Engineering,60.66,91.13,76.05,92.32,54.09,5.74,79.9,60.35,F,11.7,No,Yes,None,Low,2,6.3
S5516,Maria,Johnson,student4516@university.com,Female,24,Engineering,93.37,47.23,52,77.38,54.49,8.94,90.82,83.1,A,20.9,No,Yes,High School,Medium,2,5.9
S5517,Emma,Johnson,student4517@university.com,Male,21,Business,79.94,93.85,88.92,80.12,58.33,4.81,94.88,89.13,D,8.5,No,Yes,Bachelor's,Low,3,9
S5518,Maria,Williams,student4518@university.com,Female,23,Mathematics,88.18,44.77,71.38,96.87,50.96,7.73,97.82,93.03,B,29.9,No,Yes,PhD,High,9,7.6
S5519,Emma,Brown,student4519@university.com,Male,21,Engineering,97.84,60.93,53.62,77.96,63.31,9.09,86.53,65.55,B,8.1,Yes,Yes,Master's,Medium,6,4.4
S5520,Omar,Johnson,student4520@university.com,Female,18,Engineering,82.2,76.63,77.51,50.28,65.32,1.89,77,76.23,B,6.5,No,Yes,,Low,1,5.1
S5521,Omar,Smith,student4521@university.com,Female,21,Business,99.13,73.56,96.7,,99.76,4.88,98.42,83.16,A,20.3,No,Yes,,High,10,4.8
S5522,Ali,Davis,student4522@university.com,Male,21,Engineering,65.59,45.78,44.93,64.24,99.58,6.42,97.93,81.48,C,16.6,No,Yes,Bachelor's,High,3,4.1
S5523,John,Davis,student4523@university.com,Female,18,CS,59.31,87.93,46.56,75.09,59.35,3.32,73.88,85.8,D,23,Yes,Yes,None,Medium,5,5.6
S5524,Sara,Williams,student4524@university.com,Male,20,CS,70.17,98.39,90.63,60.24,60.65,7.4,82.43,88.49,C,8.2,Yes,Yes,None,Medium,4,5.6
S5525,Maria,Johnson,student4525@university.com,Male,20,CS,73.54,50.87,46.58,64.85,74.6,7.05,90.46,54.87,D,14.1,No,Yes,PhD,Low,5,5.2
S5526,Ahmed,Brown,student4526@university.com,Female,21,Engineering,94.77,93.71,42.36,84.33,57.44,4.21,71.65,58.42,A,17.5,No,Yes,PhD,Low,1,6.8
S5527,Emma,Johnson,student4527@university.com,Female,18,Business,78,73.41,60.88,71.48,75.2,0.88,91.47,86.72,B,16.2,No,Yes,High School,Medium,1,5.1
S5528,Liam,Davis,student4528@university.com,Female,20,CS,64.61,96.16,68,81.36,69.97,0.12,55.57,73.83,C,19.6,No,Yes,None,High,2,8.7
S5529,Ahmed,Jones,student4529@university.com,Female,22,CS,,50.57,74.17,91.18,66.23,3.69,74.06,71.35,D,7.5,No,Yes,Master's,Medium,9,7.7
S5530,John,Smith,student4530@university.com,Male,19,Mathematics,75.29,87.52,70.44,67.04,91.13,0.82,74.13,72.77,A,17.6,No,Yes,,Medium,3,4.6
S5531,Emma,Williams,student4531@university.com,Female,19,Business,58.11,43.59,94.79,78.42,91.41,7.82,84.23,68.6,F,18.9,Yes,Yes,None,Medium,8,5.3
S5532,Maria,Jones,student4532@university.com,Female,23,Engineering,78.84,92.99,86.12,88.88,99.39,3.34,55.82,79.55,C,27,No,Yes,Master's,High,10,8.9
S5533,Ali,Brown,student4533@university.com,Female,19,CS,95.57,80.45,99.03,85.76,61.15,6.66,55.16,66.17,B,19.3,No,Yes,,Medium,3,5
S5534,Ahmed,Jones,student4534@university.com,Female,21,CS,92.13,62.22,68.59,76.99,94.41,3.46,95.03,81.84,A,18.7,No,Yes,Bachelor's,Low,3,4.6
S5535,John,Jones,student4535@university.com,Female,19,CS,79.34,51.43,45.06,69.17,76.89,7.96,65.19,60.13,C,25.3,No,Yes,Bachelor's,High,9,5.2
S5536,Maria,Brown,student4536@university.com,Male,19,CS,68.85,88.99,97.33,70.38,79.57,8.88,66.35,87.88,B,6.6,No,No,None,Low,9,7.6
S5537,Omar,Jones,student4537@university.com,Female,22,CS,54.35,76.19,40.25,71.66,94.81,8.38,88.84,89.08,C,21.2,No,Yes,,Medium,2,6.6
S5538,Omar,Williams,student4538@university.com,Male,20,Engineering,73.48,61.62,86.57,67.44,97.13,4.84,70.75,78.93,A,25.3,Yes,Yes,Master's,High,8,4.3
S5539,Maria,Davis,student4539@university.com,Female,22,CS,87.6,66.63,41.88,84.95,86.34,0.84,91.65,68.47,B,7.4,No,Yes,,Medium,9,5.8
S5540,Maria,Johnson,student4540@university.com,Female,21,CS,68.01,89.59,85.67,56.27,67.39,3.72,70.07,50.72,F,25.3,No,No,PhD,Medium,7,4.4
S5541,Maria,Jones,student4541@university.com,Female,19,CS,,60.34,96.28,,74.48,4.24,88.03,56.08,B,24.7,Yes,Yes,,Low,8,5.5
S5542,Emma,Williams,student4542@university.com,Male,24,Engineering,96.57,45.38,63.36,88.95,80.75,9.6,76.27,53.98,A,5,No,Yes,,Medium,1,4.9
S5543,Maria,Johnson,student4543@university.com,Female,20,Engineering,91.08,94.68,54.46,64.91,91.43,5.65,96.79,50.51,A,11.2,Yes,Yes,PhD,High,2,5.1
S5544,Ahmed,Johnson,student4544@university.com,Male,23,Engineering,,63.24,53.58,52.13,82.9,6.41,66.37,86.11,D,8.8,Yes,Yes,None,Low,8,7.9
S5545,John,Jones,student4545@university.com,Male,23,CS,56.84,60.9,69.5,85.57,68.27,7.82,68.13,97.8,F,17.8,No,Yes,High School,Low,3,7.9
S5546,Emma,Williams,student4546@university.com,Female,19,CS,57.25,52.26,50.25,86.72,70.89,5.68,98.5,50.56,F,27.9,Yes,Yes,PhD,Low,7,7.7
S5547,Maria,Davis,student4547@university.com,Male,19,CS,55.16,93.85,80.38,98.18,52.52,5.98,86.88,55.63,F,20.1,No,Yes,Bachelor's,Low,7,7.4
S5548,Sara,Jones,student4548@university.com,Female,23,CS,80.81,53.05,62.1,62.69,96.21,2.45,88.63,93.03,D,20,Yes,Yes,Bachelor's,Medium,8,5.2
S5549,Liam,Brown,student4549@university.com,Female,23,Business,55.78,78.2,59.39,54.14,54.41,0.59,64.8,84.43,C,8.1,No,Yes,High School,Low,8,6.2
S5550,Sara,Johnson,student4550@university.com,Male,24,Mathematics,92.13,92.85,67.68,95.76,79,7.21,76.6,70.24,B,21.7,No,Yes,,Medium,8,6.3
S5551,John,Jones,student4551@university.com,Female,21,Engineering,99.65,42.09,72.56,62.93,93.58,8.49,65.68,99.64,B,27.2,No,Yes,PhD,Medium,5,6.7
S5552,Omar,Johnson,student4552@university.com,Female,19,Mathematics,68.32,89.73,48.52,86.08,71.04,4.12,62.99,78.68,F,15.7,No,Yes,Master's,Medium,1,8.3
S5553,Ali,Williams,student4553@university.com,Male,23,Engineering,72.68,64.64,82.47,53.03,90.01,5.49,76.76,83.48,A,22,No,Yes,None,Low,9,8.4
S5554,Ali,Smith,student4554@university.com,Male,24,CS,85.58,79.48,92.98,88.03,90.19,3.07,99.39,82.66,A,12.4,No,Yes,PhD,Medium,9,5.1
S5555,Liam,Jones,student4555@university.com,Male,18,Mathematics,96.86,62.34,56.68,56.35,52.99,4.5,60.73,61.14,A,11.7,No,Yes,Master's,Medium,6,6.2
S5556,Omar,Davis,student4556@university.com,Male,23,CS,94.7,81.73,50.82,84.78,70.61,2.09,62.13,74.41,A,9.6,No,Yes,High School,Medium,9,4.7
S5557,Emma,Jones,student4557@university.com,Male,20,Engineering,52.88,55.26,85.63,76.62,84.55,7.6,62.16,60.82,F,11,Yes,Yes,High School,High,7,7.2
S5558,Emma,Johnson,student4558@university.com,Male,20,CS,,41.32,51.01,,71.12,4.92,89.59,75.47,B,13.6,No,Yes,High School,High,4,6.9
S5559,Emma,Williams,student4559@university.com,Female,18,CS,87.73,96.87,42.48,51.85,77.26,5.47,75.52,51.54,A,19.2,No,Yes,,High,10,8.3
S5560,Ali,Brown,student4560@university.com,Male,21,Engineering,84.44,40.98,77.15,64.6,79.72,0.37,69.24,69.1,A,24.5,Yes,No,Bachelor's,High,10,6.6
S5561,Sara,Davis,student4561@university.com,Male,19,Engineering,56.66,89.45,54.39,53.48,57.56,6.22,92.19,68.61,D,12.2,Yes,Yes,High School,Low,4,7.9
S5562,Ali,Williams,student4562@university.com,Female,19,CS,75.1,50.15,50.31,93.96,70.6,2.03,64.87,64.58,B,9.2,No,Yes,Master's,Medium,1,5.6
S5563,Ahmed,Jones,student4563@university.com,Female,23,CS,89.04,63.53,98.9,79.7,51.42,3.83,69.61,53.96,A,16.2,No,Yes,Master's,Low,9,7.5
S5564,Maria,Brown,student4564@university.com,Male,20,CS,60.94,89.35,57.51,76.75,57.48,4.13,53.68,88.55,B,24.7,No,Yes,None,High,6,4.2
S5565,Emma,Williams,student4565@university.com,Male,21,Mathematics,,52.36,94.21,56.57,75.61,4.49,55.95,71.02,D,14.7,No,Yes,High School,High,7,4.8
S5566,Sara,Smith,student4566@university.com,Female,21,Business,52.65,91.94,50.69,74.45,78.68,2.27,56.84,90.7,F,27.8,No,Yes,Bachelor's,Low,2,6.2
S5567,John,Davis,student4567@university.com,Male,21,Engineering,89.11,69.87,89.14,69.94,57.31,8.5,67.35,91.79,A,11.2,No,Yes,,Medium,3,8.4
S5568,Liam,Johnson,student4568@university.com,Male,23,CS,80.79,61.97,70.12,65.79,87.78,4.28,76.2,60.68,A,24,No,Yes,Bachelor's,High,4,8.4
S5569,John,Williams,student4569@university.com,Female,19,Business,65.76,79.75,44.72,88.61,68.65,6.12,50.04,71.07,C,16.7,No,Yes,Bachelor's,Medium,3,7
S5570,Maria,Williams,student4570@university.com,Male,21,CS,86.05,60.48,84.02,53.06,96.03,6.14,59.5,86.05,A,7.7,No,No,,Medium,10,4.6
S5571,Sara,Smith,student4571@university.com,Female,23,CS,89.12,60.84,93.52,82.33,69.38,6.07,58.78,74.97,B,12,No,Yes,,Low,9,7.4
S5572,Ali,Jones,student4572@university.com,Male,23,CS,96.69,84.01,49.78,91.15,57.49,5.59,62.67,92.75,A,26.5,Yes,Yes,,Medium,8,4.9
S5573,Ali,Davis,student4573@university.com,Female,18,Business,68.39,58.59,83.54,95.37,87.9,8.23,58.3,78.58,F,5.1,No,Yes,Bachelor's,Low,2,5.8
S5574,Ahmed,Davis,student4574@university.com,Female,22,CS,84.3,52.05,66.7,87.3,78.39,8.13,59.76,81.48,D,23.9,No,Yes,Bachelor's,Medium,9,5.6
S5575,Ahmed,Johnson,student4575@university.com,Female,21,CS,80.13,88.46,85.23,64.12,69.33,4.17,99.19,89.35,B,25.3,Yes,Yes,,High,8,8.4
S5576,Ali,Williams,student4576@university.com,Male,22,Engineering,76.26,88.32,82.84,80.03,67.8,6.36,79.74,56.11,C,8,No,Yes,Master's,Medium,4,7.5
S5577,John,Brown,student4577@university.com,Female,19,CS,94.52,69.86,41.6,57.07,57.54,1.03,88.13,79.21,A,29.1,No,Yes,Master's,Medium,3,4.4
S5578,Liam,Williams,student4578@university.com,Male,23,Engineering,50.16,71.6,50.72,55.85,67.04,0.91,90.97,54.27,F,26.8,No,Yes,Bachelor's,Medium,4,8.2
S5579,Emma,Johnson,student4579@university.com,Female,24,Engineering,64.11,81.76,68.26,81.93,51.47,4.8,83.38,63.03,F,9.5,Yes,Yes,,Low,2,6.2
S5580,John,Williams,student4580@university.com,Female,21,Engineering,76.91,70.56,96.02,92.56,75.12,9,85.2,60.63,B,11,No,Yes,,High,8,7.8
S5581,Liam,Smith,student4581@university.com,Female,24,CS,58.91,65.02,60.52,53.36,94.84,6.5,81.61,78.35,F,25.5,No,Yes,Master's,Low,6,7.9
S5582,Ahmed,Williams,student4582@university.com,Male,20,CS,95.39,99.69,77.73,55.3,89.77,6.69,82.47,92.2,B,18.7,No,Yes,PhD,Low,10,9
S5583,Maria,Williams,student4583@university.com,Male,19,Business,82.38,48.86,40.73,78.28,51.43,1.58,96.42,56.64,D,28.1,No,Yes,None,High,1,5.7
S5584,Liam,Brown,student4584@university.com,Female,18,Business,73.89,75.56,82.67,60.91,94.06,4.53,59.29,88.42,F,29.5,No,No,Bachelor's,Medium,7,8.3
S5585,Ali,Smith,student4585@university.com,Male,18,CS,90.74,93.15,76.18,80.59,72.62,4.01,63.74,57.15,A,13.6,No,Yes,PhD,Low,4,5.4
S5586,Ahmed,Smith,student4586@university.com,Male,22,CS,72.54,81.23,82.92,60.73,59.54,7.83,54.66,59.48,F,7.4,No,No,High School,Low,4,9
S5587,Ahmed,Williams,student4587@university.com,Male,23,CS,77.93,92.86,94.28,55.82,87.62,1.38,91.87,95.85,F,22.6,No,Yes,Bachelor's,Low,5,6.1
S5588,Emma,Davis,student4588@university.com,Female,22,Engineering,50.14,60.18,48.79,77.28,66.14,5.39,72.44,50.49,F,28.1,Yes,Yes,High School,High,8,7.3
S5589,Ali,Brown,student4589@university.com,Male,20,Business,68.29,56.32,55.7,93.11,62.67,9.11,95.36,59.86,A,9.1,No,Yes,None,Low,10,9
S5590,Emma,Williams,student4590@university.com,Female,20,CS,56.94,91.08,99.75,84.26,58.07,8.92,70.58,60.78,C,29.6,Yes,Yes,PhD,High,2,5
S5591,Ali,Williams,student4591@university.com,Female,18,Engineering,84.48,63.65,49.38,90.94,74.33,8.52,72.13,64.09,B,9.9,No,Yes,PhD,Low,7,7.1
S5592,Emma,Johnson,student4592@university.com,Female,24,Business,73.95,82.58,83.24,63.32,54.67,3.75,72.42,68.17,B,7.2,Yes,No,None,Medium,9,9
S5593,Liam,Johnson,student4593@university.com,Male,21,Mathematics,65.09,48.86,83.5,94.3,89.28,9.41,80.62,55.16,D,17.4,No,Yes,,Medium,8,8.7
S5594,John,Davis,student4594@university.com,Female,18,CS,73.39,85.35,80.98,68.85,73.53,8.05,88.31,73.42,A,25.1,No,Yes,Bachelor's,Low,10,5.1
S5595,Maria,Brown,student4595@university.com,Male,18,CS,60.48,72.94,53.65,92.62,72.35,8.51,67.56,69.97,F,13.9,No,Yes,None,Low,10,4.5
S5596,Maria,Jones,student4596@university.com,Male,24,CS,96.25,56.12,52.91,73.56,50.09,9.32,81.51,81.25,A,13.3,Yes,Yes,,Low,2,6.1
S5597,Ali,Johnson,student4597@university.com,Female,24,Business,52.7,69.67,79.98,63.39,90.89,9.37,60.2,93.38,D,9.9,No,Yes,High School,Medium,4,7.8
S5598,Sara,Jones,student4598@university.com,Female,20,Business,93.27,81.82,51.18,,74.64,2.4,77.7,64.89,A,29.7,Yes,No,None,High,1,7.9
S5599,Omar,Smith,student4599@university.com,Female,24,Engineering,,40.71,79.69,78.38,71.99,1.28,77.33,77.32,F,13.5,No,Yes,Master's,High,4,7
S5600,Ahmed,Johnson,student4600@university.com,Male,22,CS,80.95,78.25,69.55,53.95,88.07,6.91,94.44,68.57,F,21.7,No,Yes,PhD,Low,5,7.1
S5601,Ahmed,Johnson,student4601@university.com,Male,20,CS,,72.5,63.2,96.5,53.14,5.63,94.79,52.01,D,8.3,Yes,Yes,,High,6,4.6
S5602,Ali,Brown,student4602@university.com,Female,24,CS,98.33,53.22,58.01,63.57,68.33,3.27,74.36,91.05,A,16.2,No,Yes,,Low,2,6.2
S5603,Liam,Davis,student4603@university.com,Female,23,Engineering,,85.18,96.85,66.78,78.79,6.84,51.23,81.71,B,24.9,Yes,Yes,High School,High,5,6.9
S5604,Emma,Jones,student4604@university.com,Male,20,CS,79.44,58.21,70.49,61.67,73.03,0.62,92.23,50.11,C,29.3,Yes,Yes,Bachelor's,Medium,5,7.4
S5605,Sara,Johnson,student4605@university.com,Male,20,CS,,56.61,73.68,50.15,59.08,0.47,50.03,62.48,F,9.4,No,Yes,,High,4,4.5
S5606,John,Johnson,student4606@university.com,Female,18,Business,94.05,68.27,96.96,,64.96,3.54,73.91,65.45,A,7.4,No,Yes,,Medium,8,7.5
S5607,Emma,Brown,student4607@university.com,Male,21,CS,,80.57,79.23,79.53,65.01,1.94,50.99,90.58,B,29.7,Yes,Yes,High School,Medium,10,8.7
S5608,Emma,Brown,student4608@university.com,Male,18,Engineering,99.52,95.73,97.47,,99.6,7.19,67.63,88.04,B,18.9,No,Yes,Master's,Medium,7,7.9
S5609,Ali,Davis,student4609@university.com,Male,19,CS,85.07,48.48,46.38,52.05,66.31,9.48,81.84,69.81,A,13.6,No,Yes,High School,Medium,2,7.1
S5610,Ali,Jones,student4610@university.com,Male,20,Business,60.44,63.79,90.8,96.43,60.26,6.62,68.56,57.87,D,29,No,Yes,None,High,8,4.5
S5611,Liam,Smith,student4611@university.com,Male,24,Engineering,70.28,44.02,60.12,,91.13,6.55,96.34,69.3,F,14.8,No,No,Bachelor's,Low,8,8
S5612,Ahmed,Davis,student4612@university.com,Male,24,Mathematics,66.72,85.51,88.63,95.65,71.06,0.07,82.04,90.51,B,10.8,Yes,Yes,None,High,5,7.3
S5613,Ali,Smith,student4613@university.com,Female,24,Engineering,,66.86,91.34,55.36,72.19,5.12,82.32,72.62,B,25.1,No,Yes,,High,7,6.7
S5614,Ali,Williams,student4614@university.com,Male,20,Mathematics,88.02,82.42,56.29,87.2,77.44,8.17,68.72,55.79,A,12.8,No,Yes,None,Medium,4,8
S5615,Ali,Johnson,student4615@university.com,Female,24,Business,79.21,59.33,64.53,,79.78,6.54,51.93,51.93,F,13,No,Yes,,Low,5,7.4
S5616,Liam,Jones,student4616@university.com,Female,19,Engineering,51.9,90.66,83.56,67.91,79.53,2.28,86.91,66.67,F,16.1,No,Yes,Bachelor's,Low,3,6.3
S5617,Ahmed,Davis,student4617@university.com,Male,20,Mathematics,93.87,72.09,45.94,53.96,51.72,8.48,85.81,57.42,A,22.3,No,Yes,,High,4,5.2
S5618,John,Johnson,student4618@university.com,Female,24,CS,64.84,96.62,85.33,80.24,90.94,9.64,76.51,87.25,D,26,Yes,Yes,Bachelor's,Medium,4,6.5
S5619,John,Jones,student4619@university.com,Female,20,CS,99.85,44.73,46.63,51.32,59.74,2.79,70.81,63.94,A,10.7,Yes,Yes,Master's,High,7,4.8
S5620,Omar,Jones,student4620@university.com,Female,23,CS,97.71,70.86,94.87,75.06,64.62,2.07,76.92,93.87,A,14.1,No,Yes,,Low,10,4.3
S5621,Omar,Jones,student4621@university.com,Male,20,Engineering,97.03,85.99,56.58,80.21,58.67,3.39,87.34,80.87,A,17.4,No,Yes,Bachelor's,High,10,5.2
S5622,Ali,Johnson,student4622@university.com,Female,19,Business,90.56,76.01,74.54,86.63,88.35,0.63,85.64,69.68,A,5.6,No,Yes,High School,High,10,5.8
S5623,Omar,Davis,student4623@university.com,Male,18,Business,61.03,41.39,47.03,99.57,79.18,8.73,82.91,80.5,F,22.4,No,Yes,Bachelor's,High,1,7.2
S5624,Ahmed,Brown,student4624@university.com,Female,20,CS,76.63,98.34,56.17,63,87.76,9.29,95.19,64.76,B,19.1,Yes,Yes,PhD,Low,7,6.5
S5625,Liam,Johnson,student4625@university.com,Female,21,Engineering,61.22,57.9,64.24,66.12,82.67,6.33,80.49,57.07,D,8.3,No,Yes,Master's,Medium,5,7.7
S5626,John,Jones,student4626@university.com,Female,19,CS,62.98,54.96,69.22,67.06,55.21,7.64,50.73,98.21,C,8.3,No,Yes,Master's,Low,8,7.7
S5627,Emma,Davis,student4627@university.com,Female,22,Engineering,80.55,69.14,40,86.58,65.07,6.69,80.9,78.16,A,27.4,No,Yes,Bachelor's,Medium,8,7.5
S5628,John,Williams,student4628@university.com,Male,23,CS,52.04,72.53,93.32,96.59,75.36,3.77,80.63,50.37,F,22.1,No,Yes,High School,Medium,6,6.7
S5629,John,Smith,student4629@university.com,Female,19,Mathematics,98.47,85.98,40.46,98.72,65.25,6.32,53.48,65.52,B,14.7,Yes,Yes,Bachelor's,Low,3,7.3
S5630,Ahmed,Jones,student4630@university.com,Female,18,CS,95.93,63.6,86.42,97.29,60.37,8.36,71.39,57.98,A,13.5,Yes,Yes,PhD,Low,2,8.9
S5631,Omar,Williams,student4631@university.com,Male,24,CS,69.04,66.4,68.23,93.97,93.49,8.1,82.55,62.91,C,12.9,No,No,PhD,Medium,9,7.5
S5632,Emma,Brown,student4632@university.com,Male,24,Business,75.77,72.1,71.43,99.55,87.39,0.81,85.23,52.79,C,21.4,Yes,No,None,Low,8,7.7
S5633,Ahmed,Jones,student4633@university.com,Male,19,Engineering,73.31,63.66,52.5,68.8,67.26,4.63,94.65,62.25,B,9.5,No,Yes,,Medium,10,5.5
S5634,Ali,Williams,student4634@university.com,Female,22,CS,94.11,94.87,76.44,97.42,88.25,3.97,92.07,84.15,A,29.7,Yes,Yes,Master's,Medium,5,6.4
S5635,Liam,Jones,student4635@university.com,Male,24,Engineering,,91.08,72.23,88.05,81.38,7.52,55.83,91.03,C,22.2,Yes,Yes,PhD,Medium,10,6.2
S5636,Maria,Johnson,student4636@university.com,Male,23,CS,63.91,67.3,49.85,58.42,50.19,5.01,80.44,67.37,B,8.2,Yes,Yes,PhD,Low,3,5.8
S5637,John,Davis,student4637@university.com,Male,21,Mathematics,72.34,40.01,54.29,52.27,69.01,3.5,79.82,76.12,D,8.5,Yes,Yes,High School,Medium,7,6.3
S5638,Maria,Williams,student4638@university.com,Male,22,Engineering,71.45,94.06,44.01,60.72,64.52,7.06,65.19,52.09,F,21.2,No,Yes,Bachelor's,Low,2,7
S5639,Liam,Davis,student4639@university.com,Male,19,CS,97.97,47.46,43.98,88.94,60.9,4.74,59.21,54.54,B,14.6,No,No,,Low,5,7.1
S5640,Liam,Johnson,student4640@university.com,Male,22,Engineering,,54.67,40.83,81.58,62.58,2.57,59.98,77.6,C,21.5,Yes,Yes,PhD,Medium,4,8.2
S5641,Ahmed,Johnson,student4641@university.com,Female,24,CS,,49.14,53.23,61.22,97.12,8.9,58.88,92.03,A,23.1,No,Yes,None,Medium,5,7.3
S5642,Ahmed,Davis,student4642@university.com,Male,24,Business,94.03,50.79,80.78,87.1,74.32,1.13,90.31,54.4,A,18.4,No,Yes,Master's,Low,10,8.3
S5643,Ahmed,Williams,student4643@university.com,Female,19,Mathematics,94.83,88.17,58.97,57.07,92.39,0.18,57.42,70.93,A,11.4,No,Yes,None,Low,5,7.3
S5644,Maria,Davis,student4644@university.com,Male,24,Business,93.59,74.77,60.56,91.09,60.71,1.44,63.22,98.52,A,18.8,No,Yes,PhD,Low,1,5.8
S5645,Ahmed,Davis,student4645@university.com,Male,24,CS,75.55,97.37,47.91,,58.72,1.64,60.89,86.94,F,15.5,No,Yes,Bachelor's,Medium,10,7.2
S5646,Liam,Smith,student4646@university.com,Male,21,CS,82.99,53.89,74.53,98.63,94.44,5.38,85.64,59.88,F,27.3,Yes,Yes,PhD,Medium,8,7.6
S5647,Ali,Williams,student4647@university.com,Female,21,CS,78.17,69.14,60.53,57.51,74.79,6.25,57.92,64.26,A,23.5,Yes,Yes,,High,2,7.4
S5648,Ahmed,Smith,student4648@university.com,Male,18,Engineering,53.47,98.65,80.58,95.33,94.76,4.49,51.2,97.4,F,20.5,No,No,,Low,9,8.2
S5649,Sara,Jones,student4649@university.com,Male,21,Engineering,79.79,89.59,84.49,67.06,53.15,2.04,68.71,61.05,A,6,No,Yes,,Medium,4,8.5
S5650,Omar,Davis,student4650@university.com,Male,20,Engineering,50.68,83.72,75.08,70.8,95.82,1.32,65.25,72.05,D,29.8,Yes,No,Bachelor's,Medium,8,5.7
S5651,Maria,Jones,student4651@university.com,Male,22,Mathematics,66.25,51.34,56.56,73.42,70.77,4.92,69.89,67.78,B,19.2,No,Yes,None,High,10,4.4
S5652,Sara,Williams,student4652@university.com,Female,22,CS,96.61,86.16,70.52,81.35,57.77,5.65,87.69,74.5,A,11.5,No,Yes,,Low,3,7.3
S5653,Ahmed,Davis,student4653@university.com,Female,19,CS,65.2,60.85,55.12,99.74,84.17,3.04,50.62,61.83,D,19.8,No,Yes,None,Low,5,4.6
S5654,Liam,Jones,student4654@university.com,Female,21,CS,96.99,71.83,94.17,,89.85,2.2,51.89,83.42,A,25.4,No,Yes,Master's,Low,1,8.4
S5655,Ali,Brown,student4655@university.com,Female,18,CS,62.51,76.55,85.98,96.34,52.37,0.81,62.78,61.73,B,18.5,No,Yes,Bachelor's,Medium,6,8.1
S5656,John,Johnson,student4656@university.com,Female,24,CS,65.73,76.56,69.58,62.75,99.36,0.26,94.46,80.11,D,24.4,Yes,Yes,PhD,High,8,7.6
S5657,Emma,Davis,student4657@university.com,Male,18,Engineering,81.42,83.59,97.93,69.92,84.85,1.06,58.45,67.89,F,15.3,No,Yes,Master's,Low,4,8.6
S5658,Omar,Johnson,student4658@university.com,Male,18,CS,88.08,79.7,72.81,75.22,66.07,7.42,99.85,62.57,A,19.7,No,Yes,None,Low,1,8.4
S5659,Emma,Smith,student4659@university.com,Male,23,CS,75.07,44.1,59.71,66.15,57.56,3.44,90.28,84.75,B,15.6,No,Yes,None,Low,10,8.6
S5660,Ahmed,Jones,student4660@university.com,Female,24,Business,,67.44,45.73,98.84,69.63,0.27,72.81,98.26,D,18.2,No,Yes,,Low,10,7.7
S5661,Omar,Smith,student4661@university.com,Male,20,CS,52.01,79.84,72.62,86.28,61.03,5.08,87.39,93.47,F,9.2,No,Yes,PhD,High,8,5.8
S5662,Omar,Davis,student4662@university.com,Female,21,Engineering,96.11,57.76,91.62,73.94,74.71,5.36,75.94,54.34,A,20,No,Yes,,Medium,6,4.2
S5663,Ali,Johnson,student4663@university.com,Male,24,CS,59.82,58.78,92,87.57,89.09,4.29,78.3,72.72,D,29.5,No,Yes,High School,Low,10,4.3
S5664,Omar,Johnson,student4664@university.com,Female,18,Engineering,94.21,47.47,76.27,73.37,83.01,1.11,79.04,84.74,A,24.1,Yes,Yes,Master's,Low,8,8
S5665,Maria,Jones,student4665@university.com,Male,24,Mathematics,70.04,65.12,63.61,50.86,71.8,7.55,82.44,78.13,C,13,No,Yes,High School,High,2,5
S5666,Sara,Davis,student4666@university.com,Male,20,CS,91.64,99.21,79.02,77.16,55.95,6.89,53.04,86.32,A,26.6,No,Yes,PhD,Medium,6,5.6
S5667,Sara,Brown,student4667@university.com,Male,22,Engineering,83.58,57.12,85.73,81.26,97.86,3.95,80.82,98.76,D,27.4,No,Yes,Bachelor's,Medium,2,6.9
S5668,Sara,Brown,student4668@university.com,Male,19,Business,58.8,71.89,64.7,99.06,63.52,3.81,85.85,67.11,D,9.4,No,Yes,Master's,Medium,6,4.7
S5669,Maria,Jones,student4669@university.com,Female,21,Engineering,95.9,84.59,68.58,52.04,63.89,1.56,65.54,88.54,B,6.3,No,Yes,High School,Medium,6,8.9
S5670,Emma,Davis,student4670@university.com,Male,21,CS,62.28,40.81,80.84,75.6,82.28,7.54,98.93,54.7,D,19.3,No,Yes,None,Low,10,8.1
S5671,Ali,Jones,student4671@university.com,Male,23,CS,62.21,94.03,92.6,54.91,88.53,6,57.22,93.49,F,16.9,No,Yes,Master's,Low,7,6.9
S5672,Omar,Davis,student4672@university.com,Male,22,Engineering,90.71,63.19,87.46,57.45,99.21,0.86,95.52,88.92,B,22.9,Yes,Yes,Bachelor's,High,1,8.5
S5673,Maria,Smith,student4673@university.com,Female,21,Business,55.29,92.15,41.34,80.52,98.46,3.78,83.82,76.05,F,12.3,Yes,Yes,,Low,1,6.5
S5674,Sara,Jones,student4674@university.com,Male,23,CS,61.1,42.34,47.46,61.58,95.69,9.04,83.22,91.05,B,14.5,No,Yes,PhD,Medium,1,8.5
S5675,Ahmed,Davis,student4675@university.com,Male,23,CS,75.18,48.74,91.17,,71.77,4.52,93.8,83.33,C,11.6,No,No,,High,5,8.1
S5676,John,Brown,student4676@university.com,Male,23,CS,91.52,59.35,90.03,75.71,58.33,3.25,91.59,77.61,A,12.3,No,Yes,None,Medium,1,4.1
S5677,Omar,Davis,student4677@university.com,Male,21,CS,57.37,60.73,63.33,60.91,79.22,6.44,67.27,97.3,C,5.2,No,Yes,Bachelor's,Medium,3,8
S5678,Maria,Davis,student4678@university.com,Male,21,CS,77.38,90.87,75.06,74.69,50.86,2.03,85.27,56.51,C,17.8,No,Yes,PhD,Medium,1,7.9
S5679,Liam,Jones,student4679@university.com,Female,21,CS,,40.67,94.35,50.04,59.81,5.24,52.53,99.65,F,16.8,No,Yes,High School,Low,7,5.6
S5680,Maria,Smith,student4680@university.com,Female,20,CS,93.03,78.47,94.69,93.14,50.13,6.7,73.2,57.72,A,13.9,Yes,Yes,PhD,Medium,8,6.5
S5681,Ali,Smith,student4681@university.com,Female,23,CS,96.78,47.88,86.99,50.63,59.03,8.55,96.89,74.01,A,18.5,No,Yes,None,Low,4,4.7
S5682,Ali,Smith,student4682@university.com,Male,20,Mathematics,89.23,89.39,52.58,,73.74,6.93,63.7,61.57,B,14.8,No,Yes,None,Low,9,7.3
S5683,Maria,Smith,student4683@university.com,Female,19,CS,82.64,86.71,83.82,80.58,69.67,3.84,52.5,63.6,B,15.8,No,Yes,High School,Medium,8,7.4
S5684,Sara,Williams,student4684@university.com,Male,21,CS,71.68,70,46.07,98.68,68.46,7.68,79.15,81.59,A,5,No,Yes,Master's,Medium,7,8.9
S5685,John,Jones,student4685@university.com,Male,24,CS,55.61,52.76,93.64,92.8,91.55,8.98,67.75,51.74,D,6.7,No,Yes,,High,9,7.6
S5686,Omar,Johnson,student4686@university.com,Male,22,Mathematics,85.49,78.07,48.95,62.6,83.75,4.78,68.98,97.04,A,8.8,Yes,Yes,None,Medium,10,6.2
S5687,Ali,Jones,student4687@university.com,Male,18,Business,99.64,49.38,79.74,59.83,96.82,0.05,79.12,63.98,A,9.6,No,Yes,Bachelor's,Low,3,4.9
S5688,Omar,Williams,student4688@university.com,Female,19,Business,86.84,51.4,76.61,81.31,72.27,8.81,81.08,63.63,A,16.3,No,Yes,High School,High,2,7.9
S5689,Sara,Smith,student4689@university.com,Female,24,CS,50.84,77.6,86.61,91.13,63.61,1.65,71.87,93.18,C,26.9,Yes,Yes,High School,Low,10,5.8
S5690,Omar,Williams,student4690@university.com,Female,18,Business,74.81,99.47,73.09,68.1,56.13,1.26,75.38,88.24,C,15.2,No,Yes,Master's,Medium,5,8.7
S5691,Ahmed,Brown,student4691@university.com,Male,18,Engineering,80.73,93.46,43.57,71.62,83.6,3.08,99.66,83.59,C,20.7,Yes,Yes,None,Medium,10,5.4
S5692,Ali,Brown,student4692@university.com,Female,21,CS,,75.59,82.35,55.77,92.09,3.8,97.86,57.32,F,5.6,No,Yes,,Low,9,5
S5693,Sara,Jones,student4693@university.com,Female,22,Engineering,85.99,72.31,62.99,,59.19,7.99,85.37,88.48,A,26.4,No,Yes,PhD,Low,2,7.1
S5694,Sara,Jones,student4694@university.com,Male,18,Business,,99.9,59.22,78.42,93.94,3.89,58.07,68.04,A,7.8,No,Yes,Bachelor's,Medium,2,8.6
S5695,John,Johnson,student4695@university.com,Female,23,Business,61.17,72.84,99.5,55.13,76.31,0.49,68,99.69,D,12.1,No,Yes,Bachelor's,High,5,4.7
S5696,John,Johnson,student4696@university.com,Male,24,Business,97.11,65.21,75.42,60.1,57.2,6.36,94.15,83.56,A,25.4,No,Yes,PhD,Medium,9,4.2
S5697,Ahmed,Brown,student4697@university.com,Female,18,Mathematics,84.83,94.57,82.64,61.73,82.14,6.71,71.18,91.79,C,11.6,No,Yes,Bachelor's,Medium,9,8.8
S5698,Sara,Smith,student4698@university.com,Female,19,CS,61.84,54.05,71.58,72.2,76,8.14,97.77,86.69,F,11.4,No,Yes,PhD,Medium,10,4.7
S5699,Emma,Williams,student4699@university.com,Female,22,Engineering,66.12,45.85,86.2,52.28,51.41,3.99,74.42,79.71,D,20.1,Yes,Yes,Bachelor's,Medium,4,7
S5700,Sara,Johnson,student4700@university.com,Male,22,CS,96.1,78.05,85.12,,69.96,0.86,93.09,85.82,A,27.6,No,Yes,High School,Medium,9,5
S5701,John,Davis,student4701@university.com,Female,18,Business,94.37,45.75,79.43,96.43,89.24,5.53,51.77,79.87,A,10.3,No,Yes,Master's,Low,1,4.8
S5702,Emma,Johnson,student4702@university.com,Female,22,CS,70.26,62.39,99.86,51.22,77.77,1.21,71.71,52.56,A,20.5,No,Yes,None,High,9,4.8
S5703,Ali,Smith,student4703@university.com,Female,19,Business,51.92,65.41,67.59,81.55,64.1,0.17,85.01,67.28,F,20,No,No,None,Medium,7,7.5
S5704,Ali,Smith,student4704@university.com,Female,24,CS,52.42,72.85,82.37,91.79,96.43,7.79,93.18,65.82,F,21.5,No,Yes,None,Low,9,7.8
S5705,Omar,Jones,student4705@university.com,Male,19,CS,64.2,99.5,87.87,,61.89,4.03,80.48,85.7,A,28.7,No,Yes,None,Low,10,4.6
S5706,Maria,Williams,student4706@university.com,Male,19,CS,81.46,53.26,62.56,56.58,62.64,5.25,58.66,78.81,F,9.1,No,Yes,,Low,5,4.7
S5707,John,Smith,student4707@university.com,Female,23,CS,79.21,62.55,67.43,52.17,67.73,6.63,94.29,80.52,C,21.4,No,Yes,PhD,Low,6,8.7
S5708,Maria,Johnson,student4708@university.com,Female,21,Business,81.69,47.93,98.15,,94.73,4.01,78.74,92.35,C,9.6,No,Yes,High School,Low,1,6.9
S5709,Emma,Johnson,student4709@university.com,Female,18,CS,85.86,76.46,41.94,77.61,75.38,0.51,55.4,76.27,A,12.9,No,Yes,Master's,Medium,2,7.9
S5710,John,Brown,student4710@university.com,Male,24,Engineering,50.95,83.66,60.12,,84.11,2.53,73.19,60.91,F,14.7,Yes,Yes,None,Medium,1,4.4
S5711,Ahmed,Smith,student4711@university.com,Female,22,CS,55.25,68.92,69.17,91.58,98.81,1.94,84.95,50.62,D,25.9,No,Yes,Bachelor's,High,1,4.3
S5712,Sara,Davis,student4712@university.com,Female,19,CS,,54.75,40.09,86.78,89.16,9.77,72.55,57.97,F,6.3,Yes,Yes,Bachelor's,Low,7,6
S5713,Ahmed,Jones,student4713@university.com,Male,18,CS,57.74,77.25,93.95,63.82,58.63,7.4,93.54,51.53,F,23.3,No,Yes,,Medium,3,6.8
S5714,Emma,Williams,student4714@university.com,Male,24,CS,,72.35,57.17,87.67,89.42,4.52,71.18,61.85,C,27.8,No,Yes,,High,1,5.9
S5715,John,Davis,student4715@university.com,Male,24,Business,,50.27,55.46,62.25,87.42,0.63,79.17,81.75,A,7,No,Yes,None,Medium,1,7.6
S5716,Liam,Jones,student4716@university.com,Female,18,Engineering,,64.34,89.22,83.76,61.63,1.16,60.56,57.57,A,24.8,No,Yes,High School,Low,7,7.3
S5717,Emma,Johnson,student4717@university.com,Male,21,CS,87.63,66.11,56.68,55.93,66.27,8.13,75.63,54.1,A,7.7,No,Yes,Bachelor's,Medium,5,6.2
S5718,Liam,Davis,student4718@university.com,Male,23,Engineering,,98.96,79.46,84.61,85.51,9.45,61.14,98.54,F,29.1,No,Yes,Bachelor's,Medium,1,4.4
S5719,Sara,Jones,student4719@university.com,Female,22,CS,83.29,90.96,89.29,61.94,61.92,0.31,61.26,99.85,D,25.4,No,Yes,PhD,High,8,7
S5720,Ali,Johnson,student4720@university.com,Male,23,CS,86.77,84.06,87.55,78.62,60.41,9.1,64,81.85,A,22.4,No,Yes,,Low,6,5.2
S5721,Ali,Johnson,student4721@university.com,Female,24,Engineering,63.59,93.33,86.92,58.62,85.17,3.81,52.21,55.43,B,18.8,Yes,Yes,None,Medium,5,5.9
S5722,Emma,Johnson,student4722@university.com,Female,22,CS,99.65,84.13,45.32,86.3,94.03,2.14,58.17,91.08,A,28,No,Yes,None,Medium,6,4.1
S5723,Maria,Johnson,student4723@university.com,Male,24,Engineering,59.16,94.2,44.79,53.04,53.75,1.02,71.22,76.96,D,8,No,Yes,Bachelor's,Low,8,6.6
S5724,John,Johnson,student4724@university.com,Female,19,Engineering,60.72,43.27,58.41,58.27,72.3,7.72,56.55,59.1,A,8,Yes,Yes,PhD,Low,9,7.5
S5725,John,Brown,student4725@university.com,Male,19,Business,64.45,67.36,42.16,59.21,80.36,4.69,56.67,78.78,C,25.6,No,Yes,Master's,Low,9,6.9
S5726,Ali,Davis,student4726@university.com,Male,18,Mathematics,98.77,84.81,70.03,52.07,83.81,8.32,98.4,51.97,B,17.1,Yes,Yes,Bachelor's,Low,3,7.8
S5727,Omar,Jones,student4727@university.com,Male,22,CS,99.41,75,63.69,87.25,99.81,2.26,71.35,98.62,A,26.1,No,Yes,Master's,Low,1,9
S5728,Ahmed,Brown,student4728@university.com,Female,22,CS,89.74,50.51,73.42,99.05,84.13,6.79,70.19,91.3,B,14.8,Yes,Yes,Bachelor's,Medium,10,7.2
S5729,Omar,Brown,student4729@university.com,Male,24,CS,81.45,60.43,57.93,88.92,81.01,1.18,63.39,63.04,B,16.3,No,No,,Medium,6,5.1
S5730,Sara,Smith,student4730@university.com,Female,23,CS,76,59.07,69.15,93.03,99.49,0.9,75.62,70.95,F,13.3,Yes,Yes,None,High,7,6.9
S5731,Ahmed,Smith,student4731@university.com,Female,19,Business,98.53,55.68,60.08,50.3,53.03,1.33,79.8,69.76,B,28.8,No,Yes,None,Low,6,5.2
S5732,Ahmed,Smith,student4732@university.com,Female,20,Business,84.78,60.59,51.71,,53.72,8.09,70.91,93.07,D,16.6,No,Yes,Master's,Low,5,5.7
S5733,Emma,Williams,student4733@university.com,Male,18,Engineering,97.24,70.89,78.96,77.95,78.03,6.56,69.69,67.73,A,23.9,Yes,No,,Low,10,5.8
S5734,Ali,Smith,student4734@university.com,Female,22,Engineering,65.83,91.29,80.41,98.89,67.93,1.66,85.02,52.4,D,22.4,No,Yes,None,High,5,6.6
S5735,Omar,Jones,student4735@university.com,Female,21,CS,,84.52,89.75,83.04,54.83,3.85,97.49,60.73,A,10.9,Yes,Yes,,High,10,6.6
S5736,Omar,Brown,student4736@university.com,Male,21,Engineering,92.74,90.11,92.49,68.71,65.32,7.64,93.89,60.78,B,27.8,Yes,Yes,PhD,Low,3,7.3
S5737,Ali,Jones,student4737@university.com,Male,20,Business,57.49,93.02,82.27,57.31,83.72,2.86,55.93,97.46,F,18.6,Yes,Yes,Master's,Low,4,6.2
S5738,Omar,Davis,student4738@university.com,Female,19,Engineering,97.3,64.97,81.25,57.64,94.03,9.21,82.62,96.2,A,26.4,Yes,Yes,High School,High,10,4.9
S5739,Liam,Smith,student4739@university.com,Female,19,CS,75.37,60.76,43.4,68.14,54.72,9.15,50.35,65.03,C,25.8,No,Yes,PhD,Medium,3,6.5
S5740,Ali,Williams,student4740@university.com,Male,19,Engineering,96.32,43.46,46.59,85.69,77.01,5.53,81.65,50.14,A,6.5,No,Yes,None,Medium,9,8
S5741,Emma,Davis,student4741@university.com,Female,23,CS,66.84,95.83,88.75,51.59,64.81,6.32,73.22,75.85,B,20.5,No,Yes,Bachelor's,Medium,3,7.5
S5742,Maria,Williams,student4742@university.com,Female,24,Engineering,85.8,43.95,53.98,92.61,83.37,6.53,74.56,89.86,A,24.7,No,Yes,Bachelor's,Medium,5,4.6
S5743,Ahmed,Davis,student4743@university.com,Female,21,Engineering,74.14,84.47,61.33,97.08,77.47,2.58,79.4,63.43,F,27.7,No,Yes,None,Low,6,8.7
S5744,Emma,Brown,student4744@university.com,Female,19,CS,81.34,62.69,48.72,94.44,96.34,3.65,87.13,71.95,C,17.7,No,Yes,High School,Low,8,5.5
S5745,John,Jones,student4745@university.com,Male,21,Business,75.22,96.93,51.71,,51.88,1.36,86.47,58.64,F,23.8,Yes,Yes,Master's,Low,10,6.9
S5746,Sara,Johnson,student4746@university.com,Female,20,Business,98.36,65.18,86.53,50.77,73.5,9.25,52.22,66.37,A,29.2,Yes,Yes,None,Medium,6,4.2
S5747,Maria,Jones,student4747@university.com,Male,18,CS,84.61,89,55.71,98.89,59.64,7.24,86.82,87.94,D,25.7,No,Yes,Bachelor's,High,6,8.5
S5748,John,Smith,student4748@university.com,Female,24,Mathematics,62.57,56.96,66.94,,76.84,0.46,91.49,71.41,D,26.4,Yes,Yes,,Low,6,7.4
S5749,Ahmed,Johnson,student4749@university.com,Male,23,Engineering,95.48,57.95,49.1,93.46,92.68,5.49,53.41,72.36,A,15.2,No,Yes,High School,High,1,5.4
S5750,Omar,Williams,student4750@university.com,Female,22,Business,64.7,75.73,80.68,59.34,95.57,3.43,66.15,89.48,D,7.3,Yes,Yes,,Medium,10,7.4
S5751,Ali,Brown,student4751@university.com,Male,20,Business,68.58,99.88,83.7,72.33,69.91,8.15,89.6,88.15,A,29.2,No,Yes,Bachelor's,Low,6,5.5
S5752,Ahmed,Brown,student4752@university.com,Female,24,Engineering,55.11,71.05,61.7,52.21,90.59,3.44,74.66,59.36,F,22.4,No,Yes,,Medium,1,5.3
S5753,Emma,Williams,student4753@university.com,Male,21,Business,95,96.18,87.08,52,64.03,6.44,84.74,70.76,B,9.3,No,Yes,None,Low,2,6.2
S5754,Sara,Smith,student4754@university.com,Female,20,CS,64.31,87.17,54.39,97.16,50.32,1.66,75.12,92.44,A,29.3,Yes,Yes,High School,Low,8,7
S5755,Emma,Williams,student4755@university.com,Female,22,CS,62.95,87.75,81.51,90.53,92.76,5.59,98.91,72.84,C,22.9,Yes,Yes,High School,Low,8,5
S5756,Maria,Davis,student4756@university.com,Male,24,Engineering,96.01,66.16,83.8,76.49,55.97,2.94,96.81,83.09,B,7.3,No,Yes,Master's,Low,2,7.7
S5757,Maria,Smith,student4757@university.com,Male,23,Business,90.28,63.19,98.12,76.27,50.88,1.65,64.06,65.3,B,9.3,No,Yes,Bachelor's,Medium,3,6.9
S5758,Sara,Johnson,student4758@university.com,Male,18,Business,57.05,51.52,53.94,87.44,67.69,6.19,69.29,52.98,F,26.6,No,Yes,Bachelor's,High,6,4
S5759,Liam,Williams,student4759@university.com,Male,22,Engineering,88.47,97.84,45.62,67.08,68.97,6.39,71.57,58.24,A,28.8,Yes,Yes,High School,Medium,4,6.7
S5760,John,Smith,student4760@university.com,Male,24,Engineering,,97.56,55.78,88.09,53.86,9.83,55.21,70.09,F,14.1,Yes,Yes,,Medium,9,6.1
S5761,John,Johnson,student4761@university.com,Female,23,CS,53.93,84.82,47.37,74.25,90.71,6.69,70.2,67.67,C,15.3,No,Yes,High School,Medium,7,7.3
S5762,Maria,Williams,student4762@university.com,Male,21,Mathematics,91.26,57.78,50.18,81.9,70.28,5.16,88.74,94.78,A,14.9,No,Yes,None,Medium,10,8.5
S5763,Maria,Brown,student4763@university.com,Male,22,CS,77.37,54.71,60.05,98.24,74.5,9.13,92.34,77.28,F,25.9,Yes,Yes,Master's,Low,9,5.3
S5764,Omar,Williams,student4764@university.com,Female,20,Business,83.46,99.32,64.84,73.57,63.23,8.28,94.31,81.36,C,16.3,Yes,Yes,Bachelor's,Low,7,7.4
S5765,Ali,Jones,student4765@university.com,Male,19,Engineering,74.64,43.99,94.22,,75.58,5.49,50.73,84.43,D,14.4,Yes,Yes,Bachelor's,Medium,6,4.8
S5766,Omar,Williams,student4766@university.com,Male,20,Engineering,84.89,90.61,51.74,95.29,88.34,5.11,89.44,76.58,D,20.5,Yes,Yes,Bachelor's,Medium,4,4.4
S5767,Omar,Jones,student4767@university.com,Male,21,CS,51.7,61.33,98.31,95.13,95.31,9.42,75.13,88.48,D,17.3,No,Yes,Bachelor's,High,8,8.7
S5768,Liam,Johnson,student4768@university.com,Female,24,Mathematics,88.14,65.13,88.61,99.62,98.53,6.17,60.31,89.16,A,18.3,No,Yes,Master's,Low,6,8.3
S5769,John,Williams,student4769@university.com,Male,18,Engineering,51.67,89.92,92.89,77.54,71.34,7.14,74.94,67.57,D,15.2,Yes,Yes,High School,Medium,10,6.5
S5770,Liam,Johnson,student4770@university.com,Female,22,Mathematics,,45.44,95.77,67.21,99.5,0.87,92.21,54.24,D,16.5,No,Yes,Bachelor's,Low,5,4.7
S5771,Liam,Johnson,student4771@university.com,Female,24,CS,57.55,61.25,85.19,,64.75,7.18,71.71,99.32,F,5.9,Yes,Yes,PhD,High,6,5.3
S5772,Sara,Smith,student4772@university.com,Male,18,Engineering,91.18,97.12,87.33,51.7,50.35,2.65,99.52,82.13,A,28.1,No,Yes,None,Medium,6,6.8
S5773,John,Johnson,student4773@university.com,Female,21,Business,65.68,81.94,66.27,86.34,88.38,1.16,80.83,85.45,F,5.8,No,Yes,None,Medium,2,7.3
S5774,Ali,Johnson,student4774@university.com,Male,22,Business,72.7,85.3,70.63,61.67,58.92,8.5,74.49,87.83,A,24.3,Yes,Yes,,Medium,3,7.5
S5775,Emma,Williams,student4775@university.com,Male,23,Mathematics,71.44,85.45,95.95,80.33,52.62,6.91,64.74,80.65,C,12.5,No,Yes,None,Medium,10,7.7
S5776,Maria,Williams,student4776@university.com,Male,23,CS,88.63,43.63,62.7,95.83,96.2,4.08,50.55,73.55,B,7.8,No,Yes,None,Low,9,5
S5777,Maria,Brown,student4777@university.com,Male,24,CS,74.06,52.19,42.52,97.51,89.59,4.31,80.53,99.23,B,20.2,No,Yes,Master's,Medium,8,5.5
S5778,Ali,Smith,student4778@university.com,Male,20,Engineering,89.45,69.48,85.77,50.22,55.13,1.97,78.87,86.38,A,22.7,Yes,Yes,None,Medium,8,4.1
S5779,Liam,Johnson,student4779@university.com,Female,24,CS,53.68,62.09,74.39,65.85,88.85,0.1,75.84,92.29,F,20.8,No,Yes,Master's,Low,1,4.4
S5780,Omar,Smith,student4780@university.com,Female,20,Mathematics,,64.65,88.89,91.87,92.2,3.49,76.89,71.98,B,19.4,No,Yes,,High,9,5.5
S5781,Sara,Jones,student4781@university.com,Female,21,CS,77.58,86.89,44.53,76.82,95.27,1.48,92.18,95.24,F,18.4,No,Yes,Master's,Low,4,4.9
S5782,Liam,Johnson,student4782@university.com,Female,23,Engineering,97.35,40.88,77.27,90.38,77.18,4.22,65.84,86.61,A,18.5,Yes,Yes,None,Low,2,6.5
S5783,Maria,Smith,student4783@university.com,Male,22,CS,53.74,79.63,54.86,92.67,85.17,8.34,77.51,87.31,C,26.6,No,Yes,PhD,Low,7,8.2
S5784,Ahmed,Brown,student4784@university.com,Male,23,Engineering,52.15,40.01,94.2,72.13,88.11,1.15,84,54.35,D,7.3,Yes,Yes,High School,High,6,7.6
S5785,Omar,Brown,student4785@university.com,Female,20,CS,57.83,43.78,46.59,,84.43,0.92,60.49,80.87,F,8.9,Yes,Yes,Master's,Low,9,7.8
S5786,Maria,Johnson,student4786@university.com,Male,24,CS,82.06,64.5,90.58,72.77,82.34,9.02,96.24,66.76,A,25.3,Yes,Yes,PhD,High,2,7
S5787,Ahmed,Jones,student4787@university.com,Female,21,CS,69.95,90.46,45.31,82.64,77.38,7.45,86.86,83.45,B,12.6,No,Yes,High School,Medium,6,7.5
S5788,Liam,Brown,student4788@university.com,Female,23,CS,91.28,48.7,41.51,68.36,73.96,0.53,52.66,78.41,A,24.3,No,No,High School,Low,8,4.9
S5789,Ali,Brown,student4789@university.com,Female,21,Mathematics,53.6,73.28,54.1,88.75,99.81,0.8,93.26,55.56,C,13.8,No,Yes,PhD,Medium,6,6.8
S5790,Ali,Jones,student4790@university.com,Female,23,CS,59.82,80.71,59.98,95.2,66.88,6.85,96.49,76.5,F,28.1,Yes,Yes,Bachelor's,High,8,6.9
S5791,Omar,Smith,student4791@university.com,Male,24,Engineering,65,53.77,77.59,64.12,54.41,3.7,89.68,72.56,F,12,No,Yes,Bachelor's,Medium,2,7.1
S5792,Maria,Brown,student4792@university.com,Male,18,Mathematics,81.34,70.74,47.9,98.25,88.25,7.24,71.31,88.82,D,15.7,Yes,Yes,Master's,Low,9,7.9
S5793,John,Williams,student4793@university.com,Female,24,Business,84.26,94.68,66.24,81.14,60.69,4.04,99.72,75.13,F,9,No,No,,Low,6,8.7
S5794,Ahmed,Davis,student4794@university.com,Female,23,Mathematics,56.21,70.73,52.26,93.91,76.63,9.68,56.22,74.06,D,21.7,No,Yes,Master's,Low,7,7.6
S5795,Sara,Davis,student4795@university.com,Female,20,Mathematics,97.19,49.44,91.32,55.2,54.79,6.94,76.83,85.97,A,15.1,No,Yes,PhD,Low,2,8.6
S5796,Maria,Brown,student4796@university.com,Female,24,Engineering,67.05,77.67,42.7,62.57,80.96,0.47,58.52,83.43,B,28.5,No,Yes,Bachelor's,Low,10,6.7
S5797,Sara,Smith,student4797@university.com,Female,22,Engineering,85.66,75.53,61.36,66.05,97.2,3.31,71.97,99.59,A,5.4,No,Yes,Bachelor's,Medium,8,5.4
S5798,Maria,Smith,student4798@university.com,Male,20,CS,76.21,41.62,77.88,65.14,86.14,5.64,96.37,67.6,F,14.7,No,Yes,None,Low,9,7.3
S5799,John,Johnson,student4799@university.com,Female,20,Engineering,61.14,45.44,94.79,58.59,60.73,1.42,89.71,84.42,C,5.6,Yes,No,,Medium,3,8.9
S5800,John,Williams,student4800@university.com,Female,20,Business,92.31,49.41,92.08,93.41,98.56,0.03,89.1,58.36,A,13.2,No,Yes,,Low,4,7.5
S5801,Omar,Smith,student4801@university.com,Male,21,Engineering,90.91,48.18,93.71,70.93,65.35,0.79,67.69,90.23,A,14.5,No,Yes,None,High,6,8.8
S5802,Omar,Jones,student4802@university.com,Male,19,Business,69.8,55.57,43.77,98.16,71.83,5.24,96.71,89.31,A,11.5,Yes,Yes,PhD,Medium,3,4.1
S5803,John,Williams,student4803@university.com,Male,19,Business,79.43,67.25,90.46,79.17,74.91,6.32,68.41,86.29,F,11.4,No,Yes,Master's,High,10,5.3
S5804,Emma,Davis,student4804@university.com,Male,18,CS,62.89,62.3,86.79,56.92,99.54,0.93,52,55.95,A,11.5,No,Yes,Master's,Medium,7,5.4
S5805,John,Williams,student4805@university.com,Male,20,Business,84.49,93.44,94.15,,53.44,6.65,81.89,99.38,F,11.7,Yes,Yes,None,Low,8,6.1
S5806,Ali,Jones,student4806@university.com,Male,19,Engineering,65.45,76.73,58.69,99.68,84.84,6.17,68.13,97.13,F,12.1,No,Yes,None,High,5,4.2
S5807,Ali,Brown,student4807@university.com,Male,18,CS,92.2,92.57,94.71,78.26,68.1,9.4,57.69,68.5,A,26.3,No,No,Master's,Medium,5,8.6
S5808,Emma,Jones,student4808@university.com,Male,21,Business,60.87,71.62,64.16,50.09,53.92,8.41,96.73,78.87,D,6,No,Yes,High School,Low,3,7.5
S5809,Liam,Jones,student4809@university.com,Male,20,Engineering,50.74,45.39,78.05,96.65,96.75,9.43,81.86,94.44,C,29.7,Yes,Yes,,Medium,4,4.4
S5810,Ahmed,Brown,student4810@university.com,Female,22,Business,63.43,67.8,65.45,,79.49,9.66,97.03,74.73,D,12,No,Yes,High School,Low,3,4.9
S5811,Liam,Brown,student4811@university.com,Male,21,Engineering,59.55,89.32,65.66,84.43,87.68,4.41,79.15,79.96,F,5.7,No,Yes,PhD,Low,8,7
S5812,Sara,Brown,student4812@university.com,Female,18,CS,75.41,51.65,72.8,75.75,62.02,4.88,53.19,80.16,C,9.4,No,Yes,PhD,High,3,8.5
S5813,Liam,Brown,student4813@university.com,Female,21,Business,60.19,45.47,61.36,66.27,88.08,2.82,51.5,82.46,A,28.5,No,Yes,Bachelor's,High,2,4.4
S5814,Maria,Brown,student4814@university.com,Female,22,Engineering,88.16,59.77,87.56,64.13,91.42,5.08,95.03,78.78,A,29.9,No,Yes,Bachelor's,Low,6,6.2
S5815,Liam,Jones,student4815@university.com,Female,21,CS,62.07,63.33,78.02,96.44,71.54,1.51,51.94,70.3,C,11.2,No,No,High School,Medium,8,5
S5816,Maria,Johnson,student4816@university.com,Female,18,CS,85.35,58.38,81.39,95.6,78.6,6.71,80.76,76.97,A,10.6,No,Yes,Master's,Medium,10,4.9
S5817,Emma,Johnson,student4817@university.com,Female,22,Business,78.92,48.11,53.86,75.66,98.59,0.25,64.9,93.57,C,25.9,No,Yes,,Medium,8,7.7
S5818,Ali,Smith,student4818@university.com,Female,22,CS,99.31,55.05,98.17,62.92,92.34,2.36,84.38,93.21,B,27.9,No,No,,Medium,6,8.1
S5819,Omar,Johnson,student4819@university.com,Female,21,Business,100,80.94,79.61,55.12,72.24,2.08,64.24,88.63,A,21.3,No,Yes,High School,Medium,6,8.6
S5820,Maria,Davis,student4820@university.com,Male,22,CS,93.48,63.16,51.83,57.83,83.23,9.38,51.86,70.71,A,28.4,Yes,Yes,Master's,Medium,6,7.4
S5821,Ali,Johnson,student4821@university.com,Female,24,Engineering,88,77.95,85.03,76.11,89.21,1.45,86.54,89.3,A,28.8,No,Yes,,Low,5,4.3
S5822,Ahmed,Jones,student4822@university.com,Female,21,Mathematics,69.32,72.18,50.42,65.39,51.22,8.91,65.55,69.39,A,24,No,No,PhD,Medium,4,5.8
S5823,Sara,Brown,student4823@university.com,Female,20,CS,87.66,72.94,43.8,52.1,79.42,1.24,77.54,83.2,A,13.7,No,Yes,,Medium,2,6.2
S5824,Ahmed,Brown,student4824@university.com,Female,22,Engineering,97.83,54.91,71.65,72.76,99.23,6.51,88.69,78.37,B,8.7,No,Yes,None,Low,5,5.4
S5825,Emma,Jones,student4825@university.com,Male,21,Business,,71.29,73.21,87.31,97.36,3.2,85.14,65,B,17.9,Yes,Yes,,Low,2,6.7
S5826,Liam,Davis,student4826@university.com,Female,20,Business,76.9,41.42,51.34,94.58,91.62,3.16,67.43,72.64,C,12.2,Yes,Yes,Bachelor's,Medium,9,5.2
S5827,Liam,Johnson,student4827@university.com,Male,22,Engineering,60.9,65.9,60.9,79.26,55.31,9.98,87.39,91.52,C,8,Yes,Yes,Bachelor's,Low,4,8.5
S5828,John,Jones,student4828@university.com,Male,20,Engineering,,74.36,96.75,86.16,99.7,2.26,96.28,95.64,C,14.8,Yes,No,Master's,High,1,4.7
S5829,John,Smith,student4829@university.com,Female,23,Business,73.32,50.92,57.1,,80.48,2.03,80.5,60.26,C,17,No,Yes,Bachelor's,Low,10,6.1
S5830,John,Brown,student4830@university.com,Female,22,Business,78.79,55.39,49.33,74.81,61.15,5.89,85.18,72.81,A,21.5,No,Yes,Bachelor's,Medium,1,4.6
S5831,Ahmed,Williams,student4831@university.com,Male,23,Business,77.55,53.17,99.55,86.48,83.71,7.41,93.3,71.68,F,10.5,Yes,Yes,,High,10,5.8
S5832,Maria,Smith,student4832@university.com,Female,18,CS,98.01,44.23,58.14,86.38,92.83,9.83,92.18,74.45,A,26.7,No,Yes,Bachelor's,High,5,6.4
S5833,Sara,Davis,student4833@university.com,Female,18,Mathematics,77.61,60.87,80.82,71.23,55.62,7.01,67.58,98.83,B,9.6,No,No,Master's,Medium,8,6.8
S5834,John,Smith,student4834@university.com,Male,21,Engineering,92.31,98.74,53.89,77.18,95.82,5.62,99.59,75.94,B,29.9,Yes,Yes,Master's,Low,7,5.7
S5835,Emma,Jones,student4835@university.com,Male,19,CS,65.99,61.23,73.01,,96.01,4.09,51.43,91.5,B,18.9,No,Yes,PhD,Medium,7,8
S5836,Emma,Johnson,student4836@university.com,Female,23,CS,71.91,67.63,63.18,81.6,50.67,5.95,99.34,83.2,B,8.7,No,No,High School,Low,5,6.6
S5837,John,Brown,student4837@university.com,Female,23,CS,73.52,79.19,97.69,82.13,95.02,6.01,62.3,55.36,C,25.9,Yes,Yes,High School,Low,9,9
S5838,Liam,Davis,student4838@university.com,Female,18,CS,,78.91,65.97,89.23,97.34,2.18,72.02,84.78,B,11.3,No,Yes,High School,High,5,4.6
S5839,John,Davis,student4839@university.com,Male,23,CS,68.99,96.99,75.05,55.76,51.88,6.71,94.18,82.35,B,9.7,Yes,Yes,Master's,Low,1,4.9
S5840,Sara,Williams,student4840@university.com,Female,19,CS,79.93,91.45,96.69,76.14,64.71,2.04,62.22,87.92,D,8.4,No,Yes,Bachelor's,Medium,5,8
S5841,John,Smith,student4841@university.com,Male,20,Engineering,79.01,87.64,99.35,97.97,68.66,4.9,61.24,53.72,B,18.8,No,Yes,High School,Medium,3,6.8
S5842,Sara,Williams,student4842@university.com,Male,20,CS,81.82,97.1,46.1,,67.44,2.6,82.16,62.07,F,27,Yes,Yes,Bachelor's,Low,3,5.8
S5843,Emma,Johnson,student4843@university.com,Female,19,CS,67.59,53.85,90.06,64.75,87.95,3.13,85.27,88.46,B,27.4,No,Yes,Bachelor's,High,5,6.1
S5844,John,Johnson,student4844@university.com,Male,23,CS,65.79,77.02,62.93,80.06,67.91,6.14,50.37,68.53,F,24.6,No,Yes,PhD,Low,1,6.8
S5845,Ahmed,Williams,student4845@university.com,Female,23,CS,80.58,93.23,75.69,61.06,97.83,0.64,72.52,95.54,B,19.5,No,Yes,High School,Low,8,4.4
S5846,Omar,Brown,student4846@university.com,Female,23,CS,56.64,77.45,62.5,77.8,99.75,0.12,74.46,75.88,D,18.2,No,Yes,Master's,Low,9,7.8
S5847,Ahmed,Johnson,student4847@university.com,Male,24,Engineering,62.65,98.65,64.07,57.78,65.84,1.31,63.59,50.05,B,14.3,Yes,No,Master's,Medium,10,6.2
S5848,Emma,Williams,student4848@university.com,Female,21,Mathematics,,46.02,49.53,78.99,75.44,1.69,77.31,84.94,B,6.1,Yes,Yes,PhD,Medium,4,6.1
S5849,Sara,Smith,student4849@university.com,Male,22,Business,,66.36,74.37,80.12,77.89,1.98,57.73,75.67,D,25.9,No,Yes,High School,High,1,7.9
S5850,Ahmed,Williams,student4850@university.com,Male,19,Business,62.17,98.64,72.8,70.92,78.97,7.74,66.18,65.85,D,30,No,Yes,,Medium,2,6.8
S5851,Sara,Williams,student4851@university.com,Female,19,CS,50.98,62.77,51.36,69.14,68.71,4.47,85.66,51.02,F,28,No,Yes,,Medium,7,7.8
S5852,Ahmed,Jones,student4852@university.com,Female,24,CS,62.27,84.37,72.5,62.27,58.3,4.7,93.69,59.94,D,28.3,No,Yes,Master's,Low,1,8.6
S5853,Ahmed,Johnson,student4853@university.com,Female,19,CS,82.75,41.82,98.39,66.55,52.73,6.44,79.47,58.08,A,13.3,Yes,Yes,Master's,Medium,3,8.7
S5854,Sara,Brown,student4854@university.com,Female,19,Business,53.06,81.69,82.86,74.92,55.32,7.29,53.74,79.14,D,7.5,Yes,Yes,Master's,Medium,7,6.1
S5855,Maria,Brown,student4855@university.com,Male,24,CS,71.84,96.08,68.86,,95.06,0.04,83.94,88.48,C,26.8,No,Yes,Bachelor's,Medium,4,4.3
S5856,Ahmed,Jones,student4856@university.com,Male,19,Engineering,95.66,62.96,94.97,89.14,64.02,8.57,94.88,61.73,B,24.1,Yes,Yes,Master's,Medium,10,4.1
S5857,John,Davis,student4857@university.com,Male,23,CS,,41.28,74.52,85.45,53.84,9.88,75.22,84.89,A,14.8,No,Yes,High School,High,4,7.5
S5858,Omar,Brown,student4858@university.com,Female,24,CS,65.27,41.67,48.1,63.47,81.18,1.22,74.68,94.99,C,25.8,No,Yes,Bachelor's,Low,1,4.4
S5859,Emma,Williams,student4859@university.com,Male,21,Mathematics,,93.52,72.85,54.87,53.77,6.51,99.57,81.08,B,8.5,No,Yes,High School,Medium,8,6
S5860,Maria,Jones,student4860@university.com,Male,18,Business,66.48,83.35,50.86,50.01,53.5,0.02,81.81,88.78,B,21.3,Yes,Yes,,High,4,7.3
S5861,Sara,Smith,student4861@university.com,Female,23,Business,53.63,46.4,86.05,79.84,81.08,0.49,90.3,60.21,D,28.8,No,Yes,None,Low,9,9
S5862,Maria,Johnson,student4862@university.com,Female,23,Engineering,99.7,43.28,98.03,60.57,79.57,2.85,82.32,53.75,A,27.8,No,Yes,Bachelor's,Low,5,5.1
S5863,Ali,Johnson,student4863@university.com,Female,22,Business,,88.29,61.65,50.63,52.07,8.46,61.05,68.27,F,24,No,Yes,Master's,Medium,6,4
S5864,Ali,Johnson,student4864@university.com,Male,24,Engineering,,88.59,66.1,67.95,73.02,6.53,64.2,85.45,B,11.7,No,No,Master's,High,6,4.2
S5865,Ahmed,Williams,student4865@university.com,Female,18,Mathematics,83.32,47.23,65.29,98.1,71.79,4.46,83.29,84.3,D,7.6,No,No,Bachelor's,High,9,5.1
S5866,Ahmed,Smith,student4866@university.com,Male,19,CS,,58.09,57.12,,77.33,4.39,72.8,97.75,F,13.1,No,Yes,High School,Low,3,9
S5867,John,Jones,student4867@university.com,Male,18,Engineering,59.72,86.8,87.65,,86.89,4.66,70.22,81.5,D,20.4,Yes,No,None,High,6,4.4
S5868,Omar,Jones,student4868@university.com,Male,21,Engineering,60,71.52,77.06,57.24,64.14,3.11,51.12,70.56,B,12.9,No,Yes,,Medium,9,7.7
S5869,Emma,Johnson,student4869@university.com,Male,20,CS,,97.4,43.84,53.66,71.64,8.78,94.22,89.86,C,15.3,No,No,Master's,Medium,8,4.7
S5870,Maria,Smith,student4870@university.com,Male,23,Business,95.58,68.86,90.33,50.58,89.64,5.68,94.22,57.65,B,15.1,Yes,Yes,None,High,7,5
S5871,Ali,Smith,student4871@university.com,Female,24,Mathematics,50.5,80.62,51.23,97.78,96.13,4.84,73.05,90.65,D,13.4,Yes,No,Bachelor's,High,4,4.4
S5872,Ahmed,Smith,student4872@university.com,Male,24,Engineering,89.13,70.59,98.75,65.01,94.57,4.65,85.04,68.3,A,28.1,Yes,Yes,Bachelor's,Medium,5,5.1
S5873,Liam,Brown,student4873@university.com,Female,18,CS,52.88,96.58,62.6,72.98,73.88,9.36,58.89,57.7,F,13,No,Yes,Bachelor's,Medium,7,4.6
S5874,Liam,Brown,student4874@university.com,Male,22,Engineering,73.91,63.92,76.99,69.73,76.04,7.24,75.19,58.11,F,29.8,No,Yes,,Medium,6,4.1
S5875,Emma,Johnson,student4875@university.com,Male,21,Business,,53.79,44.67,86.52,76.46,1.45,71.94,99.18,F,10.2,Yes,Yes,High School,Low,5,8
S5876,Maria,Smith,student4876@university.com,Female,20,Engineering,84.34,59.6,60.68,65.5,93.44,4.37,82.83,81.16,C,26.8,No,Yes,PhD,Medium,9,5
S5877,Ahmed,Davis,student4877@university.com,Male,21,CS,52.92,91.17,88.14,76.77,92,2.88,73.48,58.71,D,23.3,No,No,,High,5,4.6
S5878,Ahmed,Smith,student4878@university.com,Male,24,Engineering,70.93,69.88,68.63,99.78,65.58,9.87,74.92,63.43,C,21.7,Yes,Yes,PhD,Low,6,5.4
S5879,Ali,Jones,student4879@university.com,Female,19,CS,79.19,61.26,94.28,72.2,58.14,4.15,64.79,68.6,D,16.1,No,Yes,High School,High,10,7.8
S5880,Ali,Jones,student4880@university.com,Female,20,Business,53.3,72.66,74.51,77.56,68.95,0.68,52.42,52.79,D,25.4,Yes,Yes,Master's,Low,7,5.1
S5881,Ahmed,Johnson,student4881@university.com,Male,24,CS,56.75,47.99,95.71,75.13,64.42,4.11,95.85,55.42,C,17.3,No,Yes,PhD,Low,2,6.7
S5882,Sara,Davis,student4882@university.com,Male,22,Engineering,83.18,40.32,98.96,90.16,97.54,3.21,50.61,88.09,F,8.4,No,Yes,Bachelor's,Low,5,5.1
S5883,Ahmed,Smith,student4883@university.com,Male,20,Business,76.08,56.84,67.23,,63.3,6,64.07,89.34,C,12,No,No,PhD,Medium,6,5.9
S5884,Emma,Davis,student4884@university.com,Female,24,CS,58.09,76.3,73.91,,59.06,2.26,72.38,99.41,D,9.6,Yes,Yes,None,Medium,3,6.6
S5885,Ahmed,Johnson,student4885@university.com,Male,22,CS,76.76,82.7,90.1,87.7,94.97,0.36,65.95,53.38,D,19.2,No,Yes,High School,Low,4,7.8
S5886,John,Jones,student4886@university.com,Female,19,CS,95.63,89.6,53.29,,54.32,0.96,77.6,94.46,B,21.4,Yes,Yes,None,Medium,2,5.4
S5887,Omar,Jones,student4887@university.com,Female,22,CS,50.78,95.6,91.7,95.69,63.01,2.83,73.08,65.86,D,13.4,No,Yes,High School,Medium,7,6.2
S5888,John,Brown,student4888@university.com,Male,21,CS,82.13,64.73,75.52,82.21,71.96,3.48,62.77,66.39,D,6,Yes,Yes,High School,High,2,7.2
S5889,John,Johnson,student4889@university.com,Female,18,Mathematics,53.68,84.43,83.53,78.22,79.76,8.34,54.4,56.36,C,21.5,Yes,Yes,,Low,2,5.4
S5890,Sara,Johnson,student4890@university.com,Male,21,Business,50.32,44.48,44.79,53.52,66.38,2.7,56.88,99.32,D,6.5,Yes,No,,Medium,5,5.1
S5891,Sara,Smith,student4891@university.com,Male,24,Business,57.53,43.45,85.97,86.52,74.81,0.31,74.32,99.05,F,29.1,No,Yes,High School,Low,5,6.8
S5892,Liam,Smith,student4892@university.com,Female,24,Mathematics,71.15,47.49,58.65,,59.94,7.81,92.3,93.24,F,27.2,No,Yes,Bachelor's,Low,6,8.8
S5893,Ahmed,Brown,student4893@university.com,Female,23,CS,90.12,66.91,88.31,82,78.71,8.69,55.03,54.54,A,25.8,No,Yes,None,Low,2,8.6
S5894,John,Williams,student4894@university.com,Female,21,CS,64.09,52.68,70.55,63.4,70.39,4.92,83.86,92.08,D,14.2,Yes,Yes,,Low,9,7
S5895,Sara,Davis,student4895@university.com,Female,20,CS,81.28,57.22,56.48,97.34,92.46,2.85,89.6,81.73,C,23.6,No,Yes,Master's,Low,2,6.1
S5896,Ali,Williams,student4896@university.com,Female,19,Business,,78.87,97.17,66.08,70.79,7.72,63.84,56.44,B,6.1,No,Yes,High School,Low,1,6.8
S5897,Ahmed,Williams,student4897@university.com,Female,23,Engineering,61.72,61.51,85.9,57.61,72.19,0.09,83.41,63.09,A,7.2,No,Yes,Bachelor's,Low,4,8
S5898,Emma,Johnson,student4898@university.com,Male,23,CS,75.71,73.44,99.14,99.36,79.61,9.24,84.33,84.46,D,17.4,No,Yes,High School,Medium,2,4.5
S5899,Omar,Davis,student4899@university.com,Male,23,CS,89.87,64.74,61.87,87.31,56.16,8.66,85.39,90.17,B,19.7,Yes,Yes,,Medium,7,7.9
S5900,Maria,Johnson,student4900@university.com,Male,24,Engineering,91.62,50.14,78.95,70.74,57.84,5.45,94.54,92.4,A,24.2,No,Yes,,Low,4,7.3
S5901,Ahmed,Davis,student4901@university.com,Female,18,Engineering,92.33,44.44,76.7,96.8,89.51,2.78,69.93,77.19,A,12.4,No,Yes,PhD,Low,2,5.3
S5902,Maria,Jones,student4902@university.com,Female,22,Business,66.93,54.17,81.25,54.56,63.67,0.33,62.18,76.73,C,18.6,Yes,Yes,,Low,10,8.4
S5903,John,Johnson,student4903@university.com,Female,20,CS,,43.46,42.3,54.38,84.23,10,77.19,84.21,A,6.6,No,Yes,Master's,Medium,5,4.4
S5904,Omar,Johnson,student4904@university.com,Male,24,Mathematics,60.61,77.12,57.5,84.12,54.87,7.62,53.13,88.89,D,16.8,No,Yes,Master's,High,9,8.6
S5905,Maria,Johnson,student4905@university.com,Male,19,Engineering,86.92,87.74,94.56,58.9,91.09,3.39,66.7,58.53,B,21.8,Yes,Yes,High School,Medium,4,5.9
S5906,John,Brown,student4906@university.com,Female,24,Business,97.42,60.38,65.43,95.86,99.41,0.19,94.16,86.99,B,29.7,No,No,Bachelor's,Low,1,8.1
S5907,Ali,Johnson,student4907@university.com,Female,18,Mathematics,50.69,63.23,97.64,92.02,68.68,6.39,76.6,67.08,D,24.2,No,Yes,PhD,Low,8,4.8
S5908,Maria,Smith,student4908@university.com,Female,24,Mathematics,,88.97,52.81,65.32,75.28,9.87,71.83,69.19,D,29.9,No,Yes,Master's,Low,8,6.8
S5909,Omar,Smith,student4909@university.com,Female,24,CS,82.39,53.36,99.85,,72.14,7.07,63.28,53.89,C,17.4,No,Yes,PhD,Medium,10,4.2
S5910,Liam,Davis,student4910@university.com,Male,21,CS,85.09,47.15,81.85,52.14,94.71,0.84,62.52,79.42,A,15.8,No,Yes,None,Medium,10,5.4
S5911,Ahmed,Jones,student4911@university.com,Male,19,Engineering,58.8,70.07,86.58,77.43,50.5,4.02,61.83,54.67,F,25.9,Yes,Yes,High School,Medium,5,8.1
S5912,John,Brown,student4912@university.com,Male,23,Engineering,98.61,78.77,63.81,96.78,82.67,1.09,91.46,95.66,A,16.6,No,Yes,PhD,Medium,8,6.3
S5913,Ahmed,Davis,student4913@university.com,Female,19,Engineering,80.76,75.98,94.42,92.77,82.62,9.12,99.25,81.05,B,23.9,No,Yes,Master's,High,1,7.3
S5914,Omar,Smith,student4914@university.com,Male,19,Mathematics,58.22,82.83,72.73,67.8,69.12,3.3,76.74,99.51,C,29.9,No,Yes,,Low,2,8
S5915,Sara,Brown,student4915@university.com,Female,21,CS,51.03,43.41,80.86,59.14,60.97,7.33,53.99,62.28,D,23.1,Yes,Yes,Master's,Low,4,6.7
S5916,John,Brown,student4916@university.com,Female,22,Engineering,89.16,65.69,45.69,60.53,61.98,0.85,87.55,83.98,A,5.4,No,Yes,Master's,High,3,6.9
S5917,Maria,Jones,student4917@university.com,Female,24,CS,53.99,54.31,77.9,75.73,90.02,1.28,93.85,98.22,F,9.5,No,No,Bachelor's,Medium,3,7.8
S5918,John,Brown,student4918@university.com,Male,20,Business,57.05,85.55,92.74,79.84,53.31,6.79,96.56,64.93,C,11.9,Yes,Yes,High School,Medium,9,4.6
S5919,Ahmed,Johnson,student4919@university.com,Male,23,Mathematics,78.74,92.36,50.7,51.64,78.19,8.43,81.44,54.82,F,25.6,No,Yes,Bachelor's,High,9,4.4
S5920,Ali,Brown,student4920@university.com,Female,22,Engineering,80.18,56.88,84.26,70.68,65.34,2.01,75.34,81.7,B,28.3,Yes,Yes,,High,8,7.1
S5921,John,Jones,student4921@university.com,Male,18,CS,84.34,45.71,41.52,91.52,63.26,4.18,81.03,68.3,D,21.2,Yes,Yes,,Medium,7,8.9
S5922,Maria,Davis,student4922@university.com,Female,24,Business,,55.21,95.57,72.22,75.29,6.19,50.65,63.65,B,7.2,Yes,Yes,Master's,High,8,7.2
S5923,Sara,Jones,student4923@university.com,Female,23,Engineering,88.69,46.24,98.98,58.46,94.89,7.96,82.77,99.68,A,17.5,No,Yes,,Medium,4,7.5
S5924,Liam,Jones,student4924@university.com,Female,20,CS,98.72,59.35,61.25,97.74,80.9,6.28,85.48,87.71,A,26.5,No,Yes,Bachelor's,Low,7,7.3
S5925,Emma,Smith,student4925@university.com,Male,24,Business,,72.29,46.42,,89.43,0.95,86.1,74.27,F,14.1,No,Yes,PhD,High,8,7
S5926,Ali,Johnson,student4926@university.com,Male,18,Mathematics,85.15,98.42,79.51,89.92,80.03,5.43,78.15,52.5,A,6.6,No,Yes,Bachelor's,High,4,5
S5927,Liam,Smith,student4927@university.com,Female,21,Engineering,96.42,63.96,41.79,59.69,84.89,8.85,85,59.58,B,24.5,No,Yes,High School,Medium,5,8.2
S5928,Sara,Davis,student4928@university.com,Male,22,Engineering,84.31,53.2,68.95,71.16,71.62,8.68,81.94,64.94,C,21.4,No,No,,Medium,8,6.9
S5929,John,Williams,student4929@university.com,Male,24,CS,84.06,50.01,56.31,74.52,96.3,5.85,55.78,74.36,A,16.7,Yes,No,PhD,High,2,8.9
S5930,Ahmed,Davis,student4930@university.com,Male,23,Engineering,61.19,50.38,68.4,75.03,75.1,9.96,94.92,74.86,D,26.2,No,Yes,Bachelor's,Medium,4,4.3
S5931,Omar,Johnson,student4931@university.com,Male,19,Engineering,76.76,51.56,41.1,75.82,77.59,1.05,81.14,51.24,A,26.2,No,Yes,None,Medium,4,5.5
S5932,Ahmed,Brown,student4932@university.com,Female,20,CS,78.13,85.74,43.1,,76.25,4.79,86.39,97.17,D,22.5,No,Yes,Bachelor's,Low,10,4.5
S5933,Liam,Jones,student4933@university.com,Male,24,CS,85.01,43.66,40.96,75.8,65.81,7.75,67.14,77.14,A,28.6,No,Yes,PhD,Low,4,8.3
S5934,Maria,Williams,student4934@university.com,Female,23,CS,99.84,99.84,77.15,74.09,61.56,1.41,95.96,50.99,A,16.3,Yes,No,Master's,Medium,1,8.1
S5935,Ahmed,Johnson,student4935@university.com,Female,19,CS,51.68,71.36,73.61,,53.69,9.73,75.13,85.07,C,23.2,No,Yes,,Medium,6,7.9
S5936,Ali,Smith,student4936@university.com,Male,23,Engineering,53.26,72.66,53.99,,85.91,3.54,83.95,53.57,F,25.8,No,Yes,Master's,High,3,7.4
S5937,Ahmed,Jones,student4937@university.com,Female,24,Engineering,53.9,61.45,78.8,93.28,64.46,3.5,97.61,86.06,D,20.9,Yes,Yes,Bachelor's,Low,2,4.5
S5938,Maria,Davis,student4938@university.com,Female,18,Engineering,87.15,81.42,93.05,,69.46,2.13,95.8,85.07,A,18.8,No,Yes,,Medium,10,6
S5939,Emma,Smith,student4939@university.com,Male,19,CS,56.82,68.29,56.64,84.28,96,2.88,82.24,99.25,F,23.3,No,Yes,High School,High,8,7.5
S5940,John,Johnson,student4940@university.com,Female,19,Engineering,81.12,59.74,89.92,57.99,78.32,5.78,58.29,67.1,C,13.9,No,Yes,None,High,7,5.8
S5941,Omar,Johnson,student4941@university.com,Female,23,Business,66.23,55.91,79.75,,54.85,4.29,97.53,57.22,D,14.2,No,No,PhD,Medium,7,7.6
S5942,Liam,Davis,student4942@university.com,Male,21,Engineering,72.87,95.54,42.03,91.07,89.98,1.93,99.21,54.59,C,29.4,No,Yes,High School,High,7,5.4
S5943,John,Williams,student4943@university.com,Male,24,Mathematics,,57.46,62.51,51.94,62.81,8.09,55.17,53.59,A,8,No,Yes,None,High,2,6.7
S5944,Ahmed,Davis,student4944@university.com,Male,21,Engineering,93.31,66.18,70.47,74.79,77.64,0.62,72.51,90.52,B,26,No,Yes,None,Medium,5,5.8
S5945,Sara,Brown,student4945@university.com,Male,22,Engineering,79.31,61.02,83.9,,75.5,8.35,77.41,85.93,F,24.7,No,Yes,Bachelor's,High,1,8.6
S5946,John,Smith,student4946@university.com,Male,18,CS,97.23,45.17,57.23,60.61,61.9,2.75,54.6,98.8,A,6.4,No,Yes,,Medium,2,6.2
S5947,Emma,Williams,student4947@university.com,Female,21,Engineering,78.73,51.16,98.96,68.91,55.79,4.96,59.48,65.46,F,22.6,Yes,Yes,None,Medium,10,5.4
S5948,Ahmed,Jones,student4948@university.com,Female,23,Business,56.2,51.37,81.07,99.17,60.56,3.81,76.89,90.16,D,7.3,Yes,Yes,None,Low,1,4.3
S5949,Omar,Brown,student4949@university.com,Male,24,Mathematics,58.54,81.62,62.37,86.16,54.87,5.71,98.15,54.65,D,10.3,No,Yes,Bachelor's,High,6,4.7
S5950,Maria,Williams,student4950@university.com,Male,21,Mathematics,99.45,64.4,45.82,64.98,63.78,7.96,51.39,95.19,A,29,No,Yes,Bachelor's,Low,9,6.8
S5951,Emma,Smith,student4951@university.com,Female,22,CS,,86.92,50.88,80.27,99.86,9.89,95.62,52.59,F,14.1,No,Yes,Master's,Low,8,7.5
S5952,Ahmed,Johnson,student4952@university.com,Male,20,Engineering,52.46,82.54,69.26,62.33,70.1,3.06,94.93,89.39,D,6.4,No,Yes,,Low,6,8.8
S5953,Emma,Jones,student4953@university.com,Male,22,Engineering,85.19,51.52,69.68,80.54,93.19,5.54,92.86,65.37,B,18,Yes,Yes,Master's,Low,7,7
S5954,John,Davis,student4954@university.com,Female,19,Engineering,70.61,73.78,86.06,94.81,77.46,4.66,68.88,59.06,D,10.2,No,Yes,Master's,High,3,7.4
S5955,Omar,Smith,student4955@university.com,Female,24,CS,65.36,84.57,83.57,77.84,83.33,9.99,74.54,85.23,F,15.7,No,Yes,High School,High,10,7.1
S5956,Maria,Brown,student4956@university.com,Female,19,Business,57.7,77.98,52.08,86.67,57.82,8.09,70.18,94.79,F,7.5,Yes,Yes,High School,High,2,8.5
S5957,Ahmed,Brown,student4957@university.com,Male,21,Mathematics,92,76,75.7,,63.74,3.97,97.38,88.21,A,7.4,No,Yes,,Low,8,5.5
S5958,Ali,Johnson,student4958@university.com,Female,21,Engineering,53.19,84.38,41.24,76.21,75.52,4.77,76.07,65.65,C,17.6,No,Yes,PhD,Low,5,7
S5959,Liam,Johnson,student4959@university.com,Male,22,CS,64.49,43.41,63.91,84.75,94.06,2.46,54.03,67.68,C,13.4,Yes,Yes,Master's,Low,7,8.8
S5960,Maria,Jones,student4960@university.com,Female,22,CS,65.32,83.89,85.85,90.62,52.14,7.55,63.7,59.47,F,8.9,No,Yes,Master's,Medium,4,4
S5961,Ali,Davis,student4961@university.com,Male,23,Engineering,58.05,56.36,63.97,82.97,75.35,8.45,73.1,91.2,D,19.5,Yes,Yes,,Low,4,5.4
S5962,Emma,Jones,student4962@university.com,Male,18,CS,75.41,74.31,90.14,,52.55,9.65,97.68,55.35,B,6.6,Yes,Yes,Master's,High,5,7.8
S5963,Sara,Johnson,student4963@university.com,Male,23,Mathematics,50.59,54.54,98.57,90.99,72.84,5.66,78.45,95.16,C,23.8,No,No,,High,4,6.3
S5964,Maria,Johnson,student4964@university.com,Female,19,Engineering,65.05,90.33,76.43,88.86,81.44,6.71,84.8,80.06,D,6.3,Yes,Yes,High School,Low,5,4.8
S5965,Emma,Brown,student4965@university.com,Female,23,Engineering,96.68,68.83,48.7,92.26,87.24,4.46,54.43,79.44,A,29.3,No,No,None,Medium,7,6.9
S5966,Ali,Johnson,student4966@university.com,Female,22,Engineering,65.53,78.58,62.78,64.06,56.93,6.09,93.87,91.89,C,23.4,No,Yes,High School,Medium,6,6.6
S5967,John,Williams,student4967@university.com,Male,24,CS,68.02,87.64,40.57,71.6,58.33,3.49,76.95,83.38,F,27.4,No,Yes,Master's,Low,7,6.3
S5968,John,Smith,student4968@university.com,Female,23,Mathematics,73.66,93.72,76.16,,73.5,7.38,96.06,65.21,C,16,Yes,Yes,,Medium,7,5.7
S5969,Sara,Johnson,student4969@university.com,Female,20,Engineering,78.08,83.92,89.29,73.12,99.9,0.23,72.27,67.48,B,6.5,No,Yes,PhD,High,9,4.3
S5970,Liam,Jones,student4970@university.com,Male,18,Mathematics,90.44,48.93,77.8,,67.8,0.28,84.15,58.65,B,10.7,Yes,Yes,None,High,2,7
S5971,Maria,Davis,student4971@university.com,Male,22,Engineering,59.52,91.27,87.17,51.35,71.38,7.16,73.54,73.2,F,29.3,Yes,Yes,None,Low,3,6.6
S5972,Maria,Davis,student4972@university.com,Female,24,Business,93.59,77.11,87.99,60.46,71.62,9.31,57.13,55.51,B,20.5,No,Yes,None,Medium,3,6.9
S5973,Maria,Davis,student4973@university.com,Female,21,CS,87.88,76.57,91.06,94.09,54.04,6.32,63.6,82.65,A,10.7,No,Yes,High School,Medium,6,4
S5974,Liam,Williams,student4974@university.com,Female,23,Engineering,86.13,95.28,56,52.96,88.71,7.27,53.36,58.46,A,17.1,Yes,Yes,PhD,Low,1,4.4
S5975,Emma,Jones,student4975@university.com,Male,22,Business,54.34,54.93,92.28,61.35,62.66,8.24,72.01,93.2,D,12.9,No,Yes,Bachelor's,Low,9,4.8
S5976,Omar,Williams,student4976@university.com,Female,21,Business,51.08,54.38,79.25,67.56,85.18,3.62,82.47,85.02,D,17.2,Yes,Yes,,Medium,5,6.2
S5977,Omar,Johnson,student4977@university.com,Male,21,Business,79.7,70.79,57.38,87.54,73.75,1.08,62.19,94.58,B,25.9,No,No,PhD,Medium,6,8
S5978,Sara,Smith,student4978@university.com,Male,19,CS,93.16,85.05,99.24,,80.59,9.33,74.52,54.35,B,10.6,No,Yes,Master's,Medium,7,5.2
S5979,Maria,Davis,student4979@university.com,Female,19,Mathematics,79.22,66.83,97.01,97.73,52.7,9.39,72.95,89.93,D,15,No,Yes,PhD,High,1,8
S5980,Emma,Jones,student4980@university.com,Female,24,Mathematics,60.66,78.03,74.47,61.39,94.5,4.42,76.67,94.04,D,16.2,No,Yes,High School,Medium,3,5.2
S5981,John,Davis,student4981@university.com,Male,22,CS,54.53,67.15,90.59,93.61,62.19,2.17,59.23,52.23,C,19.7,No,Yes,,Medium,9,7.7
S5982,Ali,Williams,student4982@university.com,Male,24,Mathematics,84.98,76.62,55.69,64.15,83.5,8.92,76.7,99.95,C,6.9,No,Yes,PhD,Low,5,8.4
S5983,Emma,Brown,student4983@university.com,Female,22,CS,86.09,89.34,64.96,62.27,89.9,7.08,68.21,65.03,A,10.2,No,Yes,PhD,High,2,8.1
S5984,Liam,Johnson,student4984@university.com,Female,20,Engineering,58.63,50.83,51.04,74.92,77,0.08,64.3,60.59,C,14.9,No,Yes,,High,3,7.7
S5985,Omar,Smith,student4985@university.com,Female,18,CS,51.41,81.72,71.21,,66.87,1.08,79.3,70.75,D,25.2,No,Yes,Bachelor's,High,6,4.2
S5986,Omar,Johnson,student4986@university.com,Male,18,Mathematics,70.41,87.25,69.76,69.22,98.9,9.83,57.4,50.43,C,9.7,No,Yes,,Medium,3,5.7
S5987,John,Brown,student4987@university.com,Male,22,CS,79.14,66.83,52.77,67.78,63.92,0.38,95.03,94.3,B,27,No,Yes,,Medium,1,5
S5988,John,Smith,student4988@university.com,Female,19,Engineering,,59.39,80.37,58.01,97.43,2.83,96.74,63.42,A,13.5,No,Yes,,Low,5,6.4
S5989,Liam,Brown,student4989@university.com,Male,23,Engineering,90.5,40.81,47.07,93.04,57.81,5.48,83.03,76.08,A,11.3,No,Yes,High School,Low,10,5.8
S5990,Ali,Johnson,student4990@university.com,Male,24,CS,80.53,87.83,43.7,69.29,69.46,1.84,65.16,81.18,F,15.2,No,Yes,,Low,7,7.1
S5991,John,Williams,student4991@university.com,Female,20,Engineering,55.54,59.68,63.09,,56.92,2.32,81.3,89.55,D,18.8,Yes,Yes,,Low,5,6.8
S5992,Sara,Johnson,student4992@university.com,Male,18,CS,,61.44,64.59,,50.11,3.53,80.08,62.51,A,23.3,Yes,No,High School,Medium,1,6.2
S5993,Ali,Johnson,student4993@university.com,Female,22,Business,99.21,60.16,59.18,59.74,63.01,2.7,69.56,85.86,A,16.9,No,Yes,None,Low,2,7.8
S5994,John,Johnson,student4994@university.com,Female,19,Mathematics,,69.92,55.48,75.26,54.36,8.03,64.36,55.88,F,25.5,No,Yes,High School,Low,2,4.1
S5995,Ahmed,Jones,student4995@university.com,Male,19,Business,,82.15,60.33,80.09,99.32,5,58.42,85.21,D,25.5,No,Yes,High School,Low,10,8.3
S5996,Emma,Brown,student4996@university.com,Male,19,Business,65.11,86.31,49.8,,88.08,2.79,60.87,95.96,C,5,No,Yes,,Medium,4,4
S5997,John,Brown,student4997@university.com,Female,24,CS,87.54,63.55,64.21,94.28,50.19,3.13,82.65,54.25,A,24.8,Yes,No,High School,Medium,4,6.3
S5998,Sara,Davis,student4998@university.com,Male,23,CS,92.56,79.79,94.28,81.2,61.18,0.4,94.29,55.84,A,16.1,Yes,Yes,Bachelor's,Low,1,8.4
S5999,Maria,Brown,student4999@university.com,Female,21,Engineering,83.92,83.24,53.47,51.76,83.51,0.49,69.25,77.86,F,29.2,No,Yes,PhD,Low,2,6.1
