Student_ID,First_Name,Last_Name,Email,Gender,Age,Department,Attendance (%),Midterm_Score,Final_Score,Assignments_Avg,Quizzes_Avg,Participation_Score,Projects_Score,Total_Score,Grade,Study_Hours_per_Week,Extracurricular_Activities,Internet_Access_at_Home,Parent_Education_Level,Family_Income_Level,Stress_Level (1-10),Sleep_Hours_per_Night
S4001,Sara,Davis,student3001@university.com,Male,20,Engineering,58.23,49.84,61.07,72.69,61,9.5,89.63,53.66,C,14.9,No,Yes,Bachelor's,Low,9,8.9
S4002,Emma,Smith,student3002@university.com,Female,24,Engineering,75.15,80.13,72.25,91.35,50.46,5.53,75.18,70.14,B,13.7,No,No,Master's,Medium,1,7.2
S4003,Maria,Brown,student3003@university.com,Male,18,CS,74.73,81.05,84.94,71.88,84.03,9.29,83.05,86.64,C,17.8,No,Yes,None,Medium,5,5.4
S4004,Ahmed,Smith,student3004@university.com,Male,19,CS,58.75,57.22,46.75,60.85,55.74,6.89,88.63,74.87,D,17.4,No,Yes,None,Low,5,5
S4005,Ahmed,Jones,student3005@university.com,Female,19,CS,86.66,41.65,87.47,58.55,62.32,9.26,74.17,81.37,B,13.9,No,Yes,None,Medium,8,5.5
S4006,Sara,Smith,student3006@university.com,Female,18,CS,,51.99,41.58,87.2,65.28,3.18,95.3,92.17,A,25.1,No,Yes,High School,Low,5,7.8
S4007,Ali,Brown,student3007@university.com,Male,21,Business,59.32,63.99,66.59,78.74,87.34,0.91,71.85,52.02,D,6.3,No,Yes,None,High,8,7.3
S4008,Maria,Davis,student3008@university.com,Male,24,CS,66.6,50.05,75.25,70.23,81.29,8.02,94.6,96.19,B,7.9,Yes,Yes,High School,Low,1,5.1
S4009,Ahmed,Williams,student3009@university.com,Female,24,Business,78.18,51.64,97.42,74.61,59.21,8.04,79.14,66.54,C,7.1,No,Yes,,Low,10,8.3
S4010,Sara,Johnson,student3010@university.com,Male,24,Mathematics,86.32,63.48,74.44,77.48,79.89,6.19,71.31,52.34,A,19.1,Yes,Yes,High School,Low,3,8.9
S4011,Liam,Smith,student3011@university.com,Male,23,Mathematics,74.09,97.71,49.52,,85.41,5.8,50.2,91.77,C,15.3,Yes,Yes,Master's,High,7,7.8
S4012,Ahmed,Johnson,student3012@university.com,Male,23,Mathematics,76.28,85.85,71.05,68.91,69.44,9.15,64.78,96.71,A,16.3,No,Yes,High School,Medium,6,4.3
S4013,Omar,Jones,student3013@university.com,Female,23,CS,,59.18,63.75,64.62,62.3,1.76,93.4,88.43,F,19.4,No,Yes,Master's,Medium,5,7.1
S4014,Maria,Williams,student3014@university.com,Male,23,Engineering,95.73,97.1,68.76,69.42,83.95,6.17,71.44,90.23,B,13.1,No,Yes,Master's,Low,7,8.7
S4015,Maria,Williams,student3015@university.com,Male,23,CS,96.44,78.74,51.83,75.03,80.54,0.5,71.07,93.57,A,9.6,No,Yes,,Low,5,5.6
S4016,Omar,Smith,student3016@university.com,Female,18,Business,84.17,67.33,70.05,58.67,53.9,1.41,74.47,76.12,A,12.7,No,Yes,Master's,Medium,7,6.9
S4017,John,Davis,student3017@university.com,Female,19,Business,50.88,68.1,49,69.68,83.33,4.37,64.32,84.02,C,29.8,Yes,Yes,None,Low,10,5.1
S4018,Liam,Williams,student3018@university.com,Female,21,Business,76.85,64.64,84.64,69.27,74.43,8.21,74.58,64.32,C,28.8,No,Yes,Master's,High,3,8.4
S4019,Omar,Smith,student3019@university.com,Male,20,Engineering,81.46,53.98,75.63,64.3,87.67,7.33,68.79,62.49,B,28.9,No,Yes,PhD,Medium,6,8.3
S4020,Emma,Smith,student3020@university.com,Female,23,Business,99.73,63.2,44.71,99.92,59.54,9.74,95.47,80.45,B,5.7,No,Yes,Bachelor's,Low,2,5.8
S4021,Emma,Johnson,student3021@university.com,Male,18,CS,99.8,71.67,93.38,53.68,62.91,0.45,78.2,86.73,A,7.2,Yes,Yes,,Low,1,5.7
S4022,Sara,Williams,student3022@university.com,Female,24,CS,92.88,71.68,76.98,82.15,77.17,3.81,91.71,69.86,A,6.1,Yes,Yes,None,Low,2,4
S4023,Maria,Smith,student3023@university.com,Male,21,Business,53.19,85.7,58.97,58.72,74.09,1.59,84.34,70.01,D,25.4,No,Yes,Master's,Low,4,5.6
S4024,John,Johnson,student3024@university.com,Female,21,Engineering,,61.53,42.74,91.98,69.32,0.37,60.63,97.71,A,29.8,No,Yes,High School,Low,10,7.9
S4025,John,Brown,student3025@university.com,Male,21,Mathematics,80.63,83.01,77.93,95.71,87.3,2.64,93.38,75.92,F,18.6,No,Yes,None,Low,6,4.1
S4026,Ahmed,Johnson,student3026@university.com,Male,18,CS,90.04,74.69,62.41,70.07,78.24,2.44,54.36,99.31,A,22.5,Yes,Yes,Bachelor's,High,5,5
S4027,Ahmed,Johnson,student3027@university.com,Female,20,Business,70.36,97.71,94.46,91.17,85.51,4.2,72.43,93.14,D,13.8,Yes,No,High School,Low,8,7.7
S4028,Omar,Smith,student3028@university.com,Female,23,Engineering,65.98,63.12,42.09,62.5,57.66,1.4,61.96,81.98,D,24.1,No,No,High School,High,2,7.2
S4029,John,Jones,student3029@university.com,Male,21,Business,,94.07,42.35,57,86.45,4.89,76.88,50.46,F,21.4,Yes,Yes,Master's,Medium,3,8.9
S4030,Omar,Jones,student3030@university.com,Female,18,Business,57.34,89.24,96.96,65.79,73.08,9.2,65,64.8,C,25,No,No,Bachelor's,High,2,6
S4031,Liam,Davis,student3031@university.com,Male,24,Mathematics,67.85,78.26,97.89,67.08,51.69,7.48,86.14,70.88,A,17.5,No,Yes,Bachelor's,Medium,10,4.7
S4032,Omar,Jones,student3032@university.com,Female,19,CS,92.88,79.27,41.66,69.87,61.72,8.42,96.85,82.64,B,9.9,Yes,Yes,High School,Low,2,7.3
S4033,Ahmed,Johnson,student3033@university.com,Female,24,Mathematics,51.9,45.08,82.96,,51.29,8.05,85.45,69.78,C,16.9,No,Yes,Bachelor's,High,4,4.4
S4034,Maria,Davis,student3034@university.com,Male,18,CS,57.54,97.01,53.29,70.56,72.84,3.9,67.77,91.39,F,12.8,Yes,Yes,,Low,2,4.6
S4035,Omar,Smith,student3035@university.com,Female,18,CS,56.26,46.42,82.08,85.5,66.29,7.09,80,83.15,D,22.4,No,Yes,Master's,Low,2,6.8
S4036,Ali,Williams,student3036@university.com,Female,18,Engineering,70.15,73.79,92.12,62.28,99.37,7.54,94.43,67.36,D,8.4,Yes,Yes,Master's,High,3,6.4
S4037,Maria,Johnson,student3037@university.com,Male,21,Business,99.85,59.8,46.05,50.93,93.43,2.06,63.5,89.22,B,13.3,No,Yes,PhD,Low,1,5.3
S4038,John,Johnson,student3038@university.com,Male,18,Engineering,58.67,65.79,54.33,74.48,91.28,8.6,55.91,65.15,F,5.2,No,Yes,PhD,Medium,5,6.4
S4039,John,Davis,student3039@university.com,Female,19,Business,57.27,76.61,41.44,72.41,75.06,4.58,56.54,53.14,F,25.4,No,Yes,Bachelor's,High,4,8.3
S4040,Omar,Smith,student3040@university.com,Male,21,Business,95.75,94.53,42.63,,90.35,0.16,74.74,58.63,A,15.2,No,Yes,,Medium,1,7.6
S4041,Maria,Brown,student3041@university.com,Female,24,CS,94.1,67.45,41.78,,63.34,6.43,86.61,50.14,A,24.4,Yes,No,Bachelor's,Medium,6,6.3
S4042,Ahmed,Johnson,student3042@university.com,Female,19,Mathematics,51.61,99.26,88.04,75.5,78.03,6.77,82.86,91.62,C,7.4,Yes,Yes,PhD,Medium,7,5.6
S4043,Ahmed,Brown,student3043@university.com,Male,22,CS,87.59,75.57,57.9,61.74,69.65,5.52,72.69,81.36,A,9.8,No,Yes,,Medium,4,6.9
S4044,Emma,Brown,student3044@university.com,Male,24,Business,82.77,49.63,69.59,93.88,58.57,2.12,86.46,78.53,B,26.3,No,No,Master's,High,3,4
S4045,John,Jones,student3045@university.com,Male,18,CS,88.39,51.4,87.27,58.66,53.63,4.82,81.7,83.1,A,19.9,No,Yes,Master's,Medium,9,7.7
S4046,Sara,Smith,student3046@university.com,Male,23,Engineering,74.73,82.97,69.7,51.01,77.91,4,81.41,82.68,B,5.1,No,Yes,,Medium,3,8
S4047,Emma,Brown,student3047@university.com,Male,23,Engineering,99.57,43.02,65.75,72.38,54.88,9.75,60.12,78.27,A,27.6,No,Yes,PhD,Medium,5,4.6
S4048,Ahmed,Smith,student3048@university.com,Male,21,CS,52.19,68.82,40.69,99.31,85.9,8.25,65.63,92.12,F,29.6,No,Yes,High School,Medium,5,6
S4049,Maria,Jones,student3049@university.com,Female,23,CS,61.72,48.89,74.08,,96.07,7.62,67.22,72.05,B,21.5,No,Yes,Bachelor's,High,7,4.7
S4050,Liam,Smith,student3050@university.com,Female,24,CS,69.83,65.99,47.48,67.7,58.11,1.81,90.41,90.24,C,23.2,No,Yes,Master's,Low,1,8.7
S4051,Ahmed,Johnson,student3051@university.com,Male,21,CS,72.49,85,85.88,50.84,73.55,3.31,88.76,89.33,F,8.3,Yes,Yes,PhD,Low,3,8.1
S4052,Maria,Brown,student3052@university.com,Female,24,CS,96.07,67.53,55.46,74.25,86.94,3.8,62.63,59.98,A,24.2,Yes,No,High School,Medium,3,4.1
S4053,Emma,Smith,student3053@university.com,Female,18,Engineering,,49.81,80.45,60.32,64.34,4.93,52.76,72.69,B,7.5,Yes,Yes,,Low,10,8.9
S4054,John,Williams,student3054@university.com,Female,20,Business,52.26,55.12,78.77,,96.04,0.3,88.39,91.75,F,27.2,No,Yes,,High,10,4.7
S4055,Ahmed,Smith,student3055@university.com,Female,20,Engineering,70.39,62.05,77,79.15,94.42,5.93,70.49,91.54,B,17.6,Yes,Yes,None,High,8,4.4
S4056,Omar,Brown,student3056@university.com,Male,19,Business,70.82,44.17,56.02,63.26,55.19,3.58,60.99,51.2,C,8.5,Yes,Yes,PhD,Low,3,4.2
S4057,Maria,Jones,student3057@university.com,Female,18,Engineering,98.27,75.06,56.03,53.44,51.37,5.62,55.85,61.15,A,7.2,Yes,Yes,,Low,7,8
S4058,John,Jones,student3058@university.com,Female,23,Engineering,79.96,76.45,91.78,87.75,98.82,0.09,50.64,71.19,D,16,Yes,Yes,Master's,Medium,9,8.6
S4059,Liam,Brown,student3059@university.com,Male,18,Engineering,81.78,43.73,40.77,79.27,97.82,3.21,71.39,52.36,D,5.1,No,Yes,,Low,8,4.5
S4060,Liam,Johnson,student3060@university.com,Male,22,Engineering,,64.14,50.89,92.11,71.11,7.69,66.99,63.03,B,29,No,Yes,High School,High,6,8.9
S4061,Sara,Johnson,student3061@university.com,Male,20,Engineering,88.5,64.84,76.61,62.99,52.53,5.01,84.82,62.91,A,9.3,No,Yes,Master's,Low,5,5.6
S4062,Maria,Jones,student3062@university.com,Male,23,CS,81.75,60.03,89.02,82.64,80.94,7.89,98.83,60.73,A,15.5,Yes,Yes,PhD,High,7,7.4
S4063,Emma,Jones,student3063@university.com,Female,24,Business,61.86,73.46,61.5,,64.67,6.99,60.34,69.83,A,20.2,No,Yes,Bachelor's,Medium,9,8.9
S4064,Sara,Brown,student3064@university.com,Male,24,Business,93.7,60.76,79.21,64.59,96.84,8.55,62.15,90.65,A,21.9,Yes,Yes,PhD,Medium,6,4
S4065,Sara,Johnson,student3065@university.com,Female,20,CS,86.61,64.98,73.43,82.83,89.73,0.07,66.87,62.21,A,19.1,No,No,PhD,Low,2,6.7
S4066,Ali,Jones,student3066@university.com,Female,18,Business,87.09,87.85,43.87,91.28,82.48,2.61,73.3,79.1,A,9.5,No,Yes,PhD,High,8,7.3
S4067,Ahmed,Johnson,student3067@university.com,Male,23,CS,99.83,49.73,77.31,66.05,64.23,5.49,84.88,77.88,A,16.8,No,Yes,Bachelor's,Low,4,5.9
S4068,Maria,Jones,student3068@university.com,Male,19,CS,90.13,77.15,88.83,,85.06,9.41,67.6,90.9,A,13.1,Yes,Yes,Master's,Low,6,4.5
S4069,Sara,Smith,student3069@university.com,Male,24,CS,91.46,70.34,99.55,83.89,64.46,6.8,55.21,69.7,B,7.2,Yes,Yes,PhD,Low,2,7.1
S4070,Ali,Williams,student3070@university.com,Male,18,Business,97.57,58.3,41.78,67.43,51.88,4.57,86.52,61.18,B,14.7,No,Yes,High School,Medium,6,4.2
S4071,Emma,Davis,student3071@university.com,Male,19,Business,57.56,83.65,79.6,93.82,75.42,1.3,89.73,94.58,C,20.2,Yes,Yes,Master's,Low,2,8.6
S4072,John,Smith,student3072@university.com,Male,23,Business,,73.07,64.87,75.46,74.43,4.93,62.38,91.65,C,7.6,No,Yes,PhD,Medium,1,6.3
S4073,Omar,Davis,student3073@university.com,Female,20,CS,79.03,68.64,40.59,82.41,88.15,4.41,56.84,81.08,A,9.1,No,Yes,Bachelor's,High,5,8.6
S4074,Omar,Jones,student3074@university.com,Female,22,Engineering,66.46,80.06,76.86,74.78,93.28,7.78,76.39,54.66,D,7.2,Yes,Yes,PhD,Medium,4,8.2
S4075,Maria,Williams,student3075@university.com,Female,21,Business,91.97,88.14,47.35,72.64,67.72,4.13,60.42,50.81,A,5,No,Yes,PhD,Low,4,4
S4076,Sara,Williams,student3076@university.com,Female,20,CS,88.12,98.36,62.71,92.4,72.47,3.19,68.71,59.13,A,28.4,No,Yes,None,Low,1,6.3
S4077,Omar,Jones,student3077@university.com,Male,19,Engineering,86.04,77.76,55.68,64.74,73.52,0.9,88.87,59.83,A,26,No,Yes,,Low,9,8.4
S4078,Ahmed,Jones,student3078@university.com,Male,18,CS,99.86,92.47,61.67,,66.21,0.47,60.98,56.81,B,10.8,Yes,Yes,Master's,High,8,5.9
S4079,Omar,Johnson,student3079@university.com,Female,24,CS,62.97,40.07,69.56,,87.17,4.39,90.31,63.11,D,19.4,No,Yes,None,Low,1,5.6
S4080,Omar,Jones,student3080@university.com,Female,23,Engineering,86.77,71.81,61.55,91.25,76.11,3.47,83.7,66.89,A,25,No,Yes,Bachelor's,Low,5,7.4
S4081,Omar,Brown,student3081@university.com,Female,20,Engineering,77.57,52.88,73.16,,95.7,5.55,60.99,87.72,C,14.2,No,Yes,None,High,9,7.5
S4082,Liam,Jones,student3082@university.com,Male,24,CS,,45.65,54.32,59.27,82.52,7.12,76.32,85.48,C,23.5,Yes,Yes,Bachelor's,Medium,1,7.2
S4083,Ali,Brown,student3083@university.com,Male,24,CS,58.03,71.92,78.12,83.78,60.59,0.4,80.7,55.22,D,26.7,No,No,PhD,Medium,10,5.8
S4084,Sara,Jones,student3084@university.com,Male,22,CS,94.79,84.81,91.23,53.94,58.24,4.96,60.01,98.86,B,17.5,No,Yes,Master's,High,10,4.3
S4085,Ahmed,Johnson,student3085@university.com,Female,23,CS,79.77,64.74,53.44,71.19,68.62,8.62,57.25,87.61,F,27.2,Yes,Yes,None,Medium,3,8.6
S4086,Sara,Brown,student3086@university.com,Female,19,CS,91.25,80.21,70.47,54.29,67.35,4.55,76.56,58.17,A,10.2,Yes,Yes,None,Low,4,5.6
S4087,Liam,Smith,student3087@university.com,Male,23,CS,77.27,69.38,78.92,79.9,70.36,5.21,84.69,56.22,D,27.5,Yes,Yes,Master's,Medium,2,8
S4088,Maria,Brown,student3088@university.com,Male,23,Engineering,61,66.23,73.88,,59.18,4.87,73.25,54.38,A,25.1,Yes,Yes,Bachelor's,Low,9,5.8
S4089,Maria,Johnson,student3089@university.com,Female,18,Engineering,,57.42,61.94,81.46,98.91,3.9,53.5,86.59,B,26,Yes,Yes,Bachelor's,Medium,1,6.5
S4090,Maria,Davis,student3090@university.com,Female,21,Business,69.08,62.96,78.53,83.66,57.29,1.1,96.26,61.81,B,5.1,No,Yes,,High,4,5.9
S4091,Emma,Brown,student3091@university.com,Male,24,Business,98.65,60.99,41.69,74.36,82.63,1.26,84.75,53.65,B,21.6,Yes,Yes,Bachelor's,High,10,4.4
S4092,Omar,Jones,student3092@university.com,Female,19,CS,50.28,78.77,62.19,58.75,50.65,1.79,81.06,71.09,F,15,No,Yes,Bachelor's,Medium,3,5.6
S4093,Emma,Jones,student3093@university.com,Male,18,CS,99.28,46.96,71.96,55.07,70.35,7.93,82.18,85.43,A,20.1,No,Yes,None,Medium,10,8.8
S4094,Ali,Davis,student3094@university.com,Male,24,Business,99.02,45.56,41.24,65.66,65.46,2.75,69.93,65.23,A,7.1,No,Yes,None,Low,9,4.6
S4095,Maria,Johnson,student3095@university.com,Female,21,CS,99.81,79.6,70.46,73.26,69.1,9.48,99.22,74.13,A,10.9,No,Yes,,Medium,3,6.8
S4096,Liam,Williams,student3096@university.com,Female,18,CS,73.83,72.78,79.26,82.11,74.9,8.1,56.63,59.63,D,13.8,No,Yes,High School,Low,7,8.8
S4097,Ahmed,Jones,student3097@university.com,Female,21,CS,98.19,65.81,85.55,50.06,80.02,6.85,86.96,71.46,A,23,No,Yes,None,Medium,2,4.1
S4098,Sara,Smith,student3098@university.com,Male,21,Engineering,69.78,49.15,46.8,85.55,79.18,7.2,71.04,67.95,D,18.8,Yes,Yes,High School,Medium,8,4.3
S4099,Omar,Johnson,student3099@university.com,Female,21,Engineering,51.31,64.66,99.43,85.64,81.54,0.48,94.05,71.7,D,5.4,No,Yes,,Medium,2,8.5
S4100,John,Brown,student3100@university.com,Female,18,Mathematics,61.22,87.38,76.37,72.23,92.23,5.68,85.86,73.29,C,13.4,No,Yes,Bachelor's,Low,10,7.7
S4101,Ahmed,Brown,student3101@university.com,Male,23,Business,97.26,93.38,61.79,67.17,94.34,9.41,78.11,54.61,A,28.5,No,Yes,High School,Low,9,6.7
S4102,Omar,Smith,student3102@university.com,Male,21,Engineering,50.69,82.15,54.95,92.12,86.86,0.39,96.88,54.67,F,9.5,Yes,Yes,PhD,Low,9,6.7
S4103,Emma,Jones,student3103@university.com,Female,23,CS,77.3,43.59,74.37,89.23,53.95,2.91,95.62,63.03,F,10.9,No,Yes,Bachelor's,Low,9,8.9
S4104,Emma,Johnson,student3104@university.com,Male,24,CS,53.78,80.22,92.9,99.16,98.06,0.52,52.62,55.79,D,12.7,Yes,Yes,,Low,6,4.1
S4105,Ahmed,Smith,student3105@university.com,Male,24,CS,64.32,54.46,71.23,68.6,97.37,5.7,59.63,62.64,D,11.7,Yes,Yes,,High,7,5.4
S4106,Emma,Jones,student3106@university.com,Male,19,CS,54.4,58.92,79.69,95.34,85.59,1.16,83.8,51.23,D,8,No,Yes,Master's,Medium,4,5.6
S4107,Maria,Johnson,student3107@university.com,Female,22,CS,92.98,51.75,61.46,54.37,75.87,4.79,96.09,67.54,A,12.8,Yes,No,Master's,High,2,4.6
S4108,Ali,Brown,student3108@university.com,Female,23,CS,79.55,86.55,63.29,70.57,62.53,7.2,71.52,60.67,B,18.5,Yes,Yes,High School,Medium,3,5.8
S4109,Sara,Johnson,student3109@university.com,Male,24,CS,95.11,78.92,57.17,73.27,87.82,1.64,51.92,94.61,A,21.9,No,Yes,High School,Low,3,5.9
S4110,Ali,Davis,student3110@university.com,Male,22,CS,84.42,76.71,82.34,72.04,93.89,7.55,82.16,92.91,C,21.1,No,Yes,Bachelor's,Low,1,8.8
S4111,Omar,Williams,student3111@university.com,Male,21,Mathematics,98.55,80.08,61.55,81.25,83.26,0.6,59.73,65.02,A,9.1,Yes,Yes,,Low,3,6.2
S4112,Sara,Johnson,student3112@university.com,Female,22,Engineering,75.49,54.21,51.44,58.51,81.45,1.5,77.62,73.77,F,20.4,No,Yes,High School,Medium,4,8.7
S4113,Liam,Williams,student3113@university.com,Male,22,Mathematics,81.94,66.68,62.16,93.32,59.65,2.8,69.23,97.79,B,14,Yes,Yes,None,Low,4,8.1
S4114,Sara,Johnson,student3114@university.com,Male,21,CS,78.82,78,91.23,77.59,67.89,7.96,77.9,76.2,F,25.5,No,No,None,Low,3,7.7
S4115,Ali,Williams,student3115@university.com,Female,23,Engineering,74.21,78.2,84.3,95.21,86.16,8.5,96.62,92.42,C,14.1,No,Yes,High School,High,10,5.7
S4116,Ahmed,Davis,student3116@university.com,Male,21,CS,92.3,87.51,60.08,50.13,50.84,2.2,74.29,91.32,B,29.4,No,Yes,,Low,4,6.1
S4117,Sara,Brown,student3117@university.com,Female,19,CS,82.23,57.23,94.41,,82.06,0.96,51.73,97.06,B,20.4,No,Yes,,Medium,4,4.2
S4118,Liam,Jones,student3118@university.com,Female,20,CS,90.07,86.22,44.49,70.62,88.33,8.48,79.05,65.29,A,15.7,No,Yes,,Low,3,5.9
S4119,Liam,Williams,student3119@university.com,Female,18,Mathematics,89.32,66.41,42.99,75.25,66.74,6.49,66.29,52.17,A,17.6,No,Yes,,High,5,8.4
S4120,Liam,Davis,student3120@university.com,Male,21,Mathematics,59.55,80.21,47.65,87.19,53.81,1.58,88.91,55.2,F,9.4,Yes,Yes,,Medium,3,7.9
S4121,Ali,Williams,student3121@university.com,Male,21,CS,82.51,67.34,46.99,61.36,90.96,5.58,73.5,78.56,A,22,Yes,Yes,,Medium,8,8
S4122,Sara,Brown,student3122@university.com,Female,22,CS,59.98,96.92,45.27,60.24,57.09,8.72,87.07,76.51,F,29.1,No,Yes,Master's,High,3,5.1
S4123,John,Williams,student3123@university.com,Male,19,Engineering,79.17,50.76,79.68,85.15,68.54,0.7,95.44,64.92,A,17.9,No,Yes,,Medium,10,5.1
S4124,Ahmed,Davis,student3124@university.com,Female,24,CS,,80.5,76.05,76.07,85.36,0.84,68.11,62.44,B,29.8,No,Yes,,High,3,7.3
S4125,Maria,Davis,student3125@university.com,Male,24,CS,99.86,74.59,78.86,61.68,90.85,2.74,99.47,85.47,B,8.8,No,No,PhD,High,8,7.3
S4126,Sara,Smith,student3126@university.com,Female,22,CS,51.53,50.36,81.3,,93.12,6.52,57.49,67.03,D,20.9,No,Yes,None,Low,1,5
S4127,Liam,Brown,student3127@university.com,Female,23,Engineering,,43.96,85.41,72.98,76.52,1.78,82.2,80.2,F,21.9,No,No,,Low,4,7.6
S4128,John,Smith,student3128@university.com,Male,21,CS,53.85,87.95,52.43,84.57,73.79,8.16,51.74,85.61,F,12.8,No,Yes,Master's,Medium,3,5.9
S4129,Maria,Brown,student3129@university.com,Male,21,CS,69.92,49.45,77.34,50.13,92.42,7.5,60.65,71.52,D,13.8,No,Yes,Master's,Medium,1,8.4
S4130,Maria,Williams,student3130@university.com,Male,22,CS,91.08,51.19,74.8,79.34,78.15,5.61,81.69,59.67,A,28.6,No,Yes,None,High,1,5.8
S4131,Omar,Davis,student3131@university.com,Male,21,Engineering,92.2,98.71,96.62,80.28,78.93,1.16,52.31,93.04,B,20.3,Yes,Yes,Bachelor's,Low,7,5.1
S4132,Sara,Smith,student3132@university.com,Female,23,Mathematics,86.85,83.04,53.94,87.28,71.7,9.88,55.09,54.68,A,24.5,No,Yes,PhD,Medium,4,5
S4133,Ali,Williams,student3133@university.com,Female,20,CS,94.84,55.03,43.52,94.46,68.64,4.9,64.55,91.47,B,23.1,Yes,Yes,,Medium,5,8.5
S4134,Sara,Davis,student3134@university.com,Male,18,Business,66.14,75.46,79.21,,74.03,4.52,78.78,91.83,B,20.3,No,Yes,None,Medium,2,8.3
S4135,John,Brown,student3135@university.com,Male,18,Business,54.41,72.05,84.41,,68.24,9.96,50.8,78.55,C,6.2,No,Yes,,Low,3,6.1
S4136,Maria,Davis,student3136@university.com,Female,18,Mathematics,52.91,90.67,56.99,55.12,67.18,8.64,74.12,81.47,C,21.6,No,Yes,PhD,Low,1,5.2
S4137,Sara,Williams,student3137@university.com,Male,20,Business,92.61,83.76,74.25,66.84,99.68,4.56,81.29,67.9,B,13.6,Yes,Yes,Master's,Low,4,5.4
S4138,Ali,Smith,student3138@university.com,Male,21,Engineering,86.52,89.9,43.57,53.42,66.81,4.19,70.13,92.08,B,16.7,No,Yes,Master's,Medium,8,5.9
S4139,Omar,Smith,student3139@university.com,Male,22,Business,84.93,52.69,97.6,90.14,62.82,0.96,53.38,63.19,F,26.3,No,Yes,PhD,Medium,3,4.2
S4140,Sara,Davis,student3140@university.com,Male,24,CS,66.98,78.41,46.6,90.35,67.7,9.27,80.54,77.99,C,29.2,Yes,Yes,Bachelor's,Low,1,4.3
S4141,Ahmed,Williams,student3141@university.com,Female,19,Engineering,,42.41,44.05,70.86,79.54,8.44,80.29,50.09,C,22.4,No,Yes,PhD,Medium,4,8.6
S4142,Omar,Johnson,student3142@university.com,Female,21,Mathematics,97.91,44.14,42.65,62.98,95.55,3.1,75.3,96.99,A,10.8,No,Yes,None,High,9,7.8
S4143,Ali,Brown,student3143@university.com,Male,20,Business,53.19,82.81,65.64,,89.39,7.53,84.66,97.41,C,12.9,No,Yes,,Low,10,8.1
S4144,John,Brown,student3144@university.com,Female,23,Mathematics,88.69,41.47,45.83,,92.11,7.63,60.39,85.52,A,8.5,Yes,Yes,PhD,Medium,8,6.4
S4145,Maria,Williams,student3145@university.com,Male,20,Business,65.48,74.79,84.68,,92.95,2.28,83.93,71.16,B,19.5,Yes,Yes,,Low,10,5.8
S4146,Sara,Johnson,student3146@university.com,Male,24,Business,51.95,90.42,93.93,63.31,96.03,6.14,58.07,58.93,F,28.2,No,Yes,,High,3,4.5
S4147,Ali,Smith,student3147@university.com,Male,18,Business,87.13,62.8,55.61,81.09,61.75,2.55,69.63,74.62,A,25.3,No,Yes,,High,4,6.8
S4148,Omar,Jones,student3148@university.com,Female,21,Business,66.55,42.69,77.73,62.93,72.92,7.9,53.38,89.57,A,18.6,No,Yes,Bachelor's,Low,5,7.7
S4149,Ahmed,Jones,student3149@university.com,Female,24,Engineering,86.11,82.83,42.54,61.26,69.26,1.54,90.96,80.26,B,28.5,No,Yes,Master's,Medium,7,5
S4150,Ali,Williams,student3150@university.com,Female,18,Mathematics,,95.78,63.19,51.06,69.09,6.69,76.91,76.37,F,27.4,No,Yes,Bachelor's,Low,1,5.9
S4151,Emma,Johnson,student3151@university.com,Female,19,Business,76.74,83.03,57.58,78.86,82.61,3.26,98.55,92.47,C,14,No,Yes,None,High,3,8.6
S4152,Liam,Johnson,student3152@university.com,Female,23,Business,,74.71,53.72,57.5,70.09,0.36,97.12,65.66,F,18.7,No,Yes,Master's,Medium,1,8.2
S4153,Ahmed,Brown,student3153@university.com,Male,18,Engineering,79.05,53.8,78.68,50.62,80.82,1.24,99.93,93,A,12.4,No,Yes,,Medium,3,8
S4154,Omar,Smith,student3154@university.com,Male,19,CS,64.33,40.92,47.81,,69.11,6.55,55.06,71.97,C,5.2,No,No,None,Medium,6,4.2
S4155,John,Davis,student3155@university.com,Female,20,CS,86.71,81.68,91.64,65.69,65.56,2.4,80.33,50.12,B,16.3,No,Yes,High School,Low,9,4.8
S4156,Maria,Johnson,student3156@university.com,Female,18,Mathematics,79.46,53.86,79.89,83.46,67.65,6.31,70.38,86.6,B,23.8,No,No,Bachelor's,Low,6,5.5
S4157,Omar,Davis,student3157@university.com,Female,18,Engineering,50.64,91.49,82.64,60.13,90.19,4.15,76.63,93.89,D,20.9,Yes,Yes,None,Low,8,5.5
S4158,Liam,Jones,student3158@university.com,Male,22,CS,95.08,67.98,96.12,94.38,80.05,6.93,65.44,74.22,A,28.2,No,Yes,Bachelor's,Medium,4,4.6
S4159,John,Davis,student3159@university.com,Female,23,CS,77.28,71.84,96.54,64.42,98.7,4.93,52.4,72.74,B,22.1,No,Yes,Bachelor's,Medium,5,5.4
S4160,Sara,Smith,student3160@university.com,Male,23,Business,93.43,85.24,73.1,,91.63,3.09,85.39,90.27,B,8.5,No,Yes,High School,High,8,6.1
S4161,Ali,Smith,student3161@university.com,Male,24,Business,94.14,86.77,69.72,60.9,74.29,1.46,98.29,94.24,A,11.7,Yes,Yes,Bachelor's,Medium,1,4.2
S4162,Emma,Davis,student3162@university.com,Female,20,Business,72.25,78.56,60.12,62.69,62.12,3.41,76.62,98.72,D,8.1,Yes,No,None,Medium,8,6
S4163,Ahmed,Williams,student3163@university.com,Male,22,Engineering,,96.31,82.93,53.71,83.7,6.35,66.48,67.28,B,24.9,Yes,Yes,Bachelor's,Low,2,6.5
S4164,Ahmed,Johnson,student3164@university.com,Male,24,CS,70.79,98.94,72.29,,86.33,7.4,96.91,79.73,F,28.8,Yes,Yes,Bachelor's,Medium,6,4.2
S4165,Ali,Williams,student3165@university.com,Female,19,CS,72.47,96.81,95.97,92.98,73.21,1.6,68.23,91.15,B,10.7,No,Yes,High School,Low,4,7.4
S4166,Emma,Davis,student3166@university.com,Male,24,CS,94.76,89.45,54.32,84.42,61.5,6.64,95.73,76.59,B,24.1,Yes,Yes,Bachelor's,Low,10,4.4
S4167,Ali,Johnson,student3167@university.com,Female,19,Business,89.41,82.34,58.62,93.76,77.86,1.79,92.78,73.09,A,15.9,No,Yes,Master's,Medium,10,7.2
S4168,Sara,Brown,student3168@university.com,Male,20,CS,56.33,79.8,58.97,55.24,62.69,2.22,76.44,78.6,F,13.9,No,Yes,PhD,Low,4,9
S4169,Liam,Williams,student3169@university.com,Female,23,Engineering,80.52,46.23,88.36,72.78,97,5.31,83.84,67.84,B,29.7,No,Yes,Master's,Medium,5,4.3
S4170,John,Williams,student3170@university.com,Female,19,Engineering,99.8,56.29,45.94,61.46,81.44,2.89,85.02,59.6,A,13.6,No,Yes,High School,High,1,5.4
S4171,Omar,Davis,student3171@university.com,Male,20,Engineering,79.78,40.34,67.34,86.06,64.6,6.62,82.05,53.33,C,21.5,No,Yes,Bachelor's,Medium,4,4.6
S4172,Ahmed,Jones,student3172@university.com,Female,24,Mathematics,89.29,48.24,65.65,98.51,60.79,9.56,58.04,80.5,B,22.8,No,No,None,Low,8,5.8
S4173,Sara,Davis,student3173@university.com,Male,19,CS,88.45,66.35,44.39,90.77,85.84,1.49,84.64,68.96,B,24.3,No,Yes,Bachelor's,Medium,9,8.2
S4174,John,Williams,student3174@university.com,Male,21,Business,67.52,48.79,64.65,51.76,85.39,5.71,50.16,94.15,D,26.6,No,Yes,Bachelor's,High,2,8.6
S4175,Sara,Johnson,student3175@university.com,Female,18,CS,68.59,94.1,70.8,65.83,79.86,9.23,85.5,61.15,F,19.2,No,Yes,,Medium,6,8.2
S4176,Emma,Jones,student3176@university.com,Male,24,CS,86.2,88.34,43.91,51.43,80.72,1.77,77.74,65.54,A,20.1,No,Yes,Bachelor's,High,5,7.5
S4177,Ahmed,Davis,student3177@university.com,Female,23,Engineering,75,44.3,70.59,52.01,80.19,3.67,62.99,98.53,C,22.8,No,Yes,None,Low,8,7.6
S4178,Omar,Davis,student3178@university.com,Male,24,CS,78.53,54.93,97.55,53.98,68.01,1.24,90.19,77.81,C,8.7,No,Yes,,Medium,8,4.6
S4179,Ali,Williams,student3179@university.com,Male,21,Business,85.65,89.14,98.73,63.82,96.87,6.42,70.26,67.34,A,10,No,Yes,,Low,8,5.2
S4180,Ali,Williams,student3180@university.com,Female,20,Engineering,88.88,88.18,71.9,65.21,73.96,6.69,74.29,93.04,A,24.1,Yes,Yes,PhD,Medium,10,5.8
S4181,John,Brown,student3181@university.com,Male,20,CS,63.58,96.73,70.91,70.02,51.02,6.64,51.38,87.17,A,8.4,No,Yes,Bachelor's,Medium,1,4.3
S4182,Omar,Davis,student3182@university.com,Male,24,CS,57.34,99.85,57.13,,67.42,5.42,70.07,78.66,C,22.2,No,Yes,None,Medium,10,8.1
S4183,Liam,Williams,student3183@university.com,Male,21,Engineering,64.59,98.58,99.83,88.57,56.51,7.46,58.37,94.45,D,5.8,No,Yes,Bachelor's,Medium,4,5.3
S4184,Maria,Smith,student3184@university.com,Male,24,Business,75.38,64.61,56.45,57.07,68.17,0.36,63.81,54.7,F,13.4,No,Yes,,Medium,2,4.3
S4185,Emma,Jones,student3185@university.com,Male,18,Engineering,67.11,55.02,67.17,57.89,80.41,9.58,62.61,69.72,F,21.6,No,Yes,High School,High,4,4.4
S4186,John,Smith,student3186@university.com,Male,18,Engineering,78.42,85.5,40.18,81.33,51.13,2.22,52.3,90.53,B,22.7,Yes,Yes,High School,Low,6,8.8
S4187,Maria,Jones,student3187@university.com,Male,22,Business,52.67,57.96,60.95,78.59,93.51,1.22,73.02,69.3,D,20.8,No,Yes,None,Medium,4,8.6
S4188,Sara,Davis,student3188@university.com,Male,19,Engineering,75.49,88.38,44.29,57.7,80.52,9.41,76.13,96.34,C,16,No,Yes,,Low,5,8.8
S4189,Emma,Brown,student3189@university.com,Female,22,CS,68.4,72.04,84.63,,64.77,8.3,78.55,57.63,A,11.4,Yes,Yes,None,Low,3,8.8
S4190,Sara,Williams,student3190@university.com,Male,18,Engineering,76.73,87.64,73.66,,65.56,7.65,73.11,66.83,A,20.3,No,Yes,,Low,2,8
S4191,Liam,Williams,student3191@university.com,Male,21,Engineering,71.13,56.55,74.33,68.35,73.28,1.05,93.48,71.29,A,9.6,Yes,Yes,None,Medium,7,5.4
S4192,Omar,Williams,student3192@university.com,Female,19,Business,64.21,70.48,57.19,71.02,62.4,8.08,51.88,84.35,B,6.5,No,No,PhD,Medium,6,5.6
S4193,Ahmed,Davis,student3193@university.com,Female,21,Engineering,95.21,73.84,88.89,66.14,50.22,6.09,80.69,59.77,A,5.5,No,Yes,Bachelor's,Low,3,6
S4194,Emma,Jones,student3194@university.com,Female,22,Mathematics,59.24,96.59,40.2,77.87,51.33,7.32,93.31,50.49,C,11.7,Yes,Yes,,High,10,7.9
S4195,Maria,Williams,student3195@university.com,Male,20,CS,84.07,56,60.02,69.43,67.89,9.78,52.05,98.83,C,5.7,No,Yes,High School,Low,9,8.6
S4196,Liam,Smith,student3196@university.com,Female,21,Mathematics,96.23,96.2,79.57,62.97,56.21,1.94,74.82,94.94,A,11.2,No,Yes,Master's,High,6,6.2
S4197,Ahmed,Williams,student3197@university.com,Female,22,Engineering,76.93,88.29,94.48,95.22,51.12,5.04,79.45,65.01,C,12.2,No,Yes,PhD,Low,5,5.5
S4198,Ali,Davis,student3198@university.com,Male,22,Engineering,93.82,83.85,54.08,65.42,92.96,7.53,59.55,74.17,A,13.6,No,Yes,Master's,Medium,8,5.2
S4199,Maria,Brown,student3199@university.com,Male,22,CS,56.24,87.21,72.47,84.92,63.71,4.34,62.63,74.45,F,22.8,No,No,PhD,Medium,2,5.3
S4200,John,Smith,student3200@university.com,Female,20,CS,,76.33,72.28,67.36,75.16,0.55,89.28,93.46,C,16,Yes,Yes,,Medium,6,4
S4201,Ali,Williams,student3201@university.com,Female,20,Business,72.85,54.64,92.45,71.76,58.97,1.11,78.37,79.85,F,29.6,Yes,Yes,,Medium,6,5.2
S4202,Liam,Williams,student3202@university.com,Male,24,Business,50.41,51.37,43.03,61.8,52.34,6.02,65.79,91.32,F,28.7,No,Yes,None,Medium,7,5.5
S4203,Ali,Johnson,student3203@university.com,Male,20,CS,72.16,91.98,65.47,87.62,87.24,2.85,88.24,95.6,C,29.5,No,Yes,High School,Medium,3,7.9
S4204,John,Jones,student3204@university.com,Male,19,Engineering,68.45,83.51,50.95,86.86,56.25,1.38,87.34,78.3,A,15.3,No,Yes,Master's,High,6,6.7
S4205,Emma,Smith,student3205@university.com,Male,20,CS,83.49,52.79,41.29,51.11,51.29,3.4,67.27,64.27,A,6.1,Yes,Yes,Master's,Low,3,5.7
S4206,Ali,Johnson,student3206@university.com,Male,20,Mathematics,96.92,76.91,48.82,53.01,79.36,2.01,74.43,74.94,B,26.5,No,Yes,None,Low,8,7
S4207,Omar,Brown,student3207@university.com,Female,20,Business,54.29,66.85,98.59,96.12,50.67,0.24,83.23,92.54,C,15.9,No,Yes,Master's,High,5,7.9
S4208,Maria,Jones,student3208@university.com,Male,21,CS,66.37,49.52,52.89,94.44,71.81,1.52,67.16,79.18,A,21,No,Yes,,Low,6,7.1
S4209,Ahmed,Smith,student3209@university.com,Male,20,Business,72.2,71.91,96.1,75.3,64.44,8.83,81.45,94.79,B,26.1,Yes,Yes,High School,Low,9,4.4
S4210,Ali,Williams,student3210@university.com,Male,19,Mathematics,72.76,56.89,52.32,74.67,65.97,0.12,62.55,94.77,A,20.2,No,Yes,Master's,Low,9,5.2
S4211,Maria,Smith,student3211@university.com,Male,22,CS,88.74,45.77,95.88,90.62,50.19,7.74,64.6,68.67,A,23.4,Yes,Yes,High School,Medium,5,5.4
S4212,Sara,Williams,student3212@university.com,Male,21,Business,72.17,68.02,79.28,56.92,98.22,7.53,65.53,72.41,B,11.2,No,Yes,High School,Medium,10,5.8
S4213,Maria,Jones,student3213@university.com,Female,18,Engineering,51.36,75.41,46.79,82.68,75.85,5.64,96.8,83.9,D,9.9,Yes,Yes,,Low,7,4.1
S4214,Ahmed,Williams,student3214@university.com,Male,20,Engineering,85.51,42.81,74.91,73.8,78.63,2.08,91.68,55.55,B,18.9,Yes,No,Master's,Low,6,7.7
S4215,Maria,Brown,student3215@university.com,Female,24,CS,94.24,64.13,59.11,87.17,83.31,8.78,78.26,73.28,B,20.9,No,Yes,None,Medium,10,6.4
S4216,John,Davis,student3216@university.com,Male,24,CS,75.7,55.46,62.99,51.51,89.88,4.75,78.19,57.47,F,26.8,No,Yes,None,Low,4,8.5
S4217,Liam,Williams,student3217@university.com,Female,22,Engineering,79.06,41.84,66.41,79.64,80.4,1.73,52.81,92.4,D,25.5,No,Yes,PhD,Low,1,6.6
S4218,Ahmed,Brown,student3218@university.com,Female,22,CS,58.15,47.54,65.36,77.84,88.11,4.29,82.48,97.14,C,29.7,No,Yes,,Medium,4,8.9
S4219,Liam,Davis,student3219@university.com,Male,21,Business,61.03,48.34,79.85,92.04,72.44,1.95,66.41,57.08,D,29.2,Yes,Yes,PhD,Low,2,7.5
S4220,Emma,Jones,student3220@university.com,Male,24,CS,61.76,50.97,86.1,83.84,68.56,3.76,80.61,83.37,C,20.6,No,Yes,,Low,8,8.4
S4221,Liam,Jones,student3221@university.com,Male,18,Engineering,71.54,88.2,59.75,94.01,91.16,4.97,92.01,81.83,F,17.6,No,Yes,PhD,Medium,2,8.9
S4222,Sara,Smith,student3222@university.com,Male,23,Business,96.41,66.37,95.46,94.36,93.27,3.6,52.27,88,A,24,No,Yes,Bachelor's,High,9,6.4
S4223,John,Brown,student3223@university.com,Male,24,Engineering,76.09,48.83,96.31,70.41,56.89,6.57,80.35,84.79,A,11.5,No,Yes,,Low,10,7.2
S4224,Emma,Brown,student3224@university.com,Female,24,Engineering,59.6,46.02,42.44,56.87,77.13,9.36,78.21,60.86,D,13.8,Yes,Yes,,Low,6,8.6
S4225,Maria,Johnson,student3225@university.com,Male,19,Mathematics,63.3,57.88,40.89,81.51,84.18,3.48,60.34,64.56,C,24.2,No,Yes,PhD,Medium,5,6.9
S4226,Ahmed,Johnson,student3226@university.com,Male,23,Business,69.2,87.88,65.5,93.69,54.18,3.56,82.32,58.26,F,28.7,No,Yes,Bachelor's,Low,9,4.3
S4227,Sara,Davis,student3227@university.com,Female,22,CS,81.16,61.87,75.44,53.75,96.48,7.38,77.74,96.06,B,27.4,No,Yes,Bachelor's,Medium,2,7.5
S4228,John,Davis,student3228@university.com,Male,23,Engineering,72,49.59,56.67,77.9,76.01,5.31,88.37,76.09,F,6.8,No,Yes,None,High,1,8.7
S4229,Emma,Johnson,student3229@university.com,Female,24,Mathematics,69.62,64.25,55.56,55.75,82.27,4.29,55.53,98.81,D,10.8,No,Yes,Bachelor's,Low,9,7.9
S4230,Emma,Davis,student3230@university.com,Male,22,CS,78.24,73.32,80.7,51.35,58.91,8.14,72.18,72.47,F,11.8,No,No,,Medium,10,8
S4231,Sara,Williams,student3231@university.com,Female,23,CS,62.09,41.78,76.1,83.98,63.22,8.91,99.9,77.64,B,14.6,No,Yes,Bachelor's,High,4,4.4
S4232,Omar,Johnson,student3232@university.com,Male,22,CS,53.95,77.66,50.03,84.09,56.05,5.91,84.46,89.46,C,6.8,No,Yes,,High,2,7.7
S4233,Maria,Brown,student3233@university.com,Female,22,CS,51.22,63.71,93.07,80.03,63.2,1.85,84.21,89.86,D,10.8,Yes,Yes,None,Medium,6,4.2
S4234,Sara,Williams,student3234@university.com,Female,21,Business,62.56,40.58,80.8,92.96,74.62,4.66,65.89,61.56,D,22.9,No,Yes,None,Low,1,8.7
S4235,Emma,Davis,student3235@university.com,Male,18,Business,54.58,80.43,61.75,54.04,91.68,5.04,54.69,64.41,F,11.1,No,Yes,Master's,Medium,4,8.6
S4236,Ali,Jones,student3236@university.com,Male,22,Mathematics,66.82,82.74,81.02,55.26,76.69,4.32,97.47,54.89,B,28.6,Yes,No,High School,Medium,4,8.9
S4237,John,Smith,student3237@university.com,Male,19,Business,88.65,77.73,46.76,93.23,62.22,2.62,55.27,90.27,A,15.6,Yes,No,Bachelor's,Medium,10,5.5
S4238,Sara,Johnson,student3238@university.com,Female,24,CS,85.81,60.52,68.1,75.16,52.23,4.72,99.64,89.69,A,7.5,No,Yes,High School,High,7,6.7
S4239,Omar,Jones,student3239@university.com,Female,24,CS,80.55,71.78,50.14,63.65,81.1,4.47,56.29,54.06,F,26.1,No,Yes,Bachelor's,Medium,3,6.9
S4240,Emma,Davis,student3240@university.com,Female,19,Mathematics,92.63,63.23,42.49,86.91,71.01,2.09,58.55,62.87,A,27.9,No,Yes,None,Medium,8,6.8
S4241,Maria,Brown,student3241@university.com,Male,20,CS,64.1,82.04,60.3,94.72,99.22,9.03,65.42,72.49,D,28.2,No,Yes,PhD,Medium,2,6.1
S4242,Liam,Smith,student3242@university.com,Male,22,CS,94.25,75.01,49.04,84.48,88.99,8.85,75.62,77.09,A,17.3,No,Yes,Master's,Low,4,8.9
S4243,Emma,Jones,student3243@university.com,Female,22,Mathematics,69.96,44.91,78.01,89.6,90.42,7.6,89.52,76.13,B,28,Yes,Yes,Bachelor's,Low,8,8.4
S4244,Maria,Smith,student3244@university.com,Male,22,Engineering,70.04,78.59,80.44,64.12,50.61,4.01,98.55,99.15,D,22.7,No,Yes,PhD,Medium,4,7.1
S4245,Sara,Johnson,student3245@university.com,Female,23,CS,70.27,81.23,48.92,64.44,88.89,3.7,67.94,88.21,D,9.9,Yes,Yes,None,Low,5,7.2
S4246,Maria,Davis,student3246@university.com,Male,22,Business,,62.24,41.48,,59.73,7.16,51.02,55.66,B,18.3,No,Yes,,Low,10,7.6
S4247,Ahmed,Brown,student3247@university.com,Male,22,Mathematics,98.77,92.55,87.57,80.74,79.29,6.08,80.83,64.68,A,15.8,No,Yes,High School,Low,8,7
S4248,Ahmed,Davis,student3248@university.com,Female,19,CS,56.93,90.58,40.12,61.71,72.37,6.01,85.54,67.27,F,16.3,No,Yes,,High,8,7.5
S4249,Ahmed,Smith,student3249@university.com,Male,18,Business,67.04,50.51,60.63,76.21,78.58,1.24,69.87,65.76,B,15.3,Yes,Yes,High School,Medium,5,8.1
S4250,Omar,Jones,student3250@university.com,Male,18,CS,65.97,94.26,69.67,84.29,56.67,6.18,59.17,89.3,A,9.4,No,Yes,Bachelor's,Low,6,8.9
S4251,Omar,Johnson,student3251@university.com,Male,20,Engineering,53.73,66.45,89.12,60.93,72.84,9.02,65.3,68.03,F,14.8,No,Yes,High School,High,9,8.2
S4252,Ali,Johnson,student3252@university.com,Male,19,Mathematics,57.61,83.42,90.31,82.75,51.85,0.86,82.79,74.62,D,17.8,No,Yes,High School,Medium,2,4.6
S4253,Omar,Davis,student3253@university.com,Male,22,Mathematics,52.24,88.85,83.5,52.11,52.05,3.39,74.71,76.67,D,12.1,No,Yes,Master's,Low,3,6.7
S4254,Liam,Jones,student3254@university.com,Female,18,CS,64.62,70.31,54.83,65.18,82.89,5.09,87.17,63.52,A,9.4,No,Yes,Bachelor's,Medium,9,7.2
S4255,Sara,Jones,student3255@university.com,Male,21,CS,,63.95,83.21,83.7,97.58,6.86,60.91,66.13,D,10,No,Yes,,Medium,3,5.3
S4256,Emma,Smith,student3256@university.com,Female,21,CS,66.97,94.93,54.79,57.47,88.87,0.9,92.1,89,D,9.8,No,Yes,Master's,Medium,5,6.4
S4257,Emma,Davis,student3257@university.com,Male,21,Engineering,56.18,53.85,52.88,61.11,73.46,8.73,57.79,93.33,D,16.2,No,Yes,Bachelor's,Low,3,8.7
S4258,Ali,Davis,student3258@university.com,Male,22,CS,82.28,55.42,72.83,93.95,52.79,0.41,66.5,51.85,F,10.2,No,Yes,PhD,Low,10,5.3
S4259,Omar,Williams,student3259@university.com,Female,22,Engineering,99.83,61.7,80.73,83.72,52.25,8.58,79.56,80.26,A,22.9,No,No,None,Medium,4,5.6
S4260,Liam,Davis,student3260@university.com,Female,20,CS,61.62,91.57,43.18,74.95,57.89,0.28,86.84,81.67,A,13.4,No,Yes,High School,Low,3,8.5
S4261,Maria,Johnson,student3261@university.com,Male,24,Engineering,63.98,96.33,43.6,60.54,98.79,1.54,63.31,86.87,C,28.5,No,Yes,PhD,Medium,10,4.5
S4262,Ali,Smith,student3262@university.com,Male,20,CS,,53.2,87.05,,69.93,8,97.41,84.69,F,6.6,No,Yes,High School,Medium,4,8.4
S4263,Liam,Jones,student3263@university.com,Female,20,Business,58.94,91.83,91.57,78.72,92.17,8.6,85.31,93.87,D,12.7,Yes,Yes,Bachelor's,High,1,5.5
S4264,Maria,Davis,student3264@university.com,Female,23,CS,75.56,55.49,76.27,57.77,85.26,9.82,60.88,53.92,B,23.5,No,Yes,None,Medium,8,6.5
S4265,Liam,Smith,student3265@university.com,Female,21,CS,,98.24,65.73,74.09,80.27,1.16,86.29,69.42,C,22.1,No,Yes,None,Low,10,7.2
S4266,Maria,Davis,student3266@university.com,Female,22,Business,96.62,75.84,90.72,70.45,97.39,5.26,84.82,89.1,A,15.5,Yes,Yes,Master's,Medium,7,7.2
S4267,John,Jones,student3267@university.com,Male,21,Business,99.08,40.43,83.73,73.83,61.52,0.77,87.63,92.33,A,26.8,Yes,Yes,Bachelor's,Medium,6,8.9
S4268,Liam,Brown,student3268@university.com,Male,20,CS,90.73,42.05,74.78,55.28,72.74,1.56,95.79,63.24,A,6.8,No,Yes,High School,High,7,4.2
S4269,Emma,Jones,student3269@university.com,Male,22,CS,65.74,48.85,59.19,55.32,93.24,1.74,85.59,79.26,B,17.7,No,Yes,High School,Medium,8,7.5
S4270,Ahmed,Jones,student3270@university.com,Male,19,Business,70.17,51.25,51.88,98.21,77.59,0.63,67.6,59.04,B,10,No,No,High School,Low,1,8.2
S4271,Omar,Jones,student3271@university.com,Male,18,CS,62.12,86.06,65.12,98.97,62.32,8.93,89.53,92.54,A,14.3,No,Yes,High School,Low,7,6.9
S4272,Maria,Davis,student3272@university.com,Female,18,Business,94.54,53.37,57.21,71.31,60.45,1.26,84.79,86.52,B,22.5,No,Yes,None,Medium,9,8.9
S4273,John,Williams,student3273@university.com,Female,20,Engineering,95.73,98.15,60.36,89.45,87.64,6.29,78.71,61.1,A,7.5,No,Yes,None,Low,4,6.1
S4274,Liam,Jones,student3274@university.com,Female,24,CS,70.94,78.17,70.94,82.79,50.64,6.26,67.69,81.19,D,6.1,No,Yes,High School,Low,2,7.7
S4275,Emma,Johnson,student3275@university.com,Male,21,Engineering,82.83,81.55,50.15,55.85,95.71,1.99,96.05,75.47,A,15.5,No,Yes,,Medium,1,7.4
S4276,Ahmed,Johnson,student3276@university.com,Female,19,Business,58.28,53.07,88.37,,50.92,9.98,75.64,62.94,F,11.8,No,Yes,PhD,Low,8,4.2
S4277,Maria,Smith,student3277@university.com,Male,22,Mathematics,71.75,93.56,48.73,65.68,81.55,3.47,81.41,94.66,A,23,No,Yes,Bachelor's,Low,9,6.8
S4278,Liam,Williams,student3278@university.com,Male,24,CS,81.57,80.07,68.86,79.79,80.24,9.05,70.77,57.39,D,6.6,No,Yes,,Low,3,5.3
S4279,Liam,Smith,student3279@university.com,Male,21,Engineering,69.27,91.86,84.76,79,78.92,9.48,89.04,73.37,D,29.2,Yes,Yes,Bachelor's,Medium,8,6.6
S4280,Maria,Johnson,student3280@university.com,Female,20,CS,67.88,97.39,69.1,96.18,73.72,9.49,67.05,79.14,A,20.5,Yes,Yes,High School,Medium,8,8.4
S4281,Ali,Johnson,student3281@university.com,Male,21,Engineering,50.05,47.54,61.66,89.5,92.62,7.53,90.53,91.18,F,17.5,No,Yes,Master's,Low,1,7.2
S4282,Ali,Brown,student3282@university.com,Male,20,Business,90.21,45.8,68.49,92.84,82.97,2.54,55.4,57.51,A,15.3,No,Yes,PhD,Low,8,7
S4283,Emma,Jones,student3283@university.com,Female,23,CS,94.47,88.2,90.92,94.56,89.09,1.21,85.45,80.46,A,23.7,Yes,Yes,High School,Low,2,7.4
S4284,Ahmed,Johnson,student3284@university.com,Male,18,Mathematics,98.47,91.97,99.43,90.06,55.78,5.7,73.84,50.33,A,13.9,No,Yes,High School,High,2,6.6
S4285,Maria,Davis,student3285@university.com,Female,24,Engineering,85.96,75.03,77.87,66.64,52.49,3.6,84.94,91.13,A,24.4,Yes,Yes,PhD,Low,4,6.2
S4286,Emma,Davis,student3286@university.com,Male,18,Mathematics,77.44,61.96,87.61,60.75,51.43,8.31,76.57,61.74,C,22.8,No,Yes,High School,High,10,5.9
S4287,Emma,Smith,student3287@university.com,Female,21,Business,,79.16,40.87,,57.36,7.45,56.72,86.05,C,18.8,Yes,Yes,None,High,7,7.5
S4288,Sara,Smith,student3288@university.com,Male,19,CS,99.96,58.34,92.82,,83.35,2.76,73.85,80.09,B,27.2,No,Yes,Master's,Low,2,7.9
S4289,Liam,Jones,student3289@university.com,Male,22,CS,79.49,54.3,97.24,69.33,74.7,0.17,98.23,52.51,D,13.6,Yes,Yes,None,Medium,5,6.1
S4290,Omar,Jones,student3290@university.com,Female,20,CS,84.06,69.29,74.51,92.42,87.61,2.37,87.74,59.16,A,6.4,Yes,No,,Medium,4,4.2
S4291,Liam,Brown,student3291@university.com,Male,22,CS,84.12,52.97,85.23,98.03,59.59,5.67,65.01,63.39,C,14.4,No,Yes,None,High,6,6.7
S4292,Ali,Williams,student3292@university.com,Female,18,Engineering,92.26,69.02,70.76,78.47,68.35,0.79,97.21,94.34,A,26.9,No,Yes,None,Medium,3,6.9
S4293,Ahmed,Smith,student3293@university.com,Male,19,Engineering,50.48,97.4,57.17,72.83,94.42,6.58,88.95,74.04,C,6.9,No,Yes,High School,Medium,9,6.4
S4294,Liam,Jones,student3294@university.com,Female,19,Mathematics,61.01,90.39,91.13,92.14,96.79,6.72,68.22,95.68,A,24.1,No,Yes,Master's,Medium,1,5.8
S4295,Maria,Smith,student3295@university.com,Male,22,Engineering,83.28,96.5,75.81,51.21,96.09,1.69,80.18,52.37,F,25.6,No,Yes,Master's,Low,8,8.5
S4296,Emma,Jones,student3296@university.com,Male,18,Business,94.76,88.38,74.76,,90.92,5.96,71.33,50.33,B,15.7,Yes,Yes,High School,Low,6,6.4
S4297,Maria,Johnson,student3297@university.com,Male,22,Mathematics,84.27,61.29,79.55,,84.41,6.07,54.83,97.41,D,9.9,No,Yes,Master's,Medium,4,8
S4298,Sara,Smith,student3298@university.com,Female,21,Business,70.67,88.72,91.36,86.6,95.68,4.78,90.3,86.2,C,13.9,No,Yes,Master's,Low,9,7.2
S4299,Ahmed,Johnson,student3299@university.com,Female,19,CS,68.08,95.37,83.91,70.81,85.71,9.53,59.55,89.17,F,15,No,Yes,High School,Low,1,7.9
S4300,Emma,Smith,student3300@university.com,Female,19,Engineering,86.9,96.82,52.67,94.44,97.7,1.08,72.9,95.79,A,28.3,No,Yes,Bachelor's,Medium,9,8.4
S4301,Maria,Williams,student3301@university.com,Female,21,CS,87.06,80.99,68.01,67.57,51.24,4.07,85.13,99.23,B,12.1,No,Yes,PhD,High,2,5.2
S4302,Ali,Brown,student3302@university.com,Female,18,CS,80.35,52.68,98.82,81.69,96.08,8.83,96.61,54.89,A,29.3,Yes,Yes,None,High,6,8.1
S4303,Omar,Davis,student3303@university.com,Male,19,CS,64.57,42.38,73.27,81.72,77.79,3.86,53.14,57.91,B,7.7,No,Yes,Master's,High,8,7.6
S4304,Sara,Davis,student3304@university.com,Male,24,Business,96.26,48.83,96.29,59.22,55.59,4.25,69.66,59.43,A,29.4,No,Yes,PhD,Medium,2,6.8
S4305,Ahmed,Davis,student3305@university.com,Male,23,Engineering,77.59,97.93,88.8,64.24,60.75,6.68,80.73,90.92,F,10.6,No,No,High School,High,5,6.7
S4306,Sara,Johnson,student3306@university.com,Male,23,Engineering,,67.73,79.96,95.8,92.61,6.66,88.97,67.78,A,9.2,Yes,Yes,Master's,Medium,10,5.6
S4307,Ali,Jones,student3307@university.com,Male,23,Mathematics,60.72,91.3,60.96,59.17,75.31,0.23,96.05,79.66,C,8,No,Yes,PhD,Medium,10,6.7
S4308,Ahmed,Davis,student3308@university.com,Female,20,CS,67.2,67.9,58.26,58.68,99.14,4.56,50.02,92.76,F,12.9,Yes,Yes,None,Low,4,5.9
S4309,Sara,Williams,student3309@university.com,Male,24,Engineering,93.73,79.65,78.61,,55.88,3.34,81.39,84.16,B,20.4,No,Yes,PhD,High,5,8.4
S4310,John,Davis,student3310@university.com,Female,20,Business,52.51,41.45,65.95,54.61,70.63,6.28,50.35,53.27,C,21.7,No,Yes,Bachelor's,Medium,10,6.9
S4311,Ali,Smith,student3311@university.com,Male,18,CS,75.62,54.99,87.93,94.73,66.59,5.56,89.36,72.28,C,14.2,Yes,Yes,Master's,Medium,4,5.5
S4312,Ali,Johnson,student3312@university.com,Female,21,Engineering,74.09,66.18,85.63,55.01,75.81,6.51,57.48,53.38,F,10.8,Yes,Yes,,Low,3,4.7
S4313,Ali,Smith,student3313@university.com,Female,22,CS,87.56,77.84,58.73,80.83,81.67,6.54,94.73,73.94,A,29.9,No,Yes,None,Medium,4,7.5
S4314,John,Smith,student3314@university.com,Female,24,Business,64.09,50.29,82.16,66.99,83.08,2.55,57.76,60.97,A,11.8,No,Yes,None,High,5,7.3
S4315,John,Smith,student3315@university.com,Male,18,CS,60.95,85.87,69.67,90.21,50.06,2.46,88.22,50.07,B,14.5,No,Yes,Bachelor's,Medium,1,5.8
S4316,Maria,Brown,student3316@university.com,Male,22,CS,96.31,61.86,59.4,79.49,54.45,3.7,64.47,90.66,A,17,No,Yes,PhD,High,4,4.8
S4317,Emma,Brown,student3317@university.com,Male,18,Engineering,78.59,89.05,64.78,69.42,51.75,2.42,77.86,98.47,B,23.5,No,Yes,None,Low,9,7.6
S4318,Omar,Jones,student3318@university.com,Male,20,CS,55.23,45.88,93.72,99.19,93.23,6.83,80.42,98.21,C,8.8,Yes,No,,Low,8,5.4
S4319,Sara,Johnson,student3319@university.com,Female,23,CS,59.65,80.79,61.57,53.31,65.66,6.03,60.34,64.96,C,11.7,No,Yes,Master's,Low,5,8.3
S4320,Maria,Williams,student3320@university.com,Female,21,Engineering,99.94,57.6,57.24,,68.35,2.16,64.93,91.44,A,29.9,No,Yes,Master's,Low,3,7.6
S4321,Sara,Williams,student3321@university.com,Female,20,CS,59.78,87.72,61.11,99.48,72.52,8.84,55.38,83.94,D,25.6,No,Yes,High School,Low,2,8.5
S4322,Omar,Williams,student3322@university.com,Female,21,Engineering,80.52,64.13,52.88,84.55,92.47,4.61,50.26,90,D,16.1,No,Yes,Bachelor's,Medium,8,8.9
S4323,Emma,Smith,student3323@university.com,Male,24,Engineering,71.01,79.92,72.68,86.99,50.71,1.27,61.97,92.31,D,7.7,Yes,Yes,None,Low,8,5.7
S4324,John,Brown,student3324@university.com,Female,22,Engineering,94.28,96.06,48.85,,55.93,2.13,75.8,99.01,A,26.7,No,Yes,Bachelor's,High,5,6.5
S4325,Emma,Johnson,student3325@university.com,Male,18,Engineering,87.76,41.24,89.05,51.07,84.26,5.4,85.68,57.59,A,24.6,No,No,Bachelor's,High,7,6
S4326,John,Smith,student3326@university.com,Female,19,CS,,40.67,53.53,,98.19,3.38,89.68,88.49,B,19.5,Yes,Yes,,Low,1,4.4
S4327,Omar,Brown,student3327@university.com,Female,19,CS,50.54,86.22,75.88,99.59,82.14,8.51,53.49,86.71,C,15.1,Yes,Yes,High School,Medium,6,6
S4328,Emma,Brown,student3328@university.com,Female,21,Business,93.99,78.78,47.5,98.98,63.06,4.95,63.62,64.39,A,28.4,Yes,Yes,Bachelor's,Medium,10,6.2
S4329,Maria,Davis,student3329@university.com,Male,23,Business,72.23,57.58,98.71,66.73,75.99,9.15,88.51,69.63,D,12.4,No,Yes,None,Low,9,4.9
S4330,Ahmed,Davis,student3330@university.com,Male,23,CS,96.58,69.66,67.27,,98.75,1.02,74.04,58.84,A,13,Yes,Yes,,High,7,8.4
S4331,Maria,Johnson,student3331@university.com,Female,21,Engineering,74.78,42.52,89.33,,76.4,6.69,59.11,95.66,A,26.9,No,Yes,Master's,Low,5,5.5
S4332,Sara,Johnson,student3332@university.com,Female,20,Engineering,84.71,51.55,86.12,66.46,68.68,8.86,69.61,93.97,F,20.7,No,Yes,,Medium,6,7.8
S4333,Maria,Johnson,student3333@university.com,Female,19,Engineering,,65.47,82.82,68.51,69.17,2.93,63.5,80.7,A,28.8,No,Yes,PhD,Low,7,4.4
S4334,Omar,Smith,student3334@university.com,Male,20,Engineering,87.26,90.04,89.64,87.41,98.35,1.36,52.53,75.58,A,21.1,Yes,Yes,None,High,6,4.2
S4335,Ali,Jones,student3335@university.com,Male,22,CS,,68.78,46.03,93.31,85.95,4.57,88.18,61.64,D,5.8,No,Yes,,Medium,5,9
S4336,Sara,Johnson,student3336@university.com,Male,19,Business,67.57,75.18,80.71,87.34,84.36,9.61,64.58,89.48,A,9.4,No,Yes,PhD,High,2,4.6
S4337,Emma,Davis,student3337@university.com,Female,22,CS,55.93,92.43,55.95,82.32,61.6,6.33,97.26,50.41,F,12,No,Yes,Master's,Low,3,7.8
S4338,Sara,Jones,student3338@university.com,Male,18,Engineering,57.34,58.53,87.15,88.3,77.97,6.44,94.41,73.14,D,26.7,No,Yes,,Low,4,7
S4339,Ahmed,Smith,student3339@university.com,Female,20,Business,59.29,82.04,97.41,86.92,67.84,6.72,85.81,93.03,D,25.8,No,Yes,,Low,5,6.3
S4340,John,Jones,student3340@university.com,Male,21,Engineering,66.41,91.7,94.09,,62.01,0.4,66.33,80.92,D,24.8,Yes,Yes,None,High,1,4.2
S4341,Emma,Williams,student3341@university.com,Female,19,CS,94.6,52.16,46.9,,94.78,4.46,64,81.76,A,18.8,No,Yes,None,Low,10,5.6
S4342,Liam,Jones,student3342@university.com,Female,20,Mathematics,68.41,61.39,62.17,64.14,69.16,0.78,73.76,53.54,B,8.5,No,No,Master's,Low,7,8.5
S4343,Sara,Johnson,student3343@university.com,Male,21,Business,86.22,98.79,61.86,83.97,64.14,3.16,67.73,64.34,B,8.3,No,Yes,High School,Medium,8,8.5
S4344,Emma,Smith,student3344@university.com,Female,18,Business,54.14,98.99,47.34,97.97,96.59,8.22,95.06,83.69,C,8.2,No,Yes,,Low,7,7
S4345,Emma,Johnson,student3345@university.com,Female,19,Engineering,79.55,53.39,45.89,79.05,59.87,6.56,56.17,52.48,F,26.4,No,No,PhD,High,5,6.9
S4346,Emma,Davis,student3346@university.com,Female,22,CS,74.09,43.99,63.09,95.63,87.28,9.96,86.22,66.55,C,8.5,No,Yes,Master's,Low,1,6.1
S4347,John,Williams,student3347@university.com,Male,18,Mathematics,98.9,56.26,99.52,,82.64,1.72,80.54,67.7,A,25.2,Yes,Yes,Master's,Medium,9,7.9
S4348,Liam,Davis,student3348@university.com,Female,23,Engineering,92.31,63.86,74.14,89.72,96.02,3.97,90.32,74.94,B,26.1,Yes,Yes,PhD,Medium,2,8.4
S4349,Omar,Johnson,student3349@university.com,Male,21,Business,72.74,66.46,77.31,92.68,91.6,8.1,77.12,68.12,B,7.6,No,Yes,High School,Low,10,7.6
S4350,Maria,Johnson,student3350@university.com,Male,19,CS,88.76,77.13,68.26,81.55,85.26,2.16,81.48,72.71,A,27.6,No,Yes,,Low,1,6.6
S4351,Emma,Johnson,student3351@university.com,Female,19,CS,59.65,93.97,79.74,96.7,65.73,1.54,98.14,77.35,D,27.4,No,No,,Medium,2,7.2
S4352,Ali,Brown,student3352@university.com,Male,24,Mathematics,78.12,59.82,97.4,79.5,74.78,4.28,54.6,56.42,F,21,Yes,Yes,,Low,4,5.1
S4353,Omar,Williams,student3353@university.com,Female,24,Engineering,53.73,91,75.32,62.03,97.22,3.84,55.24,59.02,C,17.8,No,Yes,Master's,Low,2,9
S4354,Ahmed,Johnson,student3354@university.com,Male,18,CS,67.4,45.61,43.9,60.79,51.16,9.8,69.68,91.63,C,21.2,No,Yes,Master's,Low,6,8.7
S4355,John,Johnson,student3355@university.com,Female,19,CS,61.29,42.51,69.57,77.79,89.72,4.56,73.64,72.99,A,15.1,No,Yes,Master's,Medium,8,8.8
S4356,Sara,Davis,student3356@university.com,Male,21,Engineering,,70.24,99.57,95.32,62.59,8.61,59.99,67.76,C,19.7,Yes,Yes,,Low,9,4.8
S4357,John,Davis,student3357@university.com,Female,18,CS,74.5,43.58,63.24,53.62,59.25,8.88,54.13,71.69,B,29.2,No,Yes,Bachelor's,High,8,7.3
S4358,Sara,Johnson,student3358@university.com,Female,22,Engineering,87.55,63.55,75.63,80.22,61.61,1.58,51.11,58.74,B,7.8,No,Yes,Bachelor's,Low,8,7.3
S4359,John,Smith,student3359@university.com,Female,18,Engineering,75.76,93.81,46.4,88.49,52.99,7.15,88.23,61.99,D,10.8,No,Yes,None,High,9,5.8
S4360,Sara,Brown,student3360@university.com,Female,18,Business,54.32,54.49,48.47,55.77,99.6,2.78,74.25,75.78,F,18.1,Yes,Yes,Bachelor's,Medium,8,8.3
S4361,Emma,Davis,student3361@university.com,Male,22,CS,86.77,82.36,92.48,55.84,93.49,0.95,92.17,67.95,A,11.5,No,Yes,Bachelor's,Medium,2,7.9
S4362,Maria,Smith,student3362@university.com,Male,23,Mathematics,91.66,58.14,58.02,68.31,76.05,8.75,68.04,73.77,B,29.8,No,Yes,High School,Low,7,7.6
S4363,Sara,Brown,student3363@university.com,Female,24,CS,95.18,42.7,58.33,63.69,85.76,2.92,85.17,57.49,A,23,No,Yes,Master's,Low,3,4.1
S4364,Liam,Johnson,student3364@university.com,Male,21,Engineering,78.6,73.4,63.23,59.92,77.83,3.45,74.43,57.82,D,15.8,No,Yes,PhD,Medium,1,9
S4365,Sara,Williams,student3365@university.com,Female,23,CS,87.68,90.09,97.99,59.93,90.58,3.24,80.6,69.2,A,27.6,Yes,No,High School,Medium,10,7.6
S4366,Ali,Jones,student3366@university.com,Female,23,Business,87.6,64.57,45.06,,92.24,2,68.51,68.94,A,8.6,No,Yes,,Medium,9,8.8
S4367,Sara,Jones,student3367@university.com,Male,23,Mathematics,57.79,77.04,89.13,80.54,61.64,4.35,54.06,94.17,C,12.2,No,No,High School,Low,8,4.4
S4368,Ali,Johnson,student3368@university.com,Male,24,Business,58.21,94,60.49,84.41,72.99,4.28,97.37,51.67,F,28.9,No,No,,Medium,6,7.5
S4369,Ahmed,Davis,student3369@university.com,Female,20,Engineering,53.54,87.38,90.97,85.15,81.74,4.09,91.8,99.64,F,18.9,No,Yes,,Medium,2,7.7
S4370,Emma,Smith,student3370@university.com,Male,24,Engineering,66,51.63,99.51,,98.92,9.16,65.59,97.83,B,28,Yes,Yes,,Low,1,4.3
S4371,Ali,Williams,student3371@university.com,Female,23,Business,73.68,84,60.92,97.65,84.13,3.4,97.94,77.11,F,29.6,No,Yes,Bachelor's,High,10,4.3
S4372,Maria,Brown,student3372@university.com,Male,20,Mathematics,99.89,70.11,47.76,94.03,94.88,0.3,65.02,85.94,B,14,No,Yes,None,High,6,7.8
S4373,Omar,Johnson,student3373@university.com,Male,22,Mathematics,71.55,84.76,48.66,97.88,92.31,1.78,72.15,96.76,B,19.4,No,Yes,Bachelor's,Low,5,8
S4374,Emma,Williams,student3374@university.com,Male,24,CS,86.31,69.67,85.52,69.44,79.1,7.21,87.76,62.56,A,26.2,No,Yes,,Medium,2,8.6
S4375,Ali,Williams,student3375@university.com,Male,21,Mathematics,84.67,47.68,48.7,93.89,94.68,5.91,65.45,65.78,B,11.8,Yes,Yes,,Medium,1,7.9
S4376,Emma,Davis,student3376@university.com,Male,23,CS,60.22,74.19,55.63,88.14,68.87,9.52,66.23,55.55,B,16.2,No,Yes,PhD,Low,3,5.2
S4377,Liam,Brown,student3377@university.com,Female,19,CS,52.93,69.53,52.26,67,68.96,6.94,70.5,78.19,D,8.8,No,Yes,PhD,Medium,5,8.8
S4378,Emma,Williams,student3378@university.com,Male,22,CS,77.3,71.08,61.34,55.33,89.05,1.94,73.42,57.97,C,21.3,Yes,Yes,High School,Low,9,5.3
S4379,Emma,Davis,student3379@university.com,Male,20,CS,,92.73,44.46,84.13,56.73,1.21,56.18,96.54,C,5.1,Yes,Yes,High School,Low,8,7.6
S4380,Ahmed,Smith,student3380@university.com,Female,24,Business,99.91,93.69,91.4,56.82,65.29,5.21,50.87,71.58,B,16.2,Yes,Yes,High School,High,9,6.6
S4381,Maria,Davis,student3381@university.com,Female,21,Business,,67.21,91.61,64.69,80.43,6.65,95.96,95.98,B,28.2,No,Yes,High School,Medium,5,4.6
S4382,John,Smith,student3382@university.com,Female,18,Business,94.82,67.34,64.78,75.02,71,1.66,67.66,60.25,A,27.4,No,Yes,None,Low,4,8.6
S4383,John,Smith,student3383@university.com,Male,21,Engineering,69.1,70.91,76.73,83.99,97.04,6.02,55.08,84.7,D,25.1,No,Yes,Bachelor's,Medium,3,6.9
S4384,Ali,Williams,student3384@university.com,Male,21,Engineering,84.47,71.18,78.52,96.31,97.93,8.65,87.96,82.38,F,8.5,No,Yes,None,High,3,4.5
S4385,Emma,Davis,student3385@university.com,Female,23,Business,79.91,97.02,84.96,79.66,75.13,7.28,64.75,69.98,B,18,Yes,Yes,High School,Low,4,5.9
S4386,Ali,Smith,student3386@university.com,Female,23,CS,52.65,78.96,71.24,83.57,76.95,6.64,59.08,94.92,C,23,No,Yes,Master's,Medium,5,7.8
S4387,Ahmed,Brown,student3387@university.com,Female,24,Business,53.92,56.65,70.62,65.5,86.23,7.89,98.13,71.74,F,7.5,No,Yes,PhD,High,10,7.1
S4388,Ahmed,Williams,student3388@university.com,Female,24,Engineering,,71.89,77.88,,72.86,1.04,96.03,59.92,F,8.7,No,Yes,High School,High,7,5.1
S4389,Sara,Davis,student3389@university.com,Male,20,Engineering,68.54,77.63,82.18,71.89,59.5,2.04,55.29,98.85,A,6,No,Yes,High School,Medium,9,6.8
S4390,Liam,Davis,student3390@university.com,Male,24,Engineering,87.29,78.39,60.8,92.85,87.35,0.38,94.96,72.07,A,13.1,Yes,No,PhD,High,4,5.5
S4391,Ahmed,Jones,student3391@university.com,Male,20,Business,58.64,75.12,59.82,69.62,86.89,1.45,94.54,60.4,D,26.9,No,Yes,PhD,Low,5,6.6
S4392,Sara,Davis,student3392@university.com,Male,23,CS,80.29,50.66,56.18,73.41,62.25,9.13,81.72,68.18,B,17.7,Yes,Yes,Bachelor's,Low,5,5.6
S4393,Maria,Williams,student3393@university.com,Male,23,CS,64.44,42.02,72.93,71.63,91.65,2.22,76.49,80.68,B,26.3,No,Yes,None,Low,4,6.5
S4394,Ali,Brown,student3394@university.com,Female,19,Business,89.85,60.27,61.61,,80.68,6.62,60.87,75.6,B,7.1,No,Yes,,Low,3,8.2
S4395,Omar,Davis,student3395@university.com,Male,19,Engineering,89.92,65.65,72.42,97.68,61.82,6.92,56.07,81.76,B,6.4,No,Yes,None,Low,7,5.1
S4396,Maria,Jones,student3396@university.com,Female,22,Business,88.77,43.71,64.36,66.36,82.6,6.45,80.32,83.09,A,25.1,Yes,Yes,,High,5,4
S4397,Ahmed,Williams,student3397@university.com,Female,23,CS,76.24,88.9,90.2,73.75,61.68,5.54,91.1,56.17,A,17.4,Yes,Yes,Master's,High,2,4.8
S4398,Maria,Smith,student3398@university.com,Female,18,CS,64.23,60.64,44.39,85.3,63.26,4.86,84.43,65.74,D,16.8,Yes,Yes,Master's,Low,9,8.2
S4399,Maria,Johnson,student3399@university.com,Male,19,Business,90.47,94.82,74.33,94.77,92.4,4.2,59.04,87.44,B,16.9,No,Yes,Bachelor's,High,1,6.1
S4400,Liam,Johnson,student3400@university.com,Female,20,Engineering,,49.26,74.54,74.69,96.47,9.17,64.5,82.52,A,14.5,No,Yes,Bachelor's,Medium,4,7.7
S4401,Liam,Smith,student3401@university.com,Male,21,Engineering,,43.42,63.02,55.44,62.84,0.1,77.32,54.42,B,27.2,No,Yes,Bachelor's,Low,7,4.2
S4402,Liam,Davis,student3402@university.com,Female,24,CS,,68.94,65.26,68.43,96.4,0.53,81.25,65.76,B,18,No,Yes,Master's,Medium,8,4.7
S4403,Maria,Johnson,student3403@university.com,Male,24,CS,83.71,51.35,88.01,77.52,61.94,4.93,53.61,96.57,B,29.3,Yes,Yes,PhD,Medium,10,6.8
S4404,Ahmed,Johnson,student3404@university.com,Female,22,Engineering,84.31,96.24,56.84,70.88,55.86,3.31,80.7,93.1,A,26.2,No,No,,Low,6,7.6
S4405,Omar,Smith,student3405@university.com,Male,19,CS,82.63,40.62,92.28,59.33,52.91,4.08,86.82,83.53,C,23.4,No,Yes,PhD,High,7,7.9
S4406,Emma,Davis,student3406@university.com,Female,21,Business,70.78,64.76,93.78,51.85,62.11,9.98,59.07,53.64,A,20.9,No,Yes,High School,Medium,9,7.2
S4407,Maria,Davis,student3407@university.com,Female,21,Business,55.01,95.6,79.04,84.37,69.26,7.75,62.31,80.35,C,25.9,No,No,None,Medium,6,7.8
S4408,Sara,Smith,student3408@university.com,Female,19,CS,95.56,63.07,86.37,99.64,96.38,8.77,62.94,50.61,A,27,No,Yes,,High,7,4.8
S4409,Ahmed,Davis,student3409@university.com,Female,18,Engineering,75.39,45.59,76.78,95.96,62.11,3.69,96.99,83.06,C,8.3,No,Yes,,High,2,7.3
S4410,Maria,Davis,student3410@university.com,Male,18,Engineering,70.35,58.17,71.52,84.16,68.27,2.4,70.35,86.56,B,14,No,Yes,Bachelor's,Low,7,6.1
S4411,Omar,Williams,student3411@university.com,Male,22,CS,79.44,69.88,98,92.08,86.71,7.68,76.53,74.86,B,25.1,No,Yes,PhD,Low,7,8.6
S4412,Emma,Williams,student3412@university.com,Male,18,CS,59.64,51.11,56.96,,65.1,8.08,86.22,50.19,D,10.5,Yes,Yes,,Low,2,7.1
S4413,Liam,Smith,student3413@university.com,Female,22,Engineering,56.63,67.99,49.25,81.12,84.22,5.5,68.57,83.33,F,19.7,Yes,Yes,High School,Low,5,6.7
S4414,Ahmed,Brown,student3414@university.com,Female,20,Engineering,70.28,90.18,57.25,53.03,71.6,8.96,55.28,90.99,F,24.5,Yes,No,PhD,High,4,6.9
S4415,John,Johnson,student3415@university.com,Female,19,Engineering,61.36,92.36,76.88,85.36,59.82,9.67,82.72,79.29,D,10.6,No,Yes,None,High,7,8.2
S4416,Emma,Williams,student3416@university.com,Female,21,Engineering,62.21,42.96,51.11,98.49,86.7,4.71,83.36,85.46,F,15.1,No,Yes,None,Low,4,4.1
S4417,Sara,Johnson,student3417@university.com,Female,22,Business,94.63,49.65,94.53,93.04,51.35,2.23,63.03,54.52,A,27.9,No,No,High School,High,9,8.3
S4418,Maria,Jones,student3418@university.com,Female,24,Business,76.54,56.52,64.66,76.72,64.62,5.17,51.76,85.77,A,13.9,Yes,No,High School,Low,9,4.1
S4419,Omar,Smith,student3419@university.com,Male,18,Engineering,74.17,75.69,91,,67.81,9.9,83.27,80.71,A,20.1,Yes,Yes,None,Medium,5,6.9
S4420,John,Brown,student3420@university.com,Male,24,Business,84.47,61.66,54.95,97.19,72.91,2.93,85.17,66.55,D,15.8,No,Yes,Master's,Low,8,6.5
S4421,Omar,Jones,student3421@university.com,Male,22,CS,97.58,90.64,58.79,60.8,83.99,6.18,51.3,84.27,A,26.9,No,No,,Low,3,5.9
S4422,John,Jones,student3422@university.com,Male,23,Business,55.61,83,43.55,89.66,72.97,6.94,84.66,82.28,D,15.6,No,Yes,Bachelor's,Medium,4,4.6
S4423,Ahmed,Davis,student3423@university.com,Male,22,Engineering,91.68,46.03,55.47,63.49,79.72,2.14,96.95,79.97,A,14,No,No,,Medium,2,4.6
S4424,John,Jones,student3424@university.com,Male,18,Business,79.2,77.47,69.42,93.85,79.79,5.88,58.94,59.15,A,9.3,No,Yes,None,Low,3,7.7
S4425,Sara,Smith,student3425@university.com,Male,23,Engineering,57.31,46.78,96.77,54.92,68.66,3.15,76.07,64.81,D,13.7,Yes,Yes,PhD,High,4,4.6
S4426,Sara,Williams,student3426@university.com,Male,23,CS,64.86,55.3,63.33,58.91,96.7,8.54,84.84,99.57,B,21.7,No,Yes,,High,9,7.4
S4427,Ali,Smith,student3427@university.com,Female,18,Engineering,74.12,50.67,78.38,86.03,97.79,7.15,61.5,71.66,F,9.4,No,Yes,,Low,4,9
S4428,Sara,Williams,student3428@university.com,Female,23,CS,84.56,50.38,65.66,58.74,79.09,8.26,87.58,52.97,C,22.6,No,Yes,None,Medium,1,7.4
S4429,Emma,Jones,student3429@university.com,Female,19,Engineering,62.13,76.98,42.81,57.9,53.58,2,93.4,94.95,B,5.3,Yes,Yes,Master's,Low,2,4.4
S4430,John,Jones,student3430@university.com,Female,21,Engineering,76.74,73.82,70.21,77.77,74.56,0.35,90.73,58.65,F,14.2,Yes,Yes,Master's,Low,7,6.7
S4431,Sara,Brown,student3431@university.com,Female,24,Business,84.23,50.56,43.95,,59.22,8.51,62.94,70.18,B,16.6,Yes,Yes,High School,High,2,8.2
S4432,Ahmed,Williams,student3432@university.com,Female,19,Engineering,72.44,99.41,93.02,63.42,74.16,3.87,90.21,63.9,D,7.4,No,Yes,,Low,3,8.8
S4433,Omar,Jones,student3433@university.com,Female,19,Engineering,,65.31,85.18,92.06,59.42,1.8,70.67,98.19,C,22.1,No,Yes,None,High,10,7.6
S4434,Liam,Davis,student3434@university.com,Male,18,CS,93.47,45.82,62.72,90.4,85.19,0.92,63.32,68.9,A,7.6,Yes,No,Bachelor's,Medium,3,5.5
S4435,Omar,Johnson,student3435@university.com,Male,18,Mathematics,73.53,47.23,78.41,78.96,54.02,5.17,58.4,85.44,D,7.2,Yes,Yes,,Low,8,5.3
S4436,Ali,Brown,student3436@university.com,Female,24,Business,98.65,75.03,46.72,,97.67,1.5,95.45,79.92,B,14.2,No,Yes,Bachelor's,High,7,7.9
S4437,Omar,Smith,student3437@university.com,Male,21,Business,53.78,98.74,82.15,52.02,59.77,5.67,71.34,52.15,D,23.5,No,Yes,Master's,Medium,1,7.8
S4438,John,Brown,student3438@university.com,Male,22,CS,50.17,74.32,89.36,68.36,83.03,7.27,93.29,69.22,D,29.1,No,No,Master's,Medium,8,6.4
S4439,Ali,Johnson,student3439@university.com,Male,19,Engineering,69.03,96.94,89.3,63.17,95.85,5.35,57.98,69.5,D,24.4,No,Yes,None,Medium,3,4.4
S4440,John,Williams,student3440@university.com,Male,23,CS,80.05,66.65,57.06,57.5,62.39,9.04,88.35,99.49,C,16.7,No,Yes,None,Low,5,7.4
S4441,Ahmed,Smith,student3441@university.com,Male,21,Engineering,81.46,66.15,55.82,69.48,96.71,1.56,55.5,90.6,A,11.8,No,Yes,Master's,Medium,7,7
S4442,Ali,Smith,student3442@university.com,Female,19,CS,73.82,70,71.28,67.75,69.43,4.94,50.88,92.83,C,12.5,No,Yes,Bachelor's,Low,3,4.1
S4443,Maria,Williams,student3443@university.com,Male,22,Engineering,56.24,81.85,98.07,86.44,98.03,1.63,99.75,65.68,D,12.1,No,Yes,Bachelor's,Medium,8,7.2
S4444,Emma,Brown,student3444@university.com,Female,23,Engineering,58.52,62.06,95.23,79.9,98.57,8.76,53.68,66.45,D,12,No,No,Master's,Medium,8,4.7
S4445,Emma,Jones,student3445@university.com,Female,19,CS,92.61,91.83,61.58,95.66,59.4,9.32,73.08,75.78,A,6.7,No,Yes,PhD,Low,9,8.1
S4446,John,Brown,student3446@university.com,Female,20,Engineering,93.4,41.76,86.79,57.27,91.55,4,93.92,81.55,A,10.5,No,Yes,PhD,Medium,6,7.4
S4447,Omar,Johnson,student3447@university.com,Male,24,Business,83.69,66.39,95.28,52.99,59.67,3.06,90.97,86.41,D,7.7,Yes,Yes,,High,2,4.3
S4448,Liam,Davis,student3448@university.com,Female,21,CS,83.21,70.66,55.66,76.73,61.32,2.79,73.56,91.04,C,5.2,No,Yes,PhD,Medium,8,6.7
S4449,Liam,Jones,student3449@university.com,Female,24,Business,79.88,76.42,89.82,,54.21,8.6,80.54,93.66,A,12.1,Yes,Yes,High School,Low,10,8
S4450,Maria,Brown,student3450@university.com,Female,18,CS,60.15,56.56,56.07,89.39,57.83,6.82,81.49,51.23,D,13.8,Yes,Yes,None,Medium,2,8.1
S4451,Ali,Davis,student3451@university.com,Female,19,CS,71.41,65.65,60.6,75.3,81.61,8.81,55.49,89.8,F,28.2,No,Yes,None,Medium,9,4.4
S4452,Maria,Davis,student3452@university.com,Male,23,CS,,69.07,51.93,74.4,72.46,1.18,64.25,80.54,B,29.9,No,Yes,PhD,Medium,2,4.4
S4453,Maria,Williams,student3453@university.com,Female,23,Business,76.86,81.21,70.42,,89.55,4.76,65.05,76.6,B,19.5,No,Yes,Master's,Medium,7,7.9
S4454,Omar,Johnson,student3454@university.com,Female,21,Engineering,50.93,86.41,90.6,68.75,66.6,6.76,68.91,81.42,D,27.5,Yes,Yes,High School,Medium,3,5.2
S4455,Liam,Johnson,student3455@university.com,Female,21,Business,97.68,84.27,71.68,71.56,98.43,8.97,63.7,94.1,A,20.5,No,Yes,PhD,Medium,1,7
S4456,Ali,Johnson,student3456@university.com,Female,24,Engineering,92.24,60.49,47.41,50.8,52.49,3.82,62.57,77.26,B,17.4,No,Yes,,High,8,7
S4457,Ahmed,Jones,student3457@university.com,Male,23,CS,63.03,99.97,55.11,54.18,53.15,3.13,67.74,58.11,A,6.1,No,Yes,Master's,Medium,7,7.1
S4458,Omar,Smith,student3458@university.com,Female,23,Business,80.82,90.92,73.77,75.25,85.07,9.13,68.96,71.84,D,6.1,Yes,Yes,Bachelor's,Medium,3,5.7
S4459,Maria,Jones,student3459@university.com,Female,23,CS,96.16,55.6,74.99,57.51,94.38,0.48,74.36,96.22,A,5.8,No,Yes,,Medium,1,4.2
S4460,Maria,Brown,student3460@university.com,Female,19,Business,54.8,51.71,74.61,88.94,89.78,4.8,58.68,90.72,C,8.8,No,Yes,High School,Low,10,6.7
S4461,Ahmed,Davis,student3461@university.com,Female,23,CS,75.15,58.84,44.62,63.72,74.49,4.59,89.42,60.15,D,6.9,No,Yes,Bachelor's,Low,4,6.6
S4462,Maria,Davis,student3462@university.com,Female,18,CS,72.81,67.14,85.22,54.89,63.48,1.46,93.03,85.71,C,9.9,No,Yes,Master's,Low,5,6.2
S4463,Maria,Smith,student3463@university.com,Female,23,Business,70.51,91.05,94.57,61.76,50.67,3.95,62.41,62.81,D,18,No,Yes,Master's,High,3,5.4
S4464,Maria,Brown,student3464@university.com,Male,18,Mathematics,91.78,86.7,70.63,67.85,75.47,7.23,56.17,67.43,A,17.6,No,No,,Medium,5,8.2
S4465,Emma,Smith,student3465@university.com,Female,19,CS,69.03,91.07,83.13,51.77,73.78,3.67,86.12,73.45,F,13.6,No,Yes,None,Low,1,5.9
S4466,Omar,Davis,student3466@university.com,Male,21,Business,53.18,56.32,94.84,,67.21,3.1,96.21,72.04,D,21.6,No,Yes,Bachelor's,Medium,7,4.6
S4467,Sara,Jones,student3467@university.com,Male,18,CS,53.29,75.61,78.56,66.19,78.9,7.82,51.76,51.46,D,14.8,No,Yes,,Low,2,7.8
S4468,Omar,Johnson,student3468@university.com,Female,19,Business,52.14,56.99,80.46,65.52,86.44,9.89,50.72,88.7,C,10.5,No,Yes,High School,Low,5,7.2
S4469,Ahmed,Davis,student3469@university.com,Male,23,Engineering,70.46,46.54,83.28,90.02,85.04,7.79,59.17,92.32,B,22.3,No,Yes,High School,Medium,10,5.5
S4470,Maria,Williams,student3470@university.com,Female,19,CS,85.92,81.05,55.63,92.16,63.16,8.46,84.24,76.55,A,29.5,Yes,Yes,High School,Medium,2,4.8
S4471,Omar,Johnson,student3471@university.com,Male,23,CS,,48.58,74.96,59.67,79.27,9.4,98.24,58.65,D,25.3,No,Yes,None,High,8,6.2
S4472,Emma,Davis,student3472@university.com,Female,24,CS,82.32,80.06,90.53,56.2,57.44,8.02,87.52,62.4,C,15.4,No,Yes,Bachelor's,Low,3,4.3
S4473,Liam,Jones,student3473@university.com,Male,19,CS,84.35,78.88,57.77,81.71,56.08,9.8,78.65,56.32,D,14.4,No,Yes,,Medium,1,5.1
S4474,Ahmed,Smith,student3474@university.com,Male,21,CS,62.76,88.61,93.83,90.23,89.29,7.47,85.03,58.48,D,6,No,Yes,Master's,Medium,6,8.8
S4475,John,Johnson,student3475@university.com,Female,18,Engineering,80.03,48.37,77.22,98.19,84.69,6.62,61.53,93.82,A,21.4,No,Yes,Master's,High,8,4.8
S4476,Omar,Jones,student3476@university.com,Male,24,Mathematics,84.24,87.01,65.39,50.34,88.4,6.93,84.43,74.01,C,10.6,Yes,Yes,High School,Medium,7,5.4
S4477,John,Brown,student3477@university.com,Male,21,CS,73.33,99.96,77.39,70.68,57.62,9,66.07,55.55,D,22.1,No,Yes,Bachelor's,Low,6,4.7
S4478,Maria,Williams,student3478@university.com,Male,20,Engineering,66.84,91.06,64.11,86.7,95.73,6.83,61.12,62.74,B,24,No,Yes,PhD,Low,5,8.6
S4479,Emma,Johnson,student3479@university.com,Male,23,Engineering,80.96,85.11,90.28,91.43,56.66,7.61,61.83,97.48,D,27,Yes,Yes,Master's,Low,8,8.6
S4480,Emma,Smith,student3480@university.com,Male,18,Mathematics,98.89,79.73,68.94,53.11,93.5,2.16,83.39,75.46,B,18.7,No,Yes,,High,10,4.3
S4481,Omar,Brown,student3481@university.com,Female,21,Engineering,71.34,65.31,94.07,84.03,67.62,9.13,88.36,75.78,B,25.7,No,Yes,PhD,Medium,4,8.5
S4482,Ahmed,Jones,student3482@university.com,Male,18,Engineering,69.59,83.83,70.59,64.45,55.27,4.47,79.09,76.28,B,23.1,Yes,Yes,Master's,Low,7,4.7
S4483,Ahmed,Williams,student3483@university.com,Male,20,Engineering,73.21,83.45,79.62,53.73,64.34,1.61,53.19,55.58,B,13.8,No,Yes,PhD,Medium,2,6
S4484,Emma,Smith,student3484@university.com,Female,22,CS,53.81,77.89,99.86,74.46,59.07,8,51.9,98.52,D,7.7,No,Yes,PhD,Low,9,6.9
S4485,Ahmed,Jones,student3485@university.com,Female,23,CS,77.66,87.78,48.82,,74.53,3.56,60.86,54.22,A,11.1,No,Yes,,Medium,8,6.3
S4486,Emma,Jones,student3486@university.com,Female,23,Engineering,66.43,66.93,84.2,86.85,97.49,1.84,64.32,85,B,26.1,No,Yes,,Low,4,4.7
S4487,Omar,Johnson,student3487@university.com,Male,19,CS,56.07,47.28,48.33,87.06,66.39,2.56,70.24,52.89,F,18.4,No,Yes,Bachelor's,High,7,8
S4488,Sara,Johnson,student3488@university.com,Male,23,Engineering,73.31,73.54,90.33,92.1,80.6,0.35,53.8,72.18,B,21.6,No,Yes,,High,1,7.4
S4489,Emma,Smith,student3489@university.com,Male,23,CS,50.17,55.9,75.79,68.88,94.59,0.91,86.26,94.98,C,25.2,No,Yes,None,High,5,8.7
S4490,John,Davis,student3490@university.com,Male,21,Engineering,70.09,63.07,96.29,50.67,81.5,5.93,85.57,88.42,F,21.7,No,Yes,PhD,Low,2,5.8
S4491,Ahmed,Davis,student3491@university.com,Female,24,CS,55.29,41.04,91.96,62.99,68.11,8.66,67.33,66.73,D,26.4,No,Yes,None,High,2,6.2
S4492,Emma,Jones,student3492@university.com,Female,23,Mathematics,51.21,62.97,44.49,73.39,99.54,4.49,78.15,77.57,F,7.2,No,Yes,,Low,2,5.7
S4493,Emma,Johnson,student3493@university.com,Male,23,Business,91.22,88.53,48.24,,59.37,6.26,55.05,58.26,A,27.6,Yes,Yes,Bachelor's,High,2,4.3
S4494,Omar,Williams,student3494@university.com,Male,20,CS,95.81,72.56,76.07,,76.16,8.1,70.76,97.81,A,25.3,Yes,Yes,Bachelor's,Low,5,4.3
S4495,Ahmed,Williams,student3495@university.com,Male,24,CS,60.38,40.59,71.1,,89.84,3.57,92.88,85.43,F,27.6,No,Yes,,Low,4,7.8
S4496,Sara,Jones,student3496@university.com,Male,20,Engineering,76.96,68.19,50.11,76.21,50.03,6.54,83.03,68.71,C,23.3,No,Yes,,High,1,5.4
S4497,Omar,Johnson,student3497@university.com,Female,18,CS,63.9,57.49,47.76,58.25,85.1,3.5,55.2,65.9,B,11.9,No,Yes,Bachelor's,Low,6,6.4
S4498,Sara,Smith,student3498@university.com,Female,18,CS,74.68,68.65,73.84,,63.32,6.43,92.38,61.93,A,7.8,Yes,Yes,Bachelor's,Medium,3,8.9
S4499,Liam,Smith,student3499@university.com,Male,23,CS,71.83,64.28,42.94,,58.49,2.18,84.03,89.33,D,8.2,No,Yes,None,Low,8,4.1
S4500,Omar,Smith,student3500@university.com,Female,23,Mathematics,63.45,95.92,92.42,,63.71,9.78,72.65,71.73,D,17.5,No,No,Bachelor's,Medium,2,6.6
S4501,Ahmed,Williams,student3501@university.com,Male,19,Business,85.02,42.47,88.42,84.53,98.34,0.76,84.6,66.51,B,14.8,No,Yes,Master's,Medium,8,6.6
S4502,Ali,Johnson,student3502@university.com,Male,18,Engineering,56.32,81.02,87.12,55.57,94.6,5.05,58.64,95.26,C,21.4,No,Yes,Bachelor's,Medium,6,9
S4503,Ahmed,Johnson,student3503@university.com,Female,21,Engineering,52.65,91.06,40.96,74.44,60.69,2.86,77.52,57.51,F,17.6,No,Yes,PhD,Low,5,8.2
S4504,Ahmed,Williams,student3504@university.com,Male,23,Mathematics,88.38,97.55,42.86,85.12,55.85,6.01,80.9,63.19,A,8.1,No,Yes,PhD,High,10,4.3
S4505,Sara,Smith,student3505@university.com,Female,21,Mathematics,,50.66,72.99,54.35,68.21,4.28,96.39,67.24,A,5.1,No,Yes,High School,Medium,6,4.8
S4506,Sara,Smith,student3506@university.com,Male,23,Mathematics,74.93,71.88,99.67,89.62,79.62,3.07,53.34,62.99,D,8.2,Yes,Yes,High School,Low,6,4.2
S4507,Ahmed,Jones,student3507@university.com,Female,21,CS,73.39,42.62,60.54,61.1,93.36,2.5,68.74,79.27,D,8.7,Yes,Yes,,Low,4,5
S4508,Ahmed,Davis,student3508@university.com,Male,22,CS,74.87,69.95,60.66,75.15,98.3,1.82,96.84,80.05,A,23,No,Yes,PhD,High,1,5.1
S4509,Ahmed,Brown,student3509@university.com,Female,21,Engineering,71.85,47.53,48.06,97.03,87.56,7.83,60.86,52.74,D,12.1,No,Yes,High School,Low,2,4.4
S4510,Sara,Davis,student3510@university.com,Male,24,Engineering,69.64,90.27,80.46,78.57,79.95,2.22,90.66,57.23,F,7.3,No,Yes,None,High,8,6.6
S4511,Ahmed,Johnson,student3511@university.com,Male,18,CS,74.98,46.83,78.8,71.2,57.12,7.74,50.08,59.93,B,23.9,No,Yes,High School,High,9,8.9
S4512,Ahmed,Johnson,student3512@university.com,Female,23,CS,,70.8,46.08,50.34,53.7,4.85,51.29,53.52,B,28.5,No,Yes,Bachelor's,Low,4,8
S4513,Liam,Johnson,student3513@university.com,Male,18,Business,84.6,71.27,68.04,56.67,79.8,0.72,66.38,56.24,C,7.5,Yes,Yes,Master's,High,8,5
S4514,Maria,Davis,student3514@university.com,Female,24,Business,85.56,98.3,80.02,78.93,76.95,1.65,88.43,61.98,A,29.1,No,Yes,High School,Low,10,7.9
S4515,Ali,Brown,student3515@university.com,Female,24,CS,,79.3,69.61,74.69,92.3,8.93,55.21,67.28,C,28.8,No,Yes,,Low,6,8.9
S4516,John,Jones,student3516@university.com,Male,21,Business,70.68,57.27,80.46,,66.13,6.03,69.14,89.57,D,18.1,Yes,Yes,Master's,Medium,1,8.2
S4517,Ali,Davis,student3517@university.com,Male,20,Engineering,,54.45,88.98,96.16,51.98,1.84,56.57,60.9,B,12.4,No,Yes,High School,Medium,6,6.3
S4518,Maria,Brown,student3518@university.com,Male,20,Business,76.83,47.69,81.15,66.62,71.19,7.04,61.18,83.5,C,8.5,No,Yes,PhD,Low,7,5.3
S4519,John,Smith,student3519@university.com,Male,24,Engineering,72.67,85.39,76.97,76.86,98.46,8.23,75.15,52.89,C,25.6,Yes,Yes,Master's,Medium,1,7.7
S4520,Omar,Smith,student3520@university.com,Female,20,CS,94.48,81.45,91.22,78.44,89.78,3.31,65.96,82.91,A,20.1,Yes,Yes,Bachelor's,Low,9,7.9
S4521,Ahmed,Johnson,student3521@university.com,Male,23,Engineering,84.82,76.59,94.04,76.37,51.69,5.57,60.6,89.74,D,21.3,No,Yes,PhD,Low,6,5.5
S4522,Maria,Williams,student3522@university.com,Male,19,Engineering,94.93,42.45,63.33,73.88,93.73,2.93,69.67,80.24,B,26.5,No,Yes,,Medium,8,5.1
S4523,Liam,Johnson,student3523@university.com,Male,22,Engineering,85.46,85.77,50.39,66.85,73.58,0.8,85.05,60.07,B,16.1,No,Yes,,Medium,8,7.4
S4524,Omar,Williams,student3524@university.com,Female,21,CS,98.55,78.51,89.07,95.44,68.24,4,55.97,66.52,A,14.2,Yes,Yes,Bachelor's,Low,9,8.4
S4525,Ahmed,Brown,student3525@university.com,Male,19,Mathematics,81.79,97.83,52.83,72.54,67.34,7.51,73.98,90.26,D,24.1,Yes,Yes,None,Medium,1,4.1
S4526,Sara,Smith,student3526@university.com,Female,20,CS,98.18,75.23,95.74,76.42,79.76,4.59,63.74,71.6,B,12.4,No,Yes,Bachelor's,Low,6,8.9
S4527,Emma,Davis,student3527@university.com,Male,21,CS,57.91,58.24,41.37,82.82,76.53,4.05,68.93,62.76,C,13.2,No,Yes,Bachelor's,Medium,9,5
S4528,Maria,Williams,student3528@university.com,Female,19,Engineering,52.62,62.89,95.28,53.38,82.83,3.66,91.08,96.63,D,14.5,No,Yes,PhD,Low,8,5.7
S4529,Sara,Brown,student3529@university.com,Male,18,Engineering,78.96,50.55,75.35,89.06,78.68,4.59,96.49,81.87,C,26.4,No,Yes,Bachelor's,Medium,4,4.3
S4530,Maria,Smith,student3530@university.com,Male,20,Engineering,99.17,83.37,86.48,75.63,57.2,3.18,62.15,90.29,B,24.5,No,No,,High,5,4.3
S4531,Liam,Davis,student3531@university.com,Female,19,Business,70.88,82.46,63.91,,62.86,6.12,81.5,51.23,C,12.3,No,Yes,Bachelor's,Medium,9,5.4
S4532,Maria,Williams,student3532@university.com,Male,23,Engineering,60.6,52.04,99.5,88.6,92.05,0.64,83.83,66.97,A,8.6,No,Yes,High School,Low,5,6.8
S4533,Sara,Johnson,student3533@university.com,Male,18,Engineering,76.08,49.51,53.65,93.7,83.16,8.07,92.12,72.94,D,14.8,No,Yes,None,High,9,8.5
S4534,Liam,Johnson,student3534@university.com,Male,20,Business,82.44,44.62,55.86,69.61,72.42,1.73,94.95,79.37,D,20.6,No,Yes,None,Low,1,4.3
S4535,John,Johnson,student3535@university.com,Female,22,CS,65.76,94.72,43.09,90.57,59.13,6.33,73.4,59.5,A,21.9,No,Yes,Bachelor's,Low,10,6.7
S4536,Ali,Brown,student3536@university.com,Male,24,Engineering,85.74,53.98,96.43,62.94,50.38,4.5,99.13,74.9,A,10,No,Yes,,Medium,9,6.1
S4537,Ahmed,Johnson,student3537@university.com,Female,20,Business,98.76,60.65,67.36,83.02,65.59,7.73,98.54,84.28,A,11.2,No,Yes,PhD,Low,10,8.9
S4538,Maria,Jones,student3538@university.com,Female,23,CS,94.85,56.83,80.49,55.14,52.74,8.26,75.32,67.29,A,28.3,Yes,No,None,High,9,4.9
S4539,Ahmed,Smith,student3539@university.com,Female,22,Engineering,64.58,64.82,81.25,51,74.11,2.04,77.1,84.57,C,14.6,No,Yes,High School,Medium,6,5.8
S4540,Emma,Brown,student3540@university.com,Male,22,Mathematics,66.34,82.84,92.47,54.79,91.09,6.77,83.39,69.48,D,12.9,No,Yes,Bachelor's,Low,7,4.2
S4541,Sara,Davis,student3541@university.com,Female,22,CS,,92.24,79.9,65.97,64.27,1.9,68.69,73.47,F,22.4,Yes,Yes,None,Low,6,8.6
S4542,Ahmed,Johnson,student3542@university.com,Female,21,Engineering,69.73,50.96,73.72,51.55,92.39,1.24,83.1,56.71,A,16.7,No,No,High School,High,4,7.1
S4543,Sara,Smith,student3543@university.com,Male,21,Mathematics,55.02,81.18,82.62,,85.23,9.3,75.71,82.56,C,11.2,No,Yes,None,High,7,6.9
S4544,Ahmed,Williams,student3544@university.com,Female,24,CS,88.1,61.15,85.06,65.83,56.26,1.64,51.77,61.21,A,15.2,No,Yes,High School,High,2,4.2
S4545,Ali,Johnson,student3545@university.com,Female,22,CS,68.27,98.83,51.16,86.82,82.23,2.28,92.64,91.44,C,8.6,Yes,Yes,Bachelor's,Low,3,4.5
S4546,Ali,Smith,student3546@university.com,Male,24,Business,93.99,57.94,46.58,52.3,57.58,1.3,97.02,77.67,A,12,No,Yes,High School,Medium,4,8
S4547,Liam,Jones,student3547@university.com,Male,18,Business,96.35,40.43,44.49,60.84,82.74,4.7,51.31,78.01,B,15.5,Yes,Yes,None,Low,3,6.7
S4548,Ali,Williams,student3548@university.com,Female,22,Engineering,51.22,70.94,62.44,,57.14,9.2,89.46,95.62,F,17.9,No,Yes,High School,Low,9,5
S4549,Liam,Jones,student3549@university.com,Male,19,Engineering,99.43,49.04,69.88,69.13,69.63,2.64,69.29,58.37,A,23.5,No,Yes,Bachelor's,Medium,4,6.7
S4550,Ali,Davis,student3550@university.com,Male,22,Business,85.5,42.67,76.94,,78.33,5.42,79.28,76.51,B,14.6,Yes,No,High School,Medium,10,8.8
S4551,Ali,Smith,student3551@university.com,Male,21,Business,76.02,81.9,97.48,,52.52,4.11,75,69.11,D,18.6,Yes,Yes,PhD,Low,1,4.5
S4552,Ali,Jones,student3552@university.com,Female,21,CS,,83.94,59.85,,57.67,3.36,77.57,98.32,B,28.8,No,Yes,,Medium,8,8.9
S4553,Sara,Davis,student3553@university.com,Female,19,CS,75.93,67.64,85.65,86.05,66.02,5.72,74.76,89.64,A,25.5,No,Yes,High School,High,4,7.9
S4554,Maria,Smith,student3554@university.com,Male,19,Engineering,66.23,80.61,71.88,61,73.12,5.59,92.67,87.88,C,10.9,No,Yes,PhD,Low,9,4.7
S4555,Liam,Smith,student3555@university.com,Female,20,Business,81.13,72.29,53.21,93.89,92.92,3.59,84.18,60.21,A,10.3,No,No,PhD,Medium,9,8.1
S4556,Ahmed,Jones,student3556@university.com,Male,18,Business,54.65,77.79,76.92,69.39,59.36,8.51,70.63,61.87,F,21.6,No,No,Master's,Medium,9,7.7
S4557,Ali,Smith,student3557@university.com,Male,18,Mathematics,81.06,75.8,98.03,95.05,67.37,0.53,84.43,51.46,B,19.9,Yes,Yes,High School,High,9,6.9
S4558,Sara,Johnson,student3558@university.com,Male,18,Business,63.77,79.95,47.46,67.09,73.79,0.85,98.25,81.93,C,18.7,No,Yes,,Medium,7,7.9
S4559,Sara,Smith,student3559@university.com,Male,23,Engineering,50.88,51.98,70.44,50.43,64.79,9.91,54.02,68.54,C,8.9,No,Yes,PhD,Medium,9,4.7
S4560,Sara,Brown,student3560@university.com,Male,21,Engineering,77.64,56.12,43.1,75.85,81.29,7.48,69.4,65.6,C,14.1,No,No,,Medium,7,7.6
S4561,Liam,Davis,student3561@university.com,Female,18,Business,78.92,66.4,59.27,76.24,62.83,8.04,93.52,81.85,D,24,No,Yes,High School,Medium,8,7.2
S4562,Maria,Smith,student3562@university.com,Female,20,Business,71.33,66.77,77.24,55.99,88.62,6.03,86.95,91.43,D,23.1,Yes,No,,Medium,2,5.4
S4563,Liam,Brown,student3563@university.com,Female,20,Engineering,53.61,86.46,90.46,,75.26,4.2,96.75,56.65,D,9.1,Yes,Yes,None,Low,4,7.5
S4564,Ahmed,Smith,student3564@university.com,Female,18,CS,94.67,62.04,83.82,89.17,54.32,6.29,51.99,95.93,B,15.7,Yes,Yes,Bachelor's,Medium,4,7.4
S4565,Maria,Smith,student3565@university.com,Male,19,Mathematics,80.57,49.75,67.77,51.84,81.35,0.93,93.14,51.71,C,16.1,No,Yes,Master's,High,4,5.2
S4566,John,Jones,student3566@university.com,Male,20,Engineering,55.79,55.09,94.55,74.48,78.46,7.58,89.59,54.76,D,17.7,No,Yes,High School,Medium,3,4.7
S4567,Omar,Johnson,student3567@university.com,Female,24,CS,75.55,52.88,58.16,76.52,66.93,5.41,90.75,91.91,C,16.5,Yes,Yes,None,High,1,5.8
S4568,Sara,Davis,student3568@university.com,Female,19,Engineering,74.86,83.9,85.24,84.44,50.56,9.57,79.86,74.64,C,17.5,Yes,Yes,Bachelor's,Low,6,6
S4569,Liam,Johnson,student3569@university.com,Male,24,Engineering,53.02,68.22,68.44,51.87,60.04,6.37,52.6,96.96,D,25.3,Yes,Yes,PhD,Medium,5,8.1
S4570,John,Williams,student3570@university.com,Male,21,CS,80.34,82.52,93.92,79.28,70.29,1.52,76.96,73.08,F,14.7,No,Yes,Master's,Low,3,6.2
S4571,Emma,Jones,student3571@university.com,Male,23,Business,,64.97,87.85,50.15,60,4.78,70.39,96.31,F,18.8,No,Yes,Bachelor's,Low,7,7.7
S4572,Liam,Jones,student3572@university.com,Female,20,CS,87.45,93.38,94.09,63.26,78.87,0.58,76.35,61.98,B,20.2,No,Yes,,Medium,6,6.3
S4573,Ali,Johnson,student3573@university.com,Male,19,CS,60.15,99.01,52.85,74.98,85.62,7.45,87.01,80.82,B,28.6,No,Yes,,High,4,4.3
S4574,Omar,Jones,student3574@university.com,Male,24,Engineering,93.11,80.19,80.09,,92.8,5.02,79.8,99.72,B,21.4,Yes,Yes,,Low,9,7.3
S4575,Ali,Johnson,student3575@university.com,Female,18,Business,67.13,91.83,84.31,56.33,82.35,3.7,64.63,68.8,B,8.3,No,Yes,PhD,High,4,8.5
S4576,Maria,Jones,student3576@university.com,Female,24,Mathematics,97.33,70.48,84.54,58.46,84.45,9.69,79.98,50.07,A,19.6,No,Yes,Bachelor's,High,9,6.6
S4577,Omar,Smith,student3577@university.com,Female,24,Business,53.59,96.08,70.24,83.46,80.42,9.41,54.16,53.2,D,21.5,No,Yes,Master's,High,3,7.5
S4578,Liam,Johnson,student3578@university.com,Male,21,Mathematics,74.31,89.9,40.68,68.74,99.27,9.53,50.27,92.95,D,5.2,No,Yes,,Low,7,7.9
S4579,Ahmed,Johnson,student3579@university.com,Male,22,CS,79.86,99.51,55.69,81.17,63.05,2.21,70.08,74.59,F,6.9,No,Yes,High School,Medium,7,6.3
S4580,John,Brown,student3580@university.com,Female,22,CS,62.38,77.39,59.4,99.87,63.31,7.29,87.86,76.84,F,5.5,No,Yes,Bachelor's,Low,1,5.2
S4581,Ahmed,Jones,student3581@university.com,Male,18,Engineering,88.57,86.75,91.12,99.34,56.32,9.45,91.13,89.97,A,6.2,No,Yes,High School,Low,1,8.3
S4582,Liam,Jones,student3582@university.com,Male,21,CS,81.34,72.57,90.45,67.69,74.28,5.71,77.49,90.58,C,7.2,No,No,None,Low,2,8.1
S4583,Maria,Johnson,student3583@university.com,Male,21,Business,50.91,55.55,46.28,75.2,54.81,2.14,93.4,73.87,F,28.9,Yes,Yes,,High,4,8.3
S4584,Ali,Smith,student3584@university.com,Female,21,Engineering,80.42,61.29,96.99,95.23,63.51,8.18,56.3,92.9,C,10.2,No,Yes,Master's,Medium,2,8.1
S4585,Omar,Smith,student3585@university.com,Female,21,Mathematics,74.57,93.64,50.95,54.61,74.13,8.8,98.21,73.42,A,10.1,Yes,Yes,Bachelor's,Low,10,4.7
S4586,Ahmed,Davis,student3586@university.com,Male,22,CS,59.8,43.36,64.86,72.62,97.88,7.03,96.09,83.75,C,26.4,No,Yes,None,High,10,6.1
S4587,Liam,Smith,student3587@university.com,Male,19,Engineering,99.79,75.49,52.91,68.88,98.19,2.94,79.96,51.67,A,23.8,No,Yes,High School,Low,5,5
S4588,Ahmed,Jones,student3588@university.com,Male,21,Engineering,94.86,62.35,91.62,64.74,87.19,1.91,52.94,56.9,A,21.9,No,Yes,High School,High,2,4.8
S4589,Liam,Brown,student3589@university.com,Male,19,CS,64.63,63.2,84.96,99.71,69.46,6.24,72.71,92.57,A,15.5,No,Yes,None,Low,8,7.9
S4590,Ali,Johnson,student3590@university.com,Female,24,Engineering,77.05,93.07,61.21,86.68,93.26,4.83,58.96,65.66,A,5.8,Yes,Yes,High School,Medium,6,6.4
S4591,Omar,Williams,student3591@university.com,Female,24,Engineering,65.83,91.23,80.91,69.44,93.77,6.69,81.42,66.74,B,25.7,No,No,PhD,Medium,3,4.5
S4592,John,Brown,student3592@university.com,Male,21,Engineering,88.77,75.93,51.06,91.45,95.51,1.12,59.5,83.15,A,26.5,No,Yes,High School,Medium,2,6
S4593,Ali,Williams,student3593@university.com,Male,20,CS,96.52,56.38,62.94,74.48,82,1.36,74.09,79.63,B,17,No,Yes,Master's,Medium,9,9
S4594,Ahmed,Brown,student3594@university.com,Female,23,CS,67.94,68.53,62.63,93.64,60.09,3.63,60.28,54.11,F,21.1,No,Yes,PhD,Low,1,5.1
S4595,John,Smith,student3595@university.com,Male,20,Engineering,,64.5,54.28,63.32,54.55,2.59,59.09,88.29,B,16.9,No,Yes,Bachelor's,Low,6,6
S4596,Liam,Jones,student3596@university.com,Female,24,CS,74.92,61.22,92.58,61.18,95.74,6.19,62.4,80.86,F,12.4,No,No,PhD,High,7,7
S4597,John,Williams,student3597@university.com,Male,23,CS,69.83,46.17,80.73,,52.78,3.68,51.46,92.77,D,18.5,Yes,Yes,Bachelor's,Medium,9,5
S4598,Liam,Brown,student3598@university.com,Female,20,CS,96.92,72.59,56.8,76.92,64.79,6.84,85.81,76.77,B,22.2,Yes,Yes,Bachelor's,High,7,8.8
S4599,Ali,Jones,student3599@university.com,Male,21,CS,75.52,58.11,54.53,64.57,74.35,7.69,65.34,70.72,C,8.9,Yes,Yes,PhD,Medium,4,7.2
S4600,Ahmed,Williams,student3600@university.com,Male,19,CS,73.37,79.65,41.08,57.36,51.1,1.87,84.91,68.57,B,18.3,No,Yes,Master's,Medium,2,5.1
S4601,Maria,Johnson,student3601@university.com,Female,23,CS,83.62,59.15,60.79,99.73,95.35,9.2,82.67,50.22,D,24.4,No,Yes,High School,High,6,6.2
S4602,Ahmed,Brown,student3602@university.com,Female,22,Engineering,63.06,65.87,71.61,95.02,64.36,7.87,53.31,51.99,A,16.9,No,Yes,PhD,Medium,10,5.8
S4603,Liam,Johnson,student3603@university.com,Male,18,Engineering,66.24,43.14,56.66,81.75,51.43,6.27,65.6,56.56,F,8.9,No,Yes,Bachelor's,Medium,7,4.6
S4604,Sara,Smith,student3604@university.com,Male,23,Engineering,,99.55,82.03,,99.68,9.09,78.34,96.48,A,26.7,No,Yes,PhD,High,6,5.4
S4605,Omar,Johnson,student3605@university.com,Female,23,Business,,70.46,64.7,96.77,65.57,2.66,95.92,94.03,C,21.8,No,No,Bachelor's,Low,4,6.8
S4606,Emma,Johnson,student3606@university.com,Female,22,Engineering,91.33,41.45,58.98,83.81,93.84,4.22,70.07,74.86,B,20.8,No,Yes,,High,7,4.4
S4607,Maria,Davis,student3607@university.com,Male,21,Engineering,63.56,72.47,96.34,75.93,72.67,0.86,75.24,59.01,F,21.3,No,Yes,None,Low,10,4.2
S4608,John,Brown,student3608@university.com,Male,20,Business,,92.22,55.77,94.1,83.16,4.56,87.51,57.31,A,11.1,No,Yes,Master's,Medium,6,6.7
S4609,Maria,Smith,student3609@university.com,Female,20,Engineering,,86.35,63.9,78.39,62.05,5.06,90.16,62.81,B,17.3,No,Yes,Master's,High,6,6.2
S4610,Omar,Johnson,student3610@university.com,Female,24,Business,,82.05,62.94,56.34,75.14,6.16,96.17,95.44,D,13.1,Yes,Yes,Bachelor's,Medium,2,4.9
S4611,John,Jones,student3611@university.com,Female,19,Engineering,58.02,48.37,54.47,68.34,62.88,0.64,74.86,76.07,C,25.8,No,Yes,Bachelor's,Low,2,7.6
S4612,Omar,Williams,student3612@university.com,Female,21,Engineering,,79.46,53.05,72.3,97.55,0.32,59.69,90.2,D,19.7,No,Yes,,Low,6,4.4
S4613,John,Johnson,student3613@university.com,Female,22,Business,69.39,85.98,58.14,,53.05,4.2,88.22,75.34,D,22.9,No,Yes,,Medium,1,5.4
S4614,Maria,Smith,student3614@university.com,Male,21,CS,57.98,74.35,91.85,82.96,63.73,1.89,56.28,80.47,F,21.5,No,Yes,,Medium,8,4.5
S4615,John,Johnson,student3615@university.com,Male,21,CS,94.43,93.56,86.02,93.76,94.66,7.59,70.92,80.51,B,17.1,No,Yes,Master's,Medium,9,7.6
S4616,John,Williams,student3616@university.com,Female,20,CS,99.54,56.62,80.86,87.88,74,6.69,81.41,51.57,B,25.1,No,Yes,Bachelor's,Medium,8,7.2
S4617,Sara,Smith,student3617@university.com,Male,22,CS,78.43,54.53,67.43,65.49,80,3.26,84.59,72.26,A,20.4,No,Yes,High School,High,10,4.9
S4618,Ahmed,Brown,student3618@university.com,Male,18,CS,88.73,92.17,70.47,85.94,82.58,0.46,86.65,93.2,A,10.7,Yes,Yes,None,Low,6,6.8
S4619,Ahmed,Smith,student3619@university.com,Female,23,Engineering,92.95,77.52,56.03,59.76,53.55,1.82,59.68,74.45,A,12.3,Yes,No,None,Low,10,7.5
S4620,Emma,Brown,student3620@university.com,Male,20,Business,,40.09,44.46,70.41,50.89,6.92,99.08,71.77,D,25.7,No,Yes,High School,Low,1,4.2
S4621,Emma,Smith,student3621@university.com,Male,22,Business,52.21,61.19,59.86,90.3,96.89,9.9,58.92,76.33,D,28.5,No,Yes,,Low,8,7.3
S4622,Liam,Williams,student3622@university.com,Male,19,CS,57.88,91.47,69.74,80.6,63.58,3.26,54.8,69.04,D,18.7,No,Yes,High School,Medium,2,5.6
S4623,Liam,Williams,student3623@university.com,Female,23,Mathematics,53.55,41.64,43.44,91.27,69.02,8.02,83.2,75.77,D,14.6,No,Yes,None,Low,4,4.7
S4624,Liam,Smith,student3624@university.com,Female,23,Engineering,50.49,40.19,45.29,62.74,84.1,8.67,95.5,56.77,C,20.6,No,Yes,Master's,Medium,1,8.1
S4625,Sara,Johnson,student3625@university.com,Male,20,CS,65.3,56.88,55.78,,61.82,0.48,77.97,98.4,A,17.1,Yes,No,Bachelor's,Low,1,7
S4626,Emma,Williams,student3626@university.com,Male,24,Business,69.62,94.84,62.02,60.12,86.65,9.16,79.77,51.71,F,26,Yes,Yes,Bachelor's,Medium,5,6.7
S4627,Omar,Brown,student3627@university.com,Male,19,Business,62.05,94.09,63.6,,72.91,4.66,76.92,74.16,D,25.8,Yes,Yes,PhD,Medium,6,8.2
S4628,Liam,Brown,student3628@university.com,Male,20,Business,,71.13,47.07,71.68,92.83,9.64,52.14,60.5,F,16.4,No,Yes,,High,9,5.3
S4629,Liam,Jones,student3629@university.com,Male,21,CS,76.49,73.19,53.55,77.82,63.93,5.39,84.07,52.92,B,25.1,No,No,PhD,Medium,3,4.1
S4630,Maria,Davis,student3630@university.com,Male,24,Engineering,63.67,59.92,55.7,,60.19,2.35,67.91,82.59,D,9.8,Yes,Yes,PhD,Medium,2,8.7
S4631,Ali,Davis,student3631@university.com,Female,22,Business,89.8,54.62,44.06,68.06,91.58,9.75,96.78,99.26,B,14.3,No,Yes,,Low,2,5.3
S4632,Omar,Davis,student3632@university.com,Male,19,Engineering,50.4,88.91,59.57,83.35,66.32,2.43,59.34,87.48,D,7,No,Yes,PhD,Low,8,7.2
S4633,Liam,Brown,student3633@university.com,Male,23,Engineering,92.13,46.38,44.33,77.93,70.59,8.82,65.11,62.7,A,25.2,No,Yes,,Low,9,8.9
S4634,Liam,Jones,student3634@university.com,Female,20,Engineering,,69.24,82.21,77.45,89.69,1.73,75.24,74.67,D,29.4,No,Yes,PhD,High,8,5.2
S4635,Liam,Davis,student3635@university.com,Male,23,Business,85.81,78.06,63.16,75.54,81.78,6.75,73.87,52.49,B,19.4,No,Yes,PhD,High,3,9
S4636,Ali,Davis,student3636@university.com,Male,19,CS,86.68,46.22,59.61,97.19,72.09,4.11,70.02,76.58,A,24.2,No,Yes,PhD,Low,10,6.7
S4637,Ali,Smith,student3637@university.com,Male,23,Engineering,96.68,71.18,47.59,96.73,62.49,9.72,65.72,54.97,A,15,No,Yes,High School,High,10,8.8
S4638,Sara,Smith,student3638@university.com,Male,20,CS,60.45,74.65,53.59,68.01,88.21,1.85,57.36,89.73,C,19,Yes,Yes,PhD,Medium,8,4.4
S4639,Omar,Smith,student3639@university.com,Female,24,Engineering,99.73,84.55,53.96,67.59,59.02,4.09,91.05,52.84,A,13.7,No,Yes,,High,10,6.7
S4640,Sara,Johnson,student3640@university.com,Male,20,Business,88.67,54.09,99.11,77.74,96.41,6.4,72.44,50.47,A,22.4,No,Yes,High School,Medium,6,8.7
S4641,John,Davis,student3641@university.com,Female,18,CS,86.33,57.6,90.12,54.78,57.52,9.78,78.65,93.08,A,11.2,No,No,High School,Low,6,4.8
S4642,Ali,Johnson,student3642@university.com,Male,23,Engineering,68.05,74.17,40.92,65.15,90.25,3.04,77.33,97.13,F,8.8,Yes,Yes,Bachelor's,Low,9,5.4
S4643,Maria,Jones,student3643@university.com,Male,18,Engineering,77.29,98.99,77.01,61.54,71.21,3.97,78.77,54.33,A,27.5,No,Yes,High School,Medium,8,5.1
S4644,Emma,Brown,student3644@university.com,Female,24,CS,82.7,53.05,55.35,61.17,59.3,4.62,85.24,63.95,B,26.6,Yes,Yes,Bachelor's,Medium,1,8.8
S4645,Maria,Davis,student3645@university.com,Male,18,Engineering,81.02,99.15,46.26,81.93,70.12,2.53,81.47,87.08,A,25.9,No,Yes,High School,High,7,5.3
S4646,Emma,Brown,student3646@university.com,Female,23,CS,85.25,82.86,82.34,69.22,61.08,8.17,63.7,76.98,A,25.5,No,Yes,High School,Medium,6,4.6
S4647,Ali,Smith,student3647@university.com,Female,19,Engineering,54.12,89.56,47.9,58.56,56.8,0.92,77.69,97.46,F,23.2,No,No,High School,Medium,5,8
S4648,Ali,Davis,student3648@university.com,Female,21,CS,67.78,45.38,66.62,,61.96,7.05,62.23,69.46,B,26.9,No,Yes,Master's,Medium,3,6.6
S4649,Ali,Williams,student3649@university.com,Male,24,Business,71.7,58.03,77.93,93.71,93.37,5.34,79.44,50.17,C,10.3,Yes,Yes,Bachelor's,Low,1,6.9
S4650,Sara,Johnson,student3650@university.com,Male,20,Business,63.03,43.46,73.27,,55.3,2.42,71.6,50.99,D,26.8,No,Yes,,High,8,7
S4651,Omar,Johnson,student3651@university.com,Male,22,Engineering,58.63,62.29,98.66,69.54,98.63,4.93,51.97,78.24,C,27.9,No,Yes,,Low,3,7.1
S4652,Emma,Davis,student3652@university.com,Male,24,CS,56.95,98.88,87.14,52.85,50.25,8.3,86.7,87.61,D,22.9,Yes,Yes,,Medium,7,6.3
S4653,Omar,Smith,student3653@university.com,Female,18,Mathematics,68.32,46.32,86.45,55.34,82.91,4.45,63.73,89.53,A,20,Yes,Yes,High School,Low,6,8.9
S4654,Sara,Johnson,student3654@university.com,Male,19,Engineering,74.67,73.74,61.34,63.8,92.83,1.22,96.01,95.58,D,10.9,Yes,Yes,None,Low,2,4.9
S4655,Sara,Smith,student3655@university.com,Male,23,CS,53.15,40.36,40.5,61,96.7,0.41,64.03,61.45,F,26.7,Yes,Yes,Bachelor's,Medium,2,8.8
S4656,Ahmed,Jones,student3656@university.com,Female,19,Business,,82.76,84.06,93.7,57.2,7.78,99.83,86.92,C,19.4,No,Yes,Bachelor's,Medium,3,5.5
S4657,Maria,Brown,student3657@university.com,Female,19,CS,88.26,51.83,99.98,99.32,84.91,3.3,73.15,91.35,A,20.3,Yes,Yes,None,Low,3,4.9
S4658,Maria,Williams,student3658@university.com,Male,23,Engineering,86.54,47.78,64.35,90.83,55.37,9.31,51.32,91.81,B,20.2,No,Yes,None,Medium,2,7.1
S4659,John,Brown,student3659@university.com,Female,22,Engineering,58.64,60.22,99.13,,67.63,6.17,53.81,70.58,C,26.7,No,Yes,None,Low,8,8.5
S4660,Liam,Brown,student3660@university.com,Female,23,Engineering,80.19,86.26,48.5,79.43,86.6,4.36,54.1,81.3,D,8.4,No,Yes,Master's,High,1,5.8
S4661,Sara,Jones,student3661@university.com,Female,22,Business,,46.4,57.79,88.5,67.3,5.64,52.81,77.58,F,6.5,No,Yes,High School,Medium,3,4.4
S4662,Emma,Johnson,student3662@university.com,Female,23,Engineering,99.12,53.79,50.24,97.35,65.67,4.57,63.39,79.87,A,10.6,No,Yes,High School,Low,1,6.7
S4663,Ahmed,Williams,student3663@university.com,Female,18,CS,87.38,40.51,68.51,80.07,55.8,9.06,66.23,64.1,B,17.3,No,Yes,None,Low,4,8.9
S4664,Ahmed,Johnson,student3664@university.com,Male,22,Mathematics,78.79,98.1,87.82,57.73,53.32,4.58,55.56,84.16,B,16.7,No,Yes,PhD,Low,1,5.9
S4665,Liam,Davis,student3665@university.com,Male,18,Mathematics,92.54,75.53,60.44,58.19,55.76,1.04,71.91,85.5,B,17.8,Yes,Yes,High School,Low,1,4.1
S4666,Omar,Brown,student3666@university.com,Male,24,Engineering,57.75,83.19,94.37,79.19,93.77,5.97,68.27,59.8,D,7.9,No,Yes,PhD,Medium,4,6.5
S4667,Liam,Davis,student3667@university.com,Male,22,Engineering,50.76,79.08,72.69,66.67,50.56,6.23,81.82,72.18,D,24.8,No,Yes,High School,Low,6,5.9
S4668,Liam,Smith,student3668@university.com,Male,22,CS,84.51,48.66,67.93,95.51,84.64,7.65,59.79,71.11,C,12.6,Yes,Yes,PhD,Medium,6,4.3
S4669,Liam,Brown,student3669@university.com,Male,23,Business,54.92,75.7,87.22,80.58,88.43,9.33,95.7,87.45,D,27.8,Yes,Yes,Master's,Low,4,8.4
S4670,Maria,Johnson,student3670@university.com,Male,22,CS,55.77,47.88,46.09,83.82,78.39,4.43,75.8,83.33,D,26,No,Yes,High School,Medium,7,7.1
S4671,Sara,Brown,student3671@university.com,Female,18,CS,87.23,64.07,86.43,50.29,86.54,3.52,81.19,73.81,B,6.6,No,Yes,,Medium,8,4.8
S4672,John,Smith,student3672@university.com,Male,24,Engineering,63.53,74.14,54.58,,82.61,4.91,51.98,82.63,D,6.3,No,Yes,Bachelor's,Medium,2,8.6
S4673,Sara,Jones,student3673@university.com,Male,23,CS,81.43,73.53,56.85,71.56,72.78,9,77.95,63.14,D,20.7,No,Yes,High School,High,9,6.9
S4674,Omar,Davis,student3674@university.com,Male,20,CS,95.87,47.14,75.97,85.29,69.14,9.8,68.41,61.62,A,6.9,No,Yes,,Low,5,7.4
S4675,Ali,Davis,student3675@university.com,Female,24,Engineering,65.82,42.07,94.12,69.13,97.07,9.71,96.21,62,C,19.3,Yes,Yes,None,Low,6,6.9
S4676,Liam,Johnson,student3676@university.com,Male,24,CS,60.86,87.89,74.7,98.83,98.6,2.3,94.28,51.47,C,7,Yes,Yes,Bachelor's,High,1,8.9
S4677,Sara,Brown,student3677@university.com,Male,18,CS,55.33,83.56,78.94,83.51,82.56,4.97,81.88,84.55,D,17,No,Yes,None,Low,4,8.5
S4678,Omar,Johnson,student3678@university.com,Female,24,CS,56.52,44.91,86.6,83,59.86,2.59,88.39,99.29,C,15.5,No,Yes,High School,High,7,4.1
S4679,Ali,Jones,student3679@university.com,Male,20,CS,53.11,47.64,55.56,95.97,72.39,3.68,82.23,65.45,D,19.8,Yes,Yes,Bachelor's,Low,6,4.1
S4680,Ali,Brown,student3680@university.com,Male,19,Business,54.38,93.56,89.63,99.76,74.83,0.32,50.85,96.49,F,13.9,No,Yes,,Medium,2,6.4
S4681,Liam,Brown,student3681@university.com,Female,23,Business,71.6,86.15,65.08,59.89,87.9,1.61,85.16,80.33,F,8.5,No,Yes,Bachelor's,Medium,7,5.6
S4682,John,Johnson,student3682@university.com,Male,19,Engineering,66.04,99.77,50.54,90.53,83.39,3.97,58.85,61.25,D,26.1,No,Yes,None,High,9,6.7
S4683,Emma,Johnson,student3683@university.com,Female,23,Engineering,85.33,55.24,61.01,58.12,75.74,3.65,84.13,50.59,A,12.5,No,No,Bachelor's,Medium,9,5.7
S4684,Maria,Smith,student3684@university.com,Male,24,CS,93.51,69.27,54.77,72.85,84.02,2.79,50.53,86.19,A,6.7,No,Yes,,Low,3,8.4
S4685,Sara,Jones,student3685@university.com,Male,23,CS,89.24,54.19,53.72,55.01,51.2,2.3,65.55,84.83,A,17.5,No,Yes,,Medium,6,4.8
S4686,Ali,Smith,student3686@university.com,Male,18,CS,76.53,77.37,56.95,81.17,88.83,7.49,75.85,61.46,F,26.9,No,Yes,High School,Low,1,4.3
S4687,Sara,Davis,student3687@university.com,Female,20,Engineering,55.12,46.92,50.86,73.43,60.58,2.95,66.66,66.64,D,12,No,Yes,High School,Low,4,5.7
S4688,Emma,Brown,student3688@university.com,Female,23,Business,85.49,47.63,80.06,81.43,82.82,7.07,84.7,94.9,A,16.3,No,Yes,Bachelor's,Low,5,4.7
S4689,Maria,Johnson,student3689@university.com,Female,20,Engineering,68.14,44.31,74.8,83.9,55.7,3.69,76.14,57.86,F,15.1,No,No,None,Low,9,7
S4690,Emma,Brown,student3690@university.com,Male,23,CS,54.28,81.62,78.91,80.97,55.72,8.02,97.98,91.77,C,6.2,Yes,Yes,PhD,Medium,3,6.4
S4691,Maria,Brown,student3691@university.com,Male,20,CS,92.12,69.64,60.62,,51.78,1.67,67.89,58.46,A,26.7,Yes,Yes,High School,High,9,7.5
S4692,Ahmed,Williams,student3692@university.com,Female,19,Business,66.91,77.06,86.18,91.85,95.51,1.58,86.09,74.09,F,24,Yes,Yes,Bachelor's,Medium,5,4.4
S4693,Maria,Davis,student3693@university.com,Female,18,CS,60.91,92.76,47.78,77.58,80.23,6.8,91.79,74.95,D,7.4,No,Yes,High School,Medium,3,7.8
S4694,Liam,Williams,student3694@university.com,Male,23,Business,93.57,84.42,74.27,74.49,68.1,9.15,62.68,73.6,A,8.3,No,Yes,PhD,Medium,2,5.4
S4695,John,Brown,student3695@university.com,Male,21,Engineering,95.11,67.7,56.53,99.35,89.39,1.43,87.71,64.4,B,5.3,No,Yes,High School,High,9,7.4
S4696,Emma,Johnson,student3696@university.com,Male,20,Business,,99.06,71.66,64.18,81.3,0.74,69.67,62.67,F,29.6,Yes,No,Master's,Low,6,5.5
S4697,Ali,Brown,student3697@university.com,Male,20,Mathematics,67.74,67.38,59.42,76.4,81,9.35,56.44,86.66,B,15.4,Yes,Yes,,Medium,6,8.2
S4698,Liam,Davis,student3698@university.com,Female,21,Mathematics,78.98,46.75,87.43,84.12,74.35,1.17,50.18,63.78,C,28.3,No,Yes,None,Low,2,8.2
S4699,Ahmed,Williams,student3699@university.com,Male,18,Engineering,86.67,99.56,93.48,56.26,50.4,2.5,87.19,80.5,A,15.5,No,Yes,PhD,Medium,8,5.5
S4700,John,Johnson,student3700@university.com,Male,20,Engineering,53.16,41.37,84.55,67.71,62.92,9.29,59.31,92.33,D,7.6,Yes,Yes,,Low,5,8.5
S4701,Sara,Brown,student3701@university.com,Male,18,CS,79.67,72.99,50.54,90.08,55.45,8.03,52.56,91.85,B,13.6,Yes,Yes,None,Low,10,5.6
S4702,Liam,Jones,student3702@university.com,Male,20,Mathematics,97.64,58.55,56.49,61.84,83.12,3.43,74.86,58.36,A,15.5,No,Yes,High School,Low,6,8.5
S4703,Emma,Davis,student3703@university.com,Male,24,Engineering,63.1,70.21,95.16,74.66,62.43,9.55,67.33,82.74,F,9.4,No,No,,High,9,5
S4704,Omar,Davis,student3704@university.com,Male,22,CS,95.44,73.52,66.23,81.53,72.51,5.68,84.59,80.11,A,6.3,No,Yes,,Low,8,5.4
S4705,Omar,Jones,student3705@university.com,Male,24,Engineering,97.51,54.41,96.47,83.56,67.67,0.72,55.37,64.1,B,12.9,No,Yes,High School,Medium,9,8.4
S4706,Ali,Brown,student3706@university.com,Female,20,CS,63.46,73.41,63.55,86.42,57.16,7.03,56.63,69.57,C,18.5,No,Yes,,High,7,4.4
S4707,Maria,Davis,student3707@university.com,Female,22,Engineering,,85.36,97.11,93.3,97.92,5.37,70.21,64.26,C,11.4,No,Yes,None,Low,1,7.5
S4708,Ali,Johnson,student3708@university.com,Female,23,Engineering,61.94,55.99,95.54,69.64,96.67,5.73,76.02,76.85,F,29,Yes,Yes,Bachelor's,Medium,1,7.4
S4709,Omar,Brown,student3709@university.com,Male,18,CS,86.88,63.01,79.63,85.33,54.23,9.94,91.21,90.18,A,17,No,Yes,High School,Low,4,8.9
S4710,Sara,Brown,student3710@university.com,Female,20,CS,89.87,56.09,40.53,86.61,91.37,1.53,79.28,93.88,A,8.3,No,Yes,High School,Medium,2,8.9
S4711,Ahmed,Williams,student3711@university.com,Male,19,Mathematics,62.36,89.23,64.02,,74.42,6.57,95.13,86.14,B,15.3,No,Yes,Bachelor's,High,9,6.4
S4712,Ahmed,Davis,student3712@university.com,Male,19,Business,85.79,83.5,94.67,98.41,88.69,4.59,60.89,74.17,A,22.7,Yes,Yes,Bachelor's,Low,4,7.3
S4713,Emma,Davis,student3713@university.com,Male,21,Business,90.61,92.27,93.11,93.26,57.56,2.72,79.81,97.9,B,17.2,No,Yes,Bachelor's,Low,5,4.8
S4714,Ahmed,Jones,student3714@university.com,Male,19,CS,67.93,50.2,51.24,,56.61,6.94,82.76,78.19,B,13.3,Yes,Yes,None,Low,2,5.1
S4715,Emma,Williams,student3715@university.com,Female,22,Business,58.39,44.41,63.95,83.75,94.54,6.68,86.29,73.93,D,7.7,No,Yes,Bachelor's,Medium,9,6.8
S4716,Liam,Williams,student3716@university.com,Male,19,Engineering,54.6,47.16,90.13,85.89,94.89,8.56,99.43,92.84,D,16.5,No,Yes,Master's,Medium,8,5.2
S4717,Emma,Davis,student3717@university.com,Male,19,CS,78.77,49.66,74.67,,73.3,8.79,73.4,59.23,F,7.4,No,Yes,None,High,7,5.1
S4718,Liam,Brown,student3718@university.com,Female,19,CS,98.9,71.98,90.84,93.19,93.51,5.62,68.47,57.89,A,14.3,No,Yes,Bachelor's,Low,7,4.1
S4719,Emma,Williams,student3719@university.com,Female,20,CS,91.15,98.25,89.59,84.51,83.37,3.26,92.61,89.13,B,7.9,No,Yes,Bachelor's,Low,8,4.4
S4720,Omar,Jones,student3720@university.com,Female,21,CS,71.79,61.43,94.45,82.91,59.25,5.3,58.84,93.53,F,21.9,Yes,Yes,Master's,Low,10,7.6
S4721,Omar,Williams,student3721@university.com,Male,18,Mathematics,76.83,97.51,47.03,61.04,66.45,3.59,51.85,53.64,B,24.3,Yes,Yes,PhD,High,10,4.1
S4722,Maria,Jones,student3722@university.com,Female,21,CS,63.98,42.29,48.71,70.39,56.8,2.77,72.18,88.2,A,11.1,No,Yes,,Low,7,8.5
S4723,Liam,Williams,student3723@university.com,Male,22,Engineering,58.15,95.61,44.97,71.7,88.7,5.52,62.36,71.22,D,6.9,No,Yes,,Low,10,4.4
S4724,John,Jones,student3724@university.com,Male,20,Engineering,74.1,50.87,96.12,86.68,99.26,6.58,69.83,85.19,F,13.7,Yes,Yes,Bachelor's,Medium,7,4.8
S4725,Liam,Williams,student3725@university.com,Female,23,CS,,94.75,68.51,80.92,77.32,5.91,99.3,56.75,F,19,No,Yes,None,Low,6,5.7
S4726,Emma,Williams,student3726@university.com,Female,20,Engineering,76.1,43.37,43.86,54.29,82.79,9.54,67.42,98.65,A,24.2,No,Yes,None,Low,9,7.6
S4727,Emma,Johnson,student3727@university.com,Female,24,CS,97.64,96.89,59.29,65.38,87.3,2.99,85.4,94.06,A,15.1,No,Yes,Bachelor's,Low,4,7.5
S4728,John,Jones,student3728@university.com,Male,19,Business,80.19,52.05,61.08,73.65,61.21,3.72,62.52,70.3,D,14.1,Yes,Yes,None,High,5,5.2
S4729,Ali,Jones,student3729@university.com,Male,19,CS,80.29,58.16,88.57,86.84,66.8,6.68,65.17,94.67,C,27.7,No,No,High School,Low,6,5.6
S4730,Emma,Jones,student3730@university.com,Male,22,Engineering,56.4,69.46,84.13,87.18,70.62,6,62.16,94.75,D,16.2,No,Yes,Bachelor's,Low,7,8.1
S4731,Maria,Smith,student3731@university.com,Male,23,Business,99.82,62.84,81.36,74.53,79.73,0.02,78.61,73.06,A,16.2,No,Yes,High School,Medium,5,6.5
S4732,Ahmed,Williams,student3732@university.com,Male,24,Business,88.64,80.05,41.31,55.85,92.52,3.12,61.31,97.34,A,15.2,Yes,Yes,Master's,Low,5,6.3
S4733,Ahmed,Jones,student3733@university.com,Male,20,Business,93.86,98.49,94.64,64.65,62.71,2.54,85.92,98.84,B,14.1,No,Yes,PhD,Medium,10,7.2
S4734,Sara,Davis,student3734@university.com,Female,23,Engineering,70.72,76.39,52.93,62.73,73.54,8.4,84.01,60.86,D,23.2,Yes,Yes,Master's,Medium,10,6.3
S4735,Sara,Smith,student3735@university.com,Male,18,CS,75.11,83.29,77.74,89.05,87.58,8.66,71.06,53.33,F,12,No,No,,Low,6,6.2
S4736,Ahmed,Johnson,student3736@university.com,Female,21,Engineering,76.1,45.28,43.71,59,54.37,2.84,51.28,66.56,B,14.5,No,Yes,PhD,Medium,10,8
S4737,Ahmed,Jones,student3737@university.com,Female,20,Business,59.7,77.67,44.89,73.25,75.64,1.02,51.13,74.44,F,12.1,Yes,Yes,Bachelor's,High,9,8.7
S4738,Omar,Jones,student3738@university.com,Female,23,Business,84.47,67.23,40.57,83.54,57.22,2.05,76.64,54.63,D,19.3,No,No,PhD,High,6,6.7
S4739,Maria,Smith,student3739@university.com,Female,18,CS,95.15,93.15,73.96,98.24,76.96,1.77,91.96,57.03,A,29,No,Yes,,High,8,5.4
S4740,John,Williams,student3740@university.com,Female,18,CS,58.19,63.29,77.76,99.96,88.39,2.37,79.94,98.58,D,14.8,No,No,PhD,High,4,8.7
S4741,Sara,Davis,student3741@university.com,Male,24,Business,54.32,80.77,43.03,97.65,61.85,2.35,71.78,86.87,D,29.2,No,Yes,High School,High,7,7.5
S4742,Omar,Johnson,student3742@university.com,Male,24,Engineering,86.91,53.69,57.43,85.91,92.47,4.8,94.11,93.75,B,21.4,No,Yes,None,Low,5,7.3
S4743,Omar,Jones,student3743@university.com,Male,21,CS,63.66,55.56,91.09,87.32,66.74,3.2,59.85,98.56,F,24.9,Yes,Yes,Bachelor's,Medium,4,7
S4744,John,Williams,student3744@university.com,Male,18,Engineering,81.19,62.57,46.08,87.96,59.54,5.6,67.97,68.91,D,13.3,Yes,No,Master's,Low,2,7.7
S4745,Omar,Davis,student3745@university.com,Female,22,Engineering,84.79,58.24,52.99,93.13,73.27,3.44,78.27,84.39,A,10.6,No,Yes,Master's,Medium,9,7.9
S4746,Liam,Davis,student3746@university.com,Female,18,Mathematics,66.1,55.23,65.46,97.59,93.8,8.15,64.58,59.2,B,19.4,No,Yes,Bachelor's,High,5,8
S4747,Maria,Johnson,student3747@university.com,Female,23,Engineering,90.76,42.98,90.54,72.29,53.45,9.51,99.89,77.58,A,29.8,No,No,,Low,6,8.9
S4748,Ahmed,Brown,student3748@university.com,Male,24,CS,77.5,90.2,55.29,70.83,66.38,4.04,72.62,60.49,A,22.8,Yes,Yes,Bachelor's,Low,1,6.1
S4749,Emma,Davis,student3749@university.com,Male,22,CS,93.45,43.86,99.83,73.02,82.66,0.49,52.59,58.02,A,22,No,Yes,PhD,High,4,5.2
S4750,John,Brown,student3750@university.com,Male,24,CS,,93.24,61.32,82.99,67.88,2.4,58.8,54.92,D,16.3,No,Yes,None,Medium,5,6
S4751,Ahmed,Davis,student3751@university.com,Male,24,Engineering,93.43,47.53,63.19,88.77,53.54,1.02,76.62,78.99,B,27,No,Yes,High School,Low,4,7.8
S4752,Ahmed,Johnson,student3752@university.com,Female,24,Engineering,51.01,43.92,47.33,93.53,66.6,3.45,77.5,97.49,C,22.4,No,Yes,None,Low,2,6.7
S4753,Ali,Smith,student3753@university.com,Female,18,CS,62.18,73.78,80.81,72.81,91.05,6.45,99.21,56.11,D,21.9,No,No,Master's,Medium,1,8.3
S4754,Liam,Johnson,student3754@university.com,Male,19,Engineering,54.5,70.15,54.61,68.17,98.4,5.19,80,75.12,D,12.3,No,Yes,None,Medium,9,5.2
S4755,John,Johnson,student3755@university.com,Male,18,Business,72.1,69.47,77.73,99.17,51.99,2.43,83.33,84.35,C,28.9,Yes,Yes,,Medium,4,7.7
S4756,Omar,Smith,student3756@university.com,Female,24,CS,,74.47,53.39,61.59,78.46,7.67,60.69,74.79,A,11.3,No,Yes,Bachelor's,Medium,8,5.2
S4757,Emma,Smith,student3757@university.com,Female,22,CS,73.38,57.22,63.27,,55.27,1.31,55.34,95.59,F,18.1,No,Yes,Master's,Low,8,8
S4758,John,Williams,student3758@university.com,Female,18,Mathematics,92.49,79.78,91.4,85.77,84.02,2.28,80.1,58.31,B,13.5,Yes,Yes,None,Medium,4,6.2
S4759,Omar,Davis,student3759@university.com,Female,24,CS,66.36,70.14,84.33,,50.39,6.76,93.24,51.21,C,9.5,No,Yes,PhD,High,8,8.9
S4760,Ahmed,Williams,student3760@university.com,Male,24,Business,66.98,60.08,49.28,69.97,50.74,1.97,79.37,69.16,D,8.6,No,Yes,,Medium,4,7.3
S4761,Emma,Smith,student3761@university.com,Female,18,Engineering,94.78,89.59,76.46,64.62,88.84,6.79,72.14,77.77,A,12.3,No,Yes,Bachelor's,Low,6,7.7
S4762,Omar,Brown,student3762@university.com,Female,18,Business,71.29,83.66,77.72,58.44,53.72,9.77,78.91,62.73,C,22.2,Yes,Yes,High School,Medium,5,4.2
S4763,Maria,Brown,student3763@university.com,Female,22,Business,,63.62,45.43,78.99,65.26,8.31,73.44,58.42,F,29.4,No,Yes,High School,Low,1,7.5
S4764,Omar,Johnson,student3764@university.com,Female,18,Engineering,61.83,90.86,67.95,68.68,97.9,1.6,57.09,90.24,B,26.3,Yes,Yes,High School,Medium,9,6.1
S4765,Ali,Jones,student3765@university.com,Male,21,Business,97.44,95.22,55.64,,99.26,5.2,87.06,59.43,A,10.5,No,Yes,PhD,Low,6,5.6
S4766,Liam,Johnson,student3766@university.com,Male,23,Mathematics,78.73,72.21,68.03,59.79,58.07,4.22,76.65,72.13,D,7,No,Yes,None,Medium,10,8
S4767,Ahmed,Johnson,student3767@university.com,Male,21,Engineering,,52.9,86.62,88.39,78.05,9.92,69.97,97.72,A,22.2,Yes,Yes,Master's,Medium,9,5.1
S4768,Omar,Jones,student3768@university.com,Male,22,CS,54.48,94.95,49.5,65.74,77.96,9.64,77.98,80.64,F,5.8,No,Yes,None,Medium,4,4.9
S4769,Liam,Davis,student3769@university.com,Male,19,CS,74.63,51.37,47.4,67.14,72.62,1.27,62.06,74.89,A,26.5,No,Yes,High School,High,4,5.8
S4770,Sara,Smith,student3770@university.com,Male,21,Business,95.05,42.91,56.16,62.61,96.24,9.09,71.4,68.01,B,25.6,Yes,Yes,,Low,4,7.1
S4771,Sara,Brown,student3771@university.com,Female,24,Engineering,93.85,59.65,97.14,71.72,87.7,1.93,81.12,76.02,B,24.8,No,Yes,,Low,2,5.3
S4772,Liam,Johnson,student3772@university.com,Female,23,CS,52.34,83.62,84.87,73.18,88.23,3.19,61.31,86.72,C,18.8,No,No,None,Medium,3,6.8
S4773,Liam,Jones,student3773@university.com,Female,20,CS,65.18,95.4,41.17,76.48,63.48,3.53,87.45,91.13,B,29.3,No,Yes,High School,High,5,5.9
S4774,Ali,Williams,student3774@university.com,Female,23,Engineering,72.17,78.24,64.06,98.38,71.72,2.87,76.05,82.49,A,16.5,No,Yes,Master's,High,4,6
S4775,Maria,Johnson,student3775@university.com,Male,21,CS,58.61,97.11,55.44,95.23,74.37,8.53,93.09,89.52,D,29.7,No,Yes,Bachelor's,Low,1,5
S4776,Ahmed,Brown,student3776@university.com,Female,20,Engineering,86.5,45.54,78.29,80.47,64.95,3.3,92.36,54.42,A,27,Yes,Yes,,Low,8,5.6
S4777,John,Smith,student3777@university.com,Male,22,Business,59.23,43.65,67.56,51.95,54.74,8.17,74.73,50.72,C,8.2,No,Yes,Bachelor's,Medium,4,5.4
S4778,Ali,Johnson,student3778@university.com,Female,23,Engineering,67.33,76.25,97.87,,56.32,9.94,59.77,86.72,C,27.4,Yes,Yes,None,Medium,4,5.2
S4779,Maria,Johnson,student3779@university.com,Female,19,CS,83.16,97.97,53.14,54.48,59.03,8.41,86.83,63.09,C,12.6,No,Yes,PhD,High,7,4.4
S4780,Liam,Davis,student3780@university.com,Female,20,CS,74.1,70.16,75.27,85.52,60.18,3.46,70.93,93.88,D,24.2,No,Yes,,Medium,6,6.2
S4781,John,Jones,student3781@university.com,Male,20,CS,86.93,43.09,82.01,69.5,62.11,7.11,79.73,76.79,A,5,No,No,PhD,High,2,5.2
S4782,Liam,Williams,student3782@university.com,Female,23,CS,98.06,53.27,89.53,91.88,62.77,5.34,55.36,73.93,A,11.9,Yes,Yes,Master's,Medium,4,8.8
S4783,Liam,Williams,student3783@university.com,Male,21,Engineering,55.83,54.69,64.42,,72.79,7.87,81.58,88.64,D,24,No,Yes,PhD,Low,2,7
S4784,Sara,Smith,student3784@university.com,Male,20,Engineering,85.48,60.27,81.22,70.86,75.48,1.53,68.68,87.05,B,29.3,No,Yes,Master's,High,3,6.3
S4785,Sara,Brown,student3785@university.com,Female,22,CS,61.52,42.62,58.19,73.03,65.44,6.38,66.71,85.21,B,9.3,No,Yes,High School,Low,10,5.7
S4786,John,Smith,student3786@university.com,Male,23,CS,70.72,94.29,66.13,79.51,95.36,7.74,99,84.5,A,16.5,Yes,Yes,,Low,6,6.3
S4787,Ali,Johnson,student3787@university.com,Male,22,CS,51.64,70.93,93.74,,77.66,7.61,71.62,75.77,C,19.7,No,Yes,Master's,High,9,5.7
S4788,Sara,Johnson,student3788@university.com,Female,23,Mathematics,,80.26,96.99,96.37,89.37,9.64,83.9,96.32,F,28.8,Yes,Yes,None,High,1,8.3
S4789,Ahmed,Williams,student3789@university.com,Female,22,Engineering,,44.03,83.13,71.65,96.21,0.58,81.39,94.53,D,16.3,No,Yes,None,Low,4,5.3
S4790,Liam,Brown,student3790@university.com,Female,21,Business,67.1,43.25,62.46,58.34,58.16,3.46,55.22,66.47,B,28.3,Yes,Yes,Master's,Low,8,5.4
S4791,Emma,Jones,student3791@university.com,Female,23,Business,94.98,75.19,89.2,88.14,71.39,4.77,87.4,90.23,B,29.5,Yes,Yes,Master's,Medium,4,7.5
S4792,Omar,Brown,student3792@university.com,Female,24,Engineering,87.09,93.24,41.55,60.96,71.66,3.1,66.16,94.56,A,28.5,No,Yes,PhD,Medium,6,8.5
S4793,John,Johnson,student3793@university.com,Female,19,Business,98.61,71.71,46.16,57.18,67.72,3.1,89.95,80.91,A,23.7,Yes,Yes,High School,Medium,1,7.4
S4794,John,Jones,student3794@university.com,Male,21,CS,79.95,92.67,79.68,78.14,50.45,1.76,80.38,77.78,A,8.2,No,Yes,,High,10,4.4
S4795,Sara,Brown,student3795@university.com,Female,22,Engineering,62.09,88.66,57.47,83.57,90.8,8.13,65.85,83.59,D,20.1,Yes,Yes,Bachelor's,High,4,8.5
S4796,Ali,Brown,student3796@university.com,Female,23,CS,66.38,44.55,97.08,,55.58,9.08,67.81,58.15,C,23.8,No,Yes,PhD,High,7,7.8
S4797,Liam,Jones,student3797@university.com,Male,21,Business,65.99,52.12,66.16,82.83,99.77,0.82,86.58,54.37,C,28.9,No,No,PhD,Low,6,5.2
S4798,Ahmed,Johnson,student3798@university.com,Female,22,CS,66.32,79.46,65.76,55.78,88.65,1.55,77.5,91.01,A,24.4,No,Yes,None,Low,9,4.3
S4799,Ali,Brown,student3799@university.com,Male,18,Business,83.65,66.61,80.68,73.8,79,2.28,83.42,78.67,B,18.5,No,Yes,,Medium,3,7.6
S4800,Maria,Jones,student3800@university.com,Female,18,CS,76.54,57.44,86.05,67.85,57.73,5.09,57.92,56.13,F,10.1,No,Yes,Master's,Medium,5,5.2
S4801,Maria,Davis,student3801@university.com,Female,20,Business,,65.12,68.53,98.67,75.77,7.91,89.35,70.82,A,16.4,No,Yes,Bachelor's,Low,7,6.6
S4802,Emma,Davis,student3802@university.com,Male,19,CS,,66.71,52.84,52.48,63.06,0.71,66.02,64.91,F,21,No,Yes,None,Low,1,4.4
S4803,Sara,Johnson,student3803@university.com,Female,18,Engineering,51.11,94.63,86.4,64.91,62.62,6.37,80.99,93.77,D,13.1,No,Yes,PhD,Low,9,6.8
S4804,Sara,Jones,student3804@university.com,Male,24,Engineering,60.94,46.21,59.22,97.09,91.48,1.49,55.73,75.36,A,16.4,No,Yes,Bachelor's,Medium,9,4.1
S4805,Sara,Davis,student3805@university.com,Female,22,CS,55.37,56.78,50.51,99.17,69.03,9.71,66.07,78.88,C,5.4,Yes,No,PhD,Low,3,6.7
S4806,Emma,Jones,student3806@university.com,Female,21,Engineering,89.27,72.25,77.9,,72.54,8.99,82.44,61.76,B,27,Yes,Yes,,Medium,8,8.2
S4807,Maria,Brown,student3807@university.com,Male,23,Mathematics,55.62,81.9,45.43,53.8,92.15,9.5,63.71,89.95,C,5.9,No,Yes,PhD,Medium,2,6.9
S4808,Ali,Johnson,student3808@university.com,Female,21,CS,,77.84,98.28,78.07,54.39,1.06,94.02,96.51,A,15.2,No,Yes,,Medium,4,8.4
S4809,Emma,Davis,student3809@university.com,Female,20,Mathematics,69.28,96.5,77.94,70.01,79.73,4.88,83.06,89.62,D,17.8,No,No,PhD,Medium,7,6.7
S4810,Emma,Brown,student3810@university.com,Male,21,Engineering,53.67,87.74,99.15,90.32,78.91,1.65,93.51,74.64,C,29.3,No,No,High School,Medium,9,7.4
S4811,Ali,Smith,student3811@university.com,Female,18,Business,90.64,73.42,60.33,52.75,71.26,6,69.77,91.75,A,28.4,Yes,Yes,None,Low,4,5.8
S4812,Sara,Smith,student3812@university.com,Male,21,CS,78.98,52.88,98.27,59.86,91.49,2.33,51.7,59.4,F,21.2,No,Yes,PhD,Medium,1,5.5
S4813,Ahmed,Johnson,student3813@university.com,Female,18,Engineering,61.79,67.05,48.73,74.46,97.14,7.71,78.81,55.67,B,19.6,No,Yes,,Low,7,5.7
S4814,Ali,Davis,student3814@university.com,Male,18,Business,94.73,81.6,42.44,57.88,73.27,6.44,66.96,71.91,A,14.2,No,Yes,,Medium,3,4.5
S4815,Maria,Davis,student3815@university.com,Female,19,Engineering,52.26,90.28,41.98,84.64,72.81,5.72,72.41,59.08,D,6,No,Yes,High School,Low,10,5.3
S4816,John,Davis,student3816@university.com,Male,20,Engineering,60.09,97.58,67.89,91.04,75.1,8.25,84.06,62.96,B,11.7,Yes,Yes,,Low,9,5.9
S4817,Liam,Jones,student3817@university.com,Male,24,CS,87.6,76.33,44.98,85.23,86.16,5,85.03,79.26,B,26.2,No,Yes,Bachelor's,Low,10,5.7
S4818,John,Brown,student3818@university.com,Female,24,CS,85.47,71.62,70.73,72.01,83.4,2.7,51.38,70.2,A,21.2,No,Yes,PhD,Low,9,6.5
S4819,Omar,Davis,student3819@university.com,Female,22,Engineering,64.46,41.06,59.65,93.92,61.14,6.21,88.47,93.29,D,25.4,Yes,Yes,,Medium,2,6.4
S4820,Omar,Brown,student3820@university.com,Male,24,Business,53.1,44.33,60.14,,53.19,9.57,74.68,61.28,F,25.9,No,No,PhD,Medium,7,7.7
S4821,Emma,Johnson,student3821@university.com,Female,18,Engineering,92.9,49.37,78.14,63.02,97.46,6.01,77.83,99.84,A,6.6,Yes,Yes,,Medium,8,6
S4822,Liam,Davis,student3822@university.com,Male,23,CS,,43.29,49.79,74.48,63.05,6.3,64.9,67.97,A,13.4,Yes,Yes,Bachelor's,Medium,1,7.4
S4823,John,Johnson,student3823@university.com,Female,20,Engineering,59.79,64.05,85.99,53.07,81.93,9.35,71.04,75.77,C,21.9,Yes,Yes,None,Medium,5,8.5
S4824,Ahmed,Davis,student3824@university.com,Female,22,CS,,60.21,74.92,54.78,91.42,5.15,85.52,56.62,B,26.3,No,Yes,High School,Low,8,6.3
S4825,Sara,Smith,student3825@university.com,Male,24,Engineering,95.51,78.24,94.9,69.87,65.01,9.96,88.84,78.96,B,25,No,Yes,High School,Low,10,6.8
S4826,Maria,Williams,student3826@university.com,Male,24,Business,52.18,72.14,61.89,97.19,81.77,1.6,69.36,98.06,D,15.6,No,Yes,Master's,Medium,2,7.4
S4827,Omar,Johnson,student3827@university.com,Female,23,Business,,75.76,98.96,95.42,55.4,5.37,84.56,87.47,F,28.3,Yes,Yes,PhD,Low,1,6.5
S4828,Ahmed,Davis,student3828@university.com,Female,21,CS,78.62,68.32,74.55,73.3,98.5,2.13,62.9,62.2,C,12.5,No,Yes,High School,Medium,10,4.8
S4829,Maria,Williams,student3829@university.com,Female,20,Business,71.27,56.66,98.4,,52.91,4.53,91.6,72.13,D,14.4,Yes,Yes,Master's,Medium,4,5.5
S4830,Maria,Johnson,student3830@university.com,Female,23,Engineering,87.2,97.17,41.62,58.91,71.91,1.71,80.49,71.27,A,9.5,No,Yes,Bachelor's,Low,1,4.1
S4831,Sara,Jones,student3831@university.com,Female,24,Business,98.29,45.18,83.68,68.88,76.84,2.23,88.76,54.9,B,10.7,No,Yes,,Medium,5,7.4
S4832,Liam,Davis,student3832@university.com,Male,20,CS,61.46,96.33,89,,89.52,2.11,73.86,94.29,F,5.2,No,Yes,,Low,8,5.4
S4833,Emma,Jones,student3833@university.com,Female,20,Engineering,57.18,58.67,43.19,54.15,56.06,3.2,61.46,69.07,D,12.7,No,Yes,Master's,Medium,8,8.1
S4834,John,Smith,student3834@university.com,Female,24,CS,95.64,70.76,74.74,83.69,72.04,1.35,71.46,74.71,A,12.7,Yes,Yes,PhD,Low,9,7.3
S4835,Sara,Davis,student3835@university.com,Male,21,Engineering,83.45,46.53,88.12,79.07,64.99,8.09,69.07,64.56,B,6.7,No,Yes,Bachelor's,Low,5,7.7
S4836,Ahmed,Smith,student3836@university.com,Male,21,CS,,44.26,73.66,64.56,65.6,2.21,66.64,57.62,D,13.5,No,Yes,Bachelor's,High,8,8.4
S4837,Emma,Williams,student3837@university.com,Male,24,CS,,65.77,43.83,88.95,88.94,4.17,60.61,95.11,B,12.5,No,Yes,Bachelor's,Medium,10,6.1
S4838,Ahmed,Johnson,student3838@university.com,Female,20,CS,87.28,84.5,81.61,88.8,50.27,0.16,87.96,51.87,A,25,Yes,Yes,Master's,Low,5,4.9
S4839,Emma,Brown,student3839@university.com,Male,23,CS,88.65,56.16,43.64,74.55,87.45,1.05,54.32,69.99,B,8.9,Yes,Yes,PhD,Medium,7,8.7
S4840,Liam,Smith,student3840@university.com,Male,19,CS,95.99,73.74,89.05,54.83,90.52,8.96,94.38,86.53,A,23.1,No,Yes,High School,Low,8,9
S4841,Omar,Brown,student3841@university.com,Male,18,Engineering,71.34,56.72,42.58,95.92,95.07,8.37,58.75,65.44,A,8.2,Yes,Yes,PhD,Low,8,5.1
S4842,Ahmed,Brown,student3842@university.com,Male,21,CS,64.67,63.32,48.24,83.43,81.34,8.41,98.99,72.3,A,17.4,No,Yes,Master's,High,2,7.7
S4843,Sara,Johnson,student3843@university.com,Female,24,Engineering,81.98,94.39,56.51,62.35,66.67,4.11,99.42,78.22,D,23.4,Yes,Yes,Bachelor's,Medium,1,4.4
S4844,Emma,Williams,student3844@university.com,Female,19,CS,70.79,91.35,78,80.52,71.36,1.42,69.92,99.75,C,20.2,No,Yes,None,Low,8,4.1
S4845,Emma,Johnson,student3845@university.com,Female,21,Mathematics,79.73,70.96,98.58,70.25,98.49,1.08,99.39,87.92,F,21.1,No,Yes,High School,High,9,7.4
S4846,Maria,Davis,student3846@university.com,Male,20,Mathematics,71,54.29,47.07,81.77,94.06,6.06,93.45,98.36,D,10.2,Yes,Yes,PhD,Low,7,5.3
S4847,Maria,Smith,student3847@university.com,Male,24,CS,57.65,51.59,48.56,73.69,73.18,8.28,54.12,84.66,C,25.7,No,Yes,,Low,8,8.3
S4848,Ali,Brown,student3848@university.com,Male,19,Engineering,73.47,97.25,62.13,74.27,97.15,9,97.37,63.45,A,28.8,No,Yes,,Low,9,6.6
S4849,Ahmed,Johnson,student3849@university.com,Male,24,CS,84.55,52.16,90.17,86.79,91.15,2.89,52.13,64.37,A,8.9,Yes,No,,Low,10,7.9
S4850,Maria,Johnson,student3850@university.com,Male,23,Mathematics,89.96,88.49,68.03,,95.05,3.21,59.1,91.12,A,27.2,No,Yes,None,Low,10,4.5
S4851,Ali,Johnson,student3851@university.com,Male,23,Engineering,74.67,62.14,59.3,54,84.15,1.01,79.23,71.39,A,14.9,No,Yes,,Medium,10,8.4
S4852,Omar,Smith,student3852@university.com,Female,22,CS,58.26,99.14,73.67,53.27,92.88,7.74,54.04,68.51,F,22.5,Yes,Yes,PhD,Medium,4,4.9
S4853,Omar,Williams,student3853@university.com,Female,18,CS,70.73,62.09,55.63,65.25,94.59,2.76,58.09,97.25,F,17.7,No,Yes,Bachelor's,Medium,3,6.8
S4854,Maria,Johnson,student3854@university.com,Male,18,CS,89.31,61.09,64.07,71.51,54.6,4.81,97.67,50.66,B,24.8,No,Yes,High School,Medium,4,7
S4855,Ahmed,Smith,student3855@university.com,Female,21,CS,70.64,78.25,59.96,63.76,98.26,9.29,99.73,76.25,D,6.1,Yes,Yes,,Medium,10,4.3
S4856,Emma,Brown,student3856@university.com,Male,18,Engineering,84.83,97.69,88.25,,66.68,7.52,89.91,88.75,F,13.1,Yes,Yes,Master's,Medium,3,8.9
S4857,John,Davis,student3857@university.com,Male,24,Engineering,75.36,98.57,95.46,59.76,71.99,0.53,75.76,86.81,F,6.2,No,Yes,Bachelor's,High,2,5.5
S4858,Liam,Jones,student3858@university.com,Female,24,CS,62.06,82.43,85.57,,89.6,0.08,95.02,68.38,B,28.5,No,Yes,,Low,1,7.6
S4859,Ahmed,Smith,student3859@university.com,Male,22,CS,89.81,85.28,66.35,88.66,83.24,7.87,55.59,76.78,A,9.3,No,Yes,PhD,High,4,7.2
S4860,Liam,Jones,student3860@university.com,Female,23,CS,54.21,73.8,70.26,56.22,94.65,5.53,97.14,50.28,D,15.6,No,No,,Low,5,4.2
S4861,Sara,Johnson,student3861@university.com,Male,19,CS,76.24,85.35,47.5,82.54,70.03,7.2,67.58,76.74,C,21,Yes,Yes,None,Low,8,8.3
S4862,Omar,Johnson,student3862@university.com,Male,19,Business,60.44,91.59,84.81,98.07,68.66,1.57,93.07,79.52,F,16.5,No,Yes,None,Low,7,5.5
S4863,Maria,Smith,student3863@university.com,Female,23,CS,,69.17,75.79,59.64,51.58,8.72,83.42,93.74,F,18.4,Yes,Yes,None,Medium,6,5.2
S4864,Maria,Jones,student3864@university.com,Male,20,Engineering,75.15,77.19,94.15,95.47,73.14,7.73,98.01,60.54,D,10.1,Yes,Yes,PhD,High,6,4.3
S4865,Liam,Johnson,student3865@university.com,Male,23,CS,74.98,72.24,52.04,80.3,86.2,8.91,93.23,91.26,C,6.7,No,Yes,,Low,5,5.3
S4866,Emma,Brown,student3866@university.com,Male,19,CS,85.35,73.75,85.58,79.55,65.06,3.41,94.39,85.9,A,11.4,No,Yes,Bachelor's,Medium,4,7.1
S4867,Liam,Williams,student3867@university.com,Female,21,Engineering,87.24,93.4,81.08,52.6,73.14,2.76,81.59,83.3,A,12.9,Yes,Yes,PhD,Low,8,5
S4868,Sara,Williams,student3868@university.com,Male,22,Engineering,86.39,61.34,55.95,87.42,60.97,1.52,91.66,69.72,A,15.4,Yes,Yes,Bachelor's,Medium,8,6.3
S4869,Emma,Johnson,student3869@university.com,Male,23,Engineering,70.48,52.49,80.04,73.91,88.64,9.3,87.86,68.37,F,12.4,Yes,Yes,High School,Medium,10,8
S4870,Sara,Jones,student3870@university.com,Male,20,Engineering,81.58,67.38,95.46,86.06,53.03,1.77,58.08,85.16,B,5.9,Yes,Yes,,Medium,3,8.8
S4871,John,Davis,student3871@university.com,Female,21,Engineering,78.85,52.49,95.11,90.46,85.27,1.19,82.43,99.51,B,7.4,No,Yes,,High,8,7.5
S4872,Omar,Johnson,student3872@university.com,Female,23,CS,71.08,69.9,83.18,76.19,68.95,1.93,57.41,70.27,D,21.8,Yes,No,PhD,Low,5,5
S4873,Maria,Davis,student3873@university.com,Female,21,Engineering,,94.21,42.88,63.18,52.08,7.71,93.47,95.93,C,6.6,No,Yes,Bachelor's,High,1,5.9
S4874,Maria,Davis,student3874@university.com,Female,23,Engineering,97.36,77.05,92.34,57.08,92.67,8.9,53.3,79.33,B,6.2,No,Yes,,Medium,8,6.8
S4875,John,Jones,student3875@university.com,Female,21,CS,59.64,91.33,79.47,58.03,74.39,8.11,99.35,93.41,F,25.3,No,Yes,Bachelor's,High,7,8.4
S4876,Ali,Davis,student3876@university.com,Male,24,Engineering,,49.97,58.63,93.35,79.97,5.63,70.03,60.86,D,6,No,Yes,Master's,Low,7,6.7
S4877,Omar,Brown,student3877@university.com,Female,18,CS,52.67,94.05,51.24,,86.6,9.94,58.53,88.11,D,6.7,No,Yes,High School,High,5,6.5
S4878,Emma,Jones,student3878@university.com,Female,21,CS,65.42,76.11,46.97,69.23,82.75,0.69,96.78,91.75,D,18.7,No,Yes,Master's,Low,5,5.3
S4879,John,Johnson,student3879@university.com,Male,24,Engineering,,41.91,43.01,66.71,86.54,8.67,52.27,91.61,A,16.1,No,Yes,Bachelor's,Medium,7,6.5
S4880,Emma,Brown,student3880@university.com,Female,18,Business,81.32,77.99,85.25,93.27,88.11,4.28,73.51,89.24,F,29.1,No,Yes,PhD,High,9,5.6
S4881,Liam,Smith,student3881@university.com,Male,19,Business,56.56,97.08,54.15,73.88,79.46,4.55,88.51,65.21,F,28.4,Yes,No,Bachelor's,High,10,6.8
S4882,Ahmed,Williams,student3882@university.com,Female,18,CS,,44.75,41.46,,68.28,1.28,65.84,76.1,B,21.5,Yes,No,PhD,Medium,1,8
S4883,Maria,Johnson,student3883@university.com,Male,21,Engineering,91.43,74.95,63.84,86.85,62.16,0.33,76.44,64.99,A,6.8,Yes,Yes,None,Low,8,8.7
S4884,Emma,Johnson,student3884@university.com,Male,22,Engineering,,94.93,68.96,92.55,95.15,3.17,85.02,67.15,C,17.6,Yes,Yes,,Medium,10,8
S4885,Sara,Johnson,student3885@university.com,Female,22,CS,72.92,40.58,50.15,54.93,98.5,1.75,97.6,65.06,A,6.1,No,Yes,Bachelor's,Medium,9,8.1
S4886,Emma,Brown,student3886@university.com,Female,19,Business,96.65,77.85,42.64,62.66,67.88,4.83,55.14,64.21,B,27.7,No,Yes,,Medium,7,5.8
S4887,Ahmed,Smith,student3887@university.com,Male,21,Business,91.54,68.49,51.35,56.77,55.62,1.47,57.86,84.67,A,21.5,Yes,Yes,Bachelor's,High,2,7.5
S4888,Omar,Jones,student3888@university.com,Male,18,Mathematics,74.97,60.82,80.75,73.18,61.13,1.38,75.44,82.51,D,19.3,No,Yes,,Low,5,5.9
S4889,Maria,Smith,student3889@university.com,Male,22,CS,85.09,77.65,44.93,,83.53,8.77,70.92,60.21,A,15.7,No,Yes,High School,Medium,4,4.1
S4890,Liam,Brown,student3890@university.com,Male,23,CS,78.35,43.16,73.3,58.45,58.65,9.21,70.54,84.58,D,17.7,Yes,Yes,Master's,Medium,7,8.4
S4891,John,Johnson,student3891@university.com,Male,20,Business,79.4,85.18,48.78,56.51,89.01,9.64,64.85,64.55,B,15,Yes,Yes,None,Low,3,4.3
S4892,Liam,Williams,student3892@university.com,Male,21,Engineering,66.55,40.27,51.74,80.73,96.15,6.81,78.03,60.09,B,7.5,Yes,Yes,,Low,8,4.6
S4893,Ahmed,Johnson,student3893@university.com,Male,24,Business,73.1,58.42,63.58,61.52,98.18,7.71,94.16,87.36,A,21.5,No,Yes,Master's,Medium,5,4.1
S4894,Maria,Jones,student3894@university.com,Female,24,CS,,70.24,46.05,73.97,50.47,8.36,58.05,68.14,D,29.9,No,Yes,PhD,Low,6,4.3
S4895,Emma,Davis,student3895@university.com,Male,23,Engineering,67.87,62.62,50.39,52.56,97.91,6.59,60.76,78.47,B,7.8,No,Yes,Master's,Medium,4,4.3
S4896,Omar,Williams,student3896@university.com,Female,23,Engineering,84.79,58.45,60.94,84.03,87.01,3.3,83.54,60.01,C,29.9,No,Yes,Master's,High,7,7.4
S4897,Ali,Johnson,student3897@university.com,Female,21,CS,,89.85,59.78,77.07,54.2,1.56,52.81,80.68,A,27.5,No,Yes,High School,Low,9,8.3
S4898,Omar,Williams,student3898@university.com,Male,20,Engineering,98.15,96.09,84.96,82.37,70.76,2.37,83.69,60.4,B,27.4,Yes,Yes,Bachelor's,Medium,4,8
S4899,Ali,Davis,student3899@university.com,Male,22,Engineering,77.79,92.42,44.49,63.77,85,8.4,65.72,58.34,A,25.8,Yes,Yes,High School,Medium,6,7.1
S4900,Sara,Smith,student3900@university.com,Female,20,CS,80.33,71.35,91.63,63.93,97.83,6.96,67.89,69.33,A,28.1,No,Yes,,Medium,6,7.9
S4901,Omar,Brown,student3901@university.com,Male,19,CS,59.29,93.05,88.97,90.07,58.21,4.56,70.28,89.5,F,11.2,No,Yes,Master's,Medium,1,6.3
S4902,Maria,Johnson,student3902@university.com,Male,18,Engineering,84.77,95.25,85.96,,56.39,0.29,67.48,58.83,B,15.9,No,Yes,High School,High,9,8.5
S4903,Ali,Jones,student3903@university.com,Female,18,Engineering,53.53,64.55,58.56,78.99,73.62,2.66,92.06,55.85,F,17,Yes,Yes,None,High,2,6.3
S4904,John,Smith,student3904@university.com,Female,23,Business,64.23,57.01,89.37,81.41,98.4,7.29,97.3,51.58,B,6.7,No,Yes,Master's,Medium,10,4.1
S4905,Maria,Johnson,student3905@university.com,Female,22,CS,83.42,45.9,50.97,54.7,98.57,5.12,77.4,70.8,B,29.5,No,Yes,,Medium,1,7.5
S4906,John,Smith,student3906@university.com,Male,20,CS,65.52,68.75,47.46,,61.4,4.36,79.09,64.1,D,22.2,Yes,Yes,PhD,Medium,5,8.2
S4907,Omar,Jones,student3907@university.com,Male,23,Mathematics,52.49,96.78,42.7,88.5,65.97,3.14,53.52,64.61,F,16.3,No,Yes,Bachelor's,Medium,2,5.1
S4908,John,Johnson,student3908@university.com,Female,21,Mathematics,91.59,73.65,96.36,79.52,95.4,6.07,85.66,99.1,B,29.8,No,No,,Low,10,5.6
S4909,Ali,Davis,student3909@university.com,Male,23,CS,65.52,80.05,58.48,95.93,86.74,9.66,79.2,59.71,F,11.8,No,Yes,Master's,Low,5,7.5
S4910,Maria,Davis,student3910@university.com,Female,21,Business,53.16,46.77,95.06,58.43,98.62,9.01,52.52,72.92,D,13.4,No,Yes,,Low,1,6.9
S4911,Emma,Jones,student3911@university.com,Male,21,CS,53.74,48.61,56.36,84.33,94.66,0.3,59.92,99.32,C,9.8,Yes,Yes,None,Medium,7,8.4
S4912,Ahmed,Williams,student3912@university.com,Female,19,CS,62.59,67.87,94.45,98.15,60.75,4.81,60.1,51.53,C,9.7,No,Yes,PhD,Low,4,6.4
S4913,Ali,Jones,student3913@university.com,Male,19,CS,58.9,97.08,94.24,65.5,87.99,3.29,58.55,84.83,D,9.7,No,Yes,,Medium,8,7.4
S4914,Ali,Williams,student3914@university.com,Female,21,CS,88.72,61.65,95.42,50.76,52.43,5.11,82.93,68.55,A,20.3,No,Yes,High School,Low,8,5.4
S4915,Emma,Johnson,student3915@university.com,Male,22,Business,66.08,92.65,69.77,86.74,90.89,6.06,96.42,95.3,F,12.4,Yes,Yes,None,Medium,7,8.6
S4916,Maria,Williams,student3916@university.com,Male,19,Business,90.23,47.22,91.96,50.35,80.08,2,88.15,95.6,A,28.8,No,Yes,PhD,Medium,1,5.8
S4917,Maria,Johnson,student3917@university.com,Female,19,Mathematics,58.69,77.02,97.05,93.63,97.81,7.82,73.87,69.36,F,25.4,No,No,,Medium,3,6.7
S4918,Liam,Johnson,student3918@university.com,Male,18,Business,74.64,76.04,59.48,52.82,98,4.75,70.2,61.07,A,9,Yes,Yes,None,Medium,6,7.1
S4919,Omar,Brown,student3919@university.com,Male,23,Engineering,84.4,91.59,65.13,82.64,52.54,9.92,69.32,71.4,F,25.8,No,Yes,,High,6,5.3
S4920,John,Johnson,student3920@university.com,Female,18,Engineering,82.6,40.2,83.15,68.86,58.03,0.25,80.06,98.27,B,13.6,Yes,Yes,,High,6,5.6
S4921,Omar,Williams,student3921@university.com,Male,22,Mathematics,80.06,51.4,58.02,60.17,74.21,1.9,67.96,64.07,B,10.7,Yes,Yes,PhD,Medium,2,6.5
S4922,Emma,Brown,student3922@university.com,Male,19,Business,,53.18,85.23,,93.97,6.9,61.31,99.07,A,24.6,No,Yes,Master's,Low,8,5.4
S4923,Omar,Brown,student3923@university.com,Male,24,Business,61.43,97,44.43,87.31,90.72,6.95,80.14,90.97,D,26.4,No,Yes,PhD,Low,3,4.7
S4924,Emma,Johnson,student3924@university.com,Female,19,Mathematics,74.69,49.22,71.41,67.02,98.22,5.82,69.54,63.37,C,29,No,Yes,,Low,5,8.2
S4925,Maria,Jones,student3925@university.com,Female,20,CS,94.2,42.22,47.34,64.21,80.9,9.72,50.71,89.55,A,15.5,No,Yes,None,Medium,9,5.6
S4926,John,Jones,student3926@university.com,Female,22,Business,53.89,72.07,57.6,86.8,62.83,4.15,51.11,52.49,C,19.1,Yes,Yes,Bachelor's,Medium,7,6.1
S4927,Omar,Davis,student3927@university.com,Female,24,Business,52.79,71.71,55.52,91.83,51.26,4.17,63.71,77.4,C,20.4,Yes,No,High School,Medium,9,6.7
S4928,Ali,Brown,student3928@university.com,Female,23,Mathematics,61.67,90.64,90.34,85.79,61.15,9.1,75.62,67.87,D,20.7,Yes,Yes,Master's,Low,4,8.2
S4929,Sara,Johnson,student3929@university.com,Male,23,CS,,96.93,51.61,82,83.76,5.38,67.71,71.35,F,15.1,No,Yes,PhD,Low,1,4.7
S4930,Liam,Jones,student3930@university.com,Male,24,Engineering,62.99,72.31,88.51,61.4,96.31,3.54,51.2,73.64,A,8.8,Yes,Yes,PhD,Medium,10,7.1
S4931,Ahmed,Johnson,student3931@university.com,Female,23,Engineering,59.51,95.8,87.64,92.64,66.05,7.19,61.16,75.14,D,6.8,No,Yes,,Low,3,5.8
S4932,Ali,Johnson,student3932@university.com,Male,24,CS,72.94,83.51,69.93,87.48,93.79,6.2,54.82,82.82,C,27.6,Yes,No,PhD,Low,5,8.3
S4933,Maria,Brown,student3933@university.com,Male,22,Engineering,80.68,55.87,54.03,75.86,69.74,3.06,97.43,84.84,A,14.2,Yes,Yes,PhD,Low,10,7.3
S4934,Ahmed,Davis,student3934@university.com,Male,24,CS,62.43,95.71,53.61,75.58,65.41,2.98,65.64,98.79,B,9.5,No,Yes,,Medium,1,4.7
S4935,Sara,Brown,student3935@university.com,Male,24,CS,,80.05,67.9,78.46,75.44,3.96,50.74,88.14,F,29.6,No,Yes,,Medium,7,5.5
S4936,Sara,Smith,student3936@university.com,Female,20,Engineering,80.68,64.85,40.53,91.41,72.11,0.72,83.03,84.39,C,25.1,No,Yes,Master's,Low,1,4.2
S4937,John,Jones,student3937@university.com,Female,20,Engineering,97.29,80.81,71.88,87.11,95.69,9.43,61.62,69.62,B,29.5,No,Yes,High School,Low,8,7.9
S4938,Ahmed,Jones,student3938@university.com,Male,18,Engineering,,64.08,97.17,92.81,73.41,1.83,78.34,55.89,A,12,No,Yes,Bachelor's,Medium,7,6.1
S4939,John,Jones,student3939@university.com,Male,22,Engineering,89.15,46.85,49.28,75.36,63.87,1.94,57.54,52.94,B,16.6,Yes,Yes,None,High,2,4.2
S4940,Ali,Williams,student3940@university.com,Female,22,CS,,83.14,74.4,81.23,92.13,6.47,99.2,73.88,C,25.2,No,Yes,Bachelor's,High,7,4.1
S4941,Emma,Johnson,student3941@university.com,Male,20,CS,63.61,89.45,97.71,92.73,99.94,7.24,98.51,83.41,A,18.8,No,Yes,,Low,6,8.8
S4942,Emma,Brown,student3942@university.com,Male,21,CS,72.71,83.73,91.63,61.62,82.41,7.37,82.8,82.51,A,13.9,Yes,Yes,Master's,Low,7,8.3
S4943,Emma,Jones,student3943@university.com,Male,21,CS,90.36,53.75,91.02,72.2,62.52,3.75,85.36,97.64,A,9,No,Yes,Master's,Medium,1,5.7
S4944,Ahmed,Smith,student3944@university.com,Female,18,Engineering,72.81,97.4,89.31,81.03,61.94,8.73,71.29,69.12,D,19,No,Yes,,Medium,7,6.6
S4945,Emma,Jones,student3945@university.com,Female,21,Business,92.34,41.52,58.54,,52.89,5.44,98.11,81.39,A,20,No,Yes,None,Low,9,6.9
S4946,Ali,Davis,student3946@university.com,Male,21,CS,99.44,59.96,93.44,50.79,53.86,4.39,71.19,94.39,A,23,No,No,Master's,Medium,8,6.6
S4947,John,Johnson,student3947@university.com,Male,21,CS,53.6,55.61,96.48,60.63,95.75,8.1,61.97,70.2,F,24.8,Yes,Yes,Master's,Low,7,5.5
S4948,Ahmed,Johnson,student3948@university.com,Male,19,Business,,42.89,69.75,,54.82,2.44,55.77,73.89,B,8,No,Yes,Bachelor's,Low,2,6
S4949,John,Brown,student3949@university.com,Male,18,CS,57.48,64.34,61.27,66.33,74.22,8.6,60.41,96.15,F,20.7,No,No,Bachelor's,Medium,7,4.9
S4950,Ahmed,Williams,student3950@university.com,Male,20,Mathematics,,77.39,64.85,64.09,84.91,5.39,78.61,77.51,A,24.5,Yes,Yes,None,Medium,2,4.2
S4951,John,Brown,student3951@university.com,Male,21,Business,56.55,92.95,60.05,79.51,92.52,9,62.25,89.98,D,14.7,No,Yes,None,Medium,4,4.8
S4952,Sara,Jones,student3952@university.com,Female,23,CS,93.53,99.38,52.75,94.28,58.56,2.02,82.71,96.78,A,11.9,No,Yes,Bachelor's,High,1,4.1
S4953,John,Davis,student3953@university.com,Female,24,CS,51.16,88.49,77.11,81.85,71.89,9.36,69.11,78.55,F,17,No,Yes,None,Low,3,6.2
S4954,Emma,Smith,student3954@university.com,Male,19,Engineering,65.79,68.12,73.76,62.08,62.57,6.88,94.34,55.46,A,12.8,Yes,Yes,High School,Medium,5,7.3
S4955,Sara,Brown,student3955@university.com,Female,21,CS,59.23,83.42,67.76,93.19,62.79,6.18,77.92,91.08,F,17.7,Yes,Yes,Bachelor's,Low,6,4.9
S4956,John,Williams,student3956@university.com,Male,24,CS,96.58,90.62,45.75,81.6,65.19,4.22,81.13,90.89,A,12.7,No,Yes,PhD,Low,3,6.7
S4957,Ahmed,Brown,student3957@university.com,Male,24,CS,83.47,67.92,87.81,60.95,79.36,9.56,77.83,55.75,B,15.6,No,Yes,None,Medium,3,5.6
S4958,Ahmed,Johnson,student3958@university.com,Female,19,Business,95.6,87.1,50.5,68.08,50.83,4.44,94.28,77.41,B,27.9,Yes,Yes,Bachelor's,Low,10,4.6
S4959,Liam,Jones,student3959@university.com,Female,18,Engineering,98.62,68.96,46.87,89.5,70.44,4.99,53.17,74.35,A,27.9,No,Yes,PhD,Medium,6,4.6
S4960,Ahmed,Jones,student3960@university.com,Male,23,CS,74.85,63.19,77.38,86.95,59.34,7.81,53.37,92.36,A,29.8,Yes,Yes,High School,Low,9,7.1
S4961,Maria,Jones,student3961@university.com,Male,23,Engineering,61.72,71.57,63.92,78.83,98.36,2.85,85.09,63.73,D,17.2,No,Yes,High School,Medium,2,4.6
S4962,Ali,Jones,student3962@university.com,Female,23,Engineering,59.69,80.55,43.59,57.24,79.14,2.91,88.4,71.31,D,9.2,No,Yes,Master's,Low,2,6.8
S4963,Ahmed,Jones,student3963@university.com,Female,21,Engineering,61.15,83.61,61.33,90.16,93.4,7.75,71.68,80.24,F,27.2,No,Yes,PhD,Low,7,5
S4964,Sara,Jones,student3964@university.com,Male,19,CS,85.43,61.4,86.31,65.38,59.78,1.29,67.62,75.86,A,19.9,No,Yes,PhD,Medium,4,8.3
S4965,Liam,Smith,student3965@university.com,Male,23,Engineering,52.02,74.28,76.91,88.58,90.5,8.23,63.9,97.75,F,23.7,No,Yes,PhD,Low,1,4.2
S4966,Ahmed,Williams,student3966@university.com,Male,24,Mathematics,52.57,94.59,61.77,82.38,70.74,6.25,61.72,98.03,C,9.1,No,Yes,,Medium,6,5.9
S4967,Maria,Jones,student3967@university.com,Female,24,CS,80.41,98.58,51.51,63.21,58.88,5.39,95.6,54.08,B,13,Yes,Yes,,Low,9,7.8
S4968,Emma,Williams,student3968@university.com,Male,22,CS,82.1,53.63,77.91,60.62,88.06,2.29,64.76,64.89,A,11.9,No,Yes,High School,Low,10,7.7
S4969,Sara,Davis,student3969@university.com,Female,22,CS,83.26,51.57,93.25,56.55,88.1,7.86,82.4,50.38,F,19,Yes,Yes,Bachelor's,Medium,6,4.7
S4970,Maria,Jones,student3970@university.com,Male,19,CS,68.59,80.6,78.78,62.1,99.79,8.05,89.35,70.89,B,29.9,No,Yes,PhD,Medium,6,5
S4971,Emma,Brown,student3971@university.com,Female,21,CS,,64.88,88.77,57.89,89.05,4.83,51.1,83.11,B,20.3,No,Yes,,High,4,6.7
S4972,Omar,Jones,student3972@university.com,Female,21,Business,76.68,41.45,71.29,80.85,57.26,3.89,51.69,73.56,F,19.3,Yes,Yes,Master's,Medium,1,7.4
S4973,Omar,Johnson,student3973@university.com,Female,18,Mathematics,55.27,60.81,83.08,79.94,66.13,2.46,66.66,53.36,F,24,No,Yes,Master's,Low,7,7.8
S4974,Sara,Smith,student3974@university.com,Female,18,CS,,88.4,93.77,,72.59,7.54,84.8,59.8,F,13.2,Yes,Yes,PhD,Low,4,7.1
S4975,John,Brown,student3975@university.com,Male,23,Engineering,97.65,87.85,86.39,82.09,56.33,6.39,63.04,58.66,B,11.3,No,Yes,,Low,9,7.9
S4976,Ali,Brown,student3976@university.com,Female,20,Engineering,53,69.68,94.59,90.74,89.4,2.07,50.07,75.56,D,26,No,No,Master's,Low,4,6.2
S4977,Liam,Johnson,student3977@university.com,Female,24,Engineering,69.57,68.35,65.87,95.68,76.33,7.94,64.41,83.88,D,29,No,Yes,PhD,Medium,9,6.8
S4978,Ali,Jones,student3978@university.com,Female,18,Engineering,74.38,74.77,94.25,61.52,97.22,8.82,54.51,65.82,B,15.5,No,Yes,Bachelor's,Low,1,6.2
S4979,Maria,Smith,student3979@university.com,Male,21,CS,57.32,53.16,77.29,,79.47,0.59,60.97,56.52,F,6,No,No,Master's,Medium,10,7.8
S4980,Emma,Brown,student3980@university.com,Male,24,Engineering,93.39,71.56,92.2,53.92,76.14,7.72,66.66,89.93,B,9.5,No,Yes,None,Low,4,4.9
S4981,Ali,Smith,student3981@university.com,Male,20,Engineering,,40.66,42.36,56.01,53.57,8.53,56.4,92.92,F,26.4,No,No,Bachelor's,High,2,5.3
S4982,Emma,Brown,student3982@university.com,Male,18,Business,89.15,68.53,79.47,82.72,57.47,9.92,85.32,63.82,A,8,No,Yes,PhD,Medium,6,8.2
S4983,Emma,Jones,student3983@university.com,Male,19,Business,83.55,60.16,90.88,74.33,92.48,2.38,62.8,71.04,D,24.1,Yes,Yes,Master's,High,9,7.6
S4984,Maria,Davis,student3984@university.com,Male,22,CS,79.9,80.49,50.45,,99.53,3.71,83.05,54.1,F,20.5,No,Yes,Master's,High,2,7.7
S4985,Maria,Brown,student3985@university.com,Female,18,CS,59.61,78.3,79.71,71.28,70.76,9.66,79.95,61.38,C,23.2,Yes,Yes,,Medium,2,4.5
S4986,Maria,Davis,student3986@university.com,Female,18,Mathematics,61.04,62.85,89.5,56.38,90.5,0.94,94.9,88.35,C,11.4,No,Yes,PhD,Low,1,6.4
S4987,Ali,Brown,student3987@university.com,Female,19,Engineering,,40.44,57.28,93.6,81.38,5.24,54.4,68.26,A,5.5,No,Yes,,Low,9,6.8
S4988,Omar,Williams,student3988@university.com,Male,21,Business,62.04,55.14,64.31,54.14,97.95,5.07,60.73,80.23,B,6,Yes,Yes,PhD,Low,1,7.9
S4989,Maria,Jones,student3989@university.com,Female,23,CS,67.27,78,74.17,59.45,61.91,6.07,93.26,97.31,C,23.1,Yes,Yes,Master's,Medium,2,6.1
S4990,Liam,Johnson,student3990@university.com,Female,19,Engineering,,44.34,71.15,63.85,77.24,3.31,91.11,86.18,F,20.3,Yes,Yes,Master's,Medium,5,6.7
S4991,Ali,Davis,student3991@university.com,Male,23,Engineering,68.32,46.46,42.35,99.76,70.44,9.26,59.61,72.67,C,26,No,Yes,None,Medium,7,5.2
S4992,Maria,Johnson,student3992@university.com,Female,18,Business,87.73,78.82,45.92,70.84,77.09,2.7,55.39,68.34,B,15,No,Yes,Bachelor's,Low,9,8.2
S4993,Ahmed,Jones,student3993@university.com,Male,21,CS,,85.35,46.03,75.09,63.44,6.5,92.81,59.53,F,18.9,Yes,Yes,PhD,Medium,1,8.6
S4994,Emma,Johnson,student3994@university.com,Female,20,CS,89.24,59.29,55.74,88.48,74.89,4.96,58.91,87.81,A,24.6,No,Yes,PhD,Low,8,6.3
S4995,Liam,Jones,student3995@university.com,Male,18,Engineering,98.81,69.38,54.75,81.82,81.24,2.67,93.56,55.62,A,17.4,No,Yes,PhD,High,1,6.2
S4996,Maria,Johnson,student3996@university.com,Male,19,Business,61.99,96.74,84.53,92.07,54.06,1.89,98.06,53.07,A,29.8,No,Yes,High School,Low,9,5.6
S4997,Sara,Davis,student3997@university.com,Male,20,Mathematics,,96.73,74.36,74.32,87.15,9.57,61.04,55.24,A,23.6,No,Yes,None,Low,10,5.3
S4998,Emma,Williams,student3998@university.com,Female,22,Mathematics,81.09,58.45,85.84,98.61,85.33,5.61,92.02,62.15,F,22.1,Yes,Yes,Bachelor's,Medium,2,6.8
S4999,Emma,Johnson,student3999@university.com,Female,20,Mathematics,90.86,88.6,44.19,89.84,94.02,6.04,71.19,81.36,A,25,No,No,PhD,Medium,3,4.8
S5000,Maria,Davis,student4000@university.com,Male,19,CS,82.58,75.64,69.11,70.07,71.29,7.83,89.44,93.07,A,24.4,No,No,,Low,10,6.9
