Student_ID,First_Name,Last_Name,Email,Gender,Age,Department,Attendance (%),Midterm_Score,Final_Score,Assignments_Avg,Quizzes_Avg,Participation_Score,Projects_Score,Total_Score,Grade,Study_Hours_per_Week,Extracurricular_Activities,Internet_Access_at_Home,Parent_Education_Level,Family_Income_Level,Stress_Level (1-10),Sleep_Hours_per_Night
S1000,Omar,Williams,student0@university.com,Female,22,Engineering,52.29,55.03,57.82,84.22,74.06,3.99,85.9,56.09,F,6.2,No,Yes,High School,Medium,5,4.7
S1001,Maria,Brown,student1@university.com,Male,18,Engineering,97.27,97.23,45.8,,94.24,8.32,55.65,50.64,A,19,No,Yes,None,Medium,4,9
S1002,Ahmed,Jones,student2@university.com,Male,24,Business,57.19,67.05,93.68,67.7,85.7,5.05,73.79,70.3,D,20.7,No,Yes,Master's,Low,6,6.2
S1003,Omar,Williams,student3@university.com,Female,24,Mathematics,95.15,47.79,80.63,66.06,93.51,6.54,92.12,61.63,A,24.8,Yes,Yes,High School,High,3,6.7
S1004,John,Smith,student4@university.com,Female,23,CS,54.18,46.59,78.89,96.85,83.7,5.97,68.42,66.13,F,15.4,Yes,Yes,High School,High,2,7.1
S1005,Liam,Brown,student5@university.com,Male,21,Engineering,,78.85,43.53,71.4,52.2,6.38,67.29,62.08,B,8.5,Yes,Yes,PhD,High,1,5
S1006,Ahmed,Jones,student6@university.com,Male,24,Business,57.6,66.26,89.07,84.52,98.4,2.3,93.65,83.21,F,21.3,No,Yes,,Low,5,6.4
S1007,Ahmed,Smith,student7@university.com,Male,19,Engineering,51.91,45.67,73.96,80.12,95.9,3.73,93.24,81.93,F,27.3,Yes,No,None,Medium,4,4.3
S1008,Omar,Smith,student8@university.com,Female,21,CS,85.97,84.42,90.87,57.05,56.33,0.51,94.01,95.62,A,8,No,No,Bachelor's,Low,9,8.8
S1009,Sara,Smith,student9@university.com,Female,22,Engineering,64.01,87.96,98.47,96.98,55.63,5.88,78.6,84.99,A,9.6,No,Yes,None,Medium,10,6.4
S1010,John,Smith,student10@university.com,Female,23,CS,85.72,83.52,97.43,67.29,76.95,4.59,97.62,58.25,A,13.2,No,Yes,High School,Low,1,4.1
S1011,Omar,Williams,student11@university.com,Female,20,Engineering,77.75,52.14,91.37,52.24,87.85,7.61,90.95,87.58,C,21.3,No,Yes,Master's,Low,9,7
S1012,John,Davis,student12@university.com,Male,21,Engineering,55.44,81.39,40.66,65.02,69.11,2.06,70.78,59.06,F,18.1,No,Yes,Master's,High,8,4.5
S1013,John,Williams,student13@university.com,Male,18,Business,96.61,40.64,93.14,66.78,56.82,4.37,81.48,77.93,A,22.8,No,Yes,None,Medium,10,7.9
S1014,Liam,Williams,student14@university.com,Male,19,Engineering,72.62,58.31,44.5,54.64,75.53,1.81,56.09,53.85,B,5.8,No,Yes,None,Low,4,8.8
S1015,Ahmed,Jones,student15@university.com,Male,18,CS,86.72,63.93,91.07,81,66.88,6.14,77.57,52.37,A,25.3,No,Yes,None,High,2,8.6
S1016,Maria,Jones,student16@university.com,Female,21,CS,75.05,90.11,56.81,67.34,67.59,8.48,63.16,73.21,F,29.7,No,Yes,None,Low,3,6.1
S1017,Liam,Davis,student17@university.com,Female,23,Business,80.22,63.42,76.6,81.46,82.25,7.65,64.18,55.25,F,6.2,No,No,PhD,Medium,10,7.6
S1018,Liam,Jones,student18@university.com,Male,20,CS,65.14,40.68,42.28,50.34,94.28,9.44,56.29,65.33,B,17.4,No,Yes,None,Medium,9,4.8
S1019,John,Johnson,student19@university.com,Male,20,Engineering,60.02,61.14,86.27,99.1,77.93,9.72,67.91,66.94,D,23.5,Yes,Yes,PhD,Low,10,4.4
S1020,Emma,Davis,student20@university.com,Male,18,CS,77.13,69.94,46.7,,84.38,7.72,74.07,88.47,D,16.9,No,Yes,High School,Medium,2,8.1
S1021,Ahmed,Jones,student21@university.com,Male,22,Business,72.01,96.94,64.64,82.97,83,2.87,80.02,66.63,C,19.8,No,Yes,None,Low,8,7.5
S1022,Sara,Davis,student22@university.com,Male,22,Engineering,69.51,96.46,89.05,85.79,77.56,2.19,65.24,74.72,C,28,Yes,Yes,None,Low,10,8.5
S1023,Liam,Williams,student23@university.com,Female,23,CS,83.63,50.85,81.72,58.58,65.54,4.48,89.61,88.63,D,18.5,No,Yes,Master's,Low,1,8.6
S1024,Maria,Williams,student24@university.com,Female,20,CS,84.53,51.11,40.36,55.59,68.89,9.94,76.05,60.24,A,10.9,Yes,Yes,High School,Low,4,5.7
S1025,Emma,Davis,student25@university.com,Male,18,Business,52.3,49.8,64.18,57.63,65.79,4.13,81.9,90.24,C,23.5,No,Yes,High School,High,3,5.6
S1026,Emma,Johnson,student26@university.com,Male,18,Engineering,66.94,87.34,42.52,62.34,95.87,1.99,63.91,91.59,A,14.4,No,Yes,None,Low,10,6.2
S1027,Sara,Johnson,student27@university.com,Male,18,Business,70.59,40.36,80.41,58.41,91.33,9.44,90.71,99.44,D,12.1,Yes,Yes,,Medium,2,7.3
S1028,Liam,Davis,student28@university.com,Female,21,Business,54.84,47.63,98.14,83.7,78.97,3.86,81.21,72.2,D,11.2,Yes,Yes,Bachelor's,Low,3,4
S1029,Maria,Jones,student29@university.com,Female,23,Mathematics,61.8,72.28,79.32,71.04,95.61,6.91,93.12,68.53,A,7,No,Yes,Master's,High,3,6.7
S1030,Ahmed,Brown,student30@university.com,Female,22,CS,52.58,54.85,53.46,76.89,94.32,7.88,58,85.1,F,28.3,No,Yes,High School,Medium,9,4.1
S1031,Ali,Johnson,student31@university.com,Male,22,Mathematics,99.81,45.54,61.31,52.37,96.38,8.43,69.03,52.91,B,19.1,No,Yes,Bachelor's,Low,3,6.3
S1032,Maria,Smith,student32@university.com,Female,21,CS,,61.59,98.6,93.06,61.09,8.21,55.65,51.99,D,28.9,No,Yes,None,Medium,9,4.4
S1033,Sara,Williams,student33@university.com,Male,19,CS,54.37,56.45,53.44,58.53,85.88,8.36,60.78,66.75,D,26.5,No,Yes,Master's,Low,4,6.8
S1034,Emma,Davis,student34@university.com,Female,21,Business,51.01,70.67,73.69,68.01,80.46,6.68,69.73,86.48,F,5.8,No,Yes,Master's,Low,1,5.6
S1035,Ahmed,Smith,student35@university.com,Female,23,CS,85.96,98.75,64.03,53.6,86.69,4.04,94.73,55.82,A,11.2,No,Yes,,Medium,8,6.4
S1036,Maria,Davis,student36@university.com,Female,18,CS,71.96,47.46,86.1,56.84,63.17,6.67,77.85,81.78,F,12.9,No,Yes,Bachelor's,Low,10,8.8
S1037,Ali,Williams,student37@university.com,Male,21,CS,89.34,62.36,92.04,83.29,84.74,8.37,66.52,63.48,A,17.2,No,Yes,,Low,5,5.7
S1038,Ali,Williams,student38@university.com,Male,18,Engineering,96.17,95.92,60.45,84.63,70.49,3.51,87.34,82.58,A,22.9,Yes,Yes,Master's,Medium,2,7.6
S1039,John,Johnson,student39@university.com,Female,23,Engineering,79.97,92.61,79.62,83.85,91.7,2.97,50.98,72.85,A,22,No,Yes,Bachelor's,Low,9,7.4
S1040,John,Johnson,student40@university.com,Male,24,Business,59.36,63.66,72.94,77.61,89.77,3.44,68.5,55.76,C,29.7,No,Yes,PhD,Low,7,8.3
S1041,Omar,Smith,student41@university.com,Male,23,Business,89.11,81.94,56.71,97.63,60.57,5.51,80.04,62.36,A,28.1,No,Yes,Bachelor's,Medium,6,5.7
S1042,Sara,Davis,student42@university.com,Male,20,Engineering,97.79,45.27,56.32,75.36,59.19,0.52,79.16,60.99,A,9.7,No,Yes,Bachelor's,Low,2,4.3
S1043,Liam,Williams,student43@university.com,Male,18,CS,79.01,82.75,72.32,72.47,85.89,7.79,80.38,58.23,A,26.5,Yes,Yes,Bachelor's,High,6,8.9
S1044,Maria,Smith,student44@university.com,Male,22,Mathematics,84.1,98.37,49.24,62.38,77.52,1.39,60.58,73.42,D,26.1,Yes,Yes,Master's,Medium,7,5.8
S1045,Maria,Brown,student45@university.com,Male,21,CS,66.87,72.25,88.65,54.94,77.86,1.33,66.85,97.73,C,19.4,No,Yes,,Low,5,5
S1046,Liam,Smith,student46@university.com,Male,24,CS,,69.91,44.14,77.41,87.63,1.98,96.58,82.9,C,13.5,No,Yes,Master's,Low,5,8.6
S1047,Omar,Jones,student47@university.com,Female,23,CS,86.73,51.24,45.67,65.74,92.75,5.77,98.7,91.8,A,10.2,No,Yes,Master's,High,4,5
S1048,Emma,Smith,student48@university.com,Male,18,Engineering,96.39,78.03,60.53,76.2,61.95,2.86,65.6,99.05,B,10.3,No,Yes,Master's,Medium,10,6.6
S1049,Emma,Jones,student49@university.com,Male,24,CS,81.45,75.43,47.09,60.31,77.78,3.68,82.23,77.03,B,13.4,No,Yes,Master's,Low,1,7.8
S1050,Omar,Jones,student50@university.com,Female,19,CS,89.49,79.12,68.54,91.91,91.45,9.32,62.06,61.9,A,17.6,No,Yes,,Low,10,7.7
S1051,Emma,Jones,student51@university.com,Female,20,CS,58.58,41.56,63.98,99.98,93.64,8.47,68.43,96.39,D,19.6,Yes,Yes,PhD,Medium,7,4.1
S1052,John,Brown,student52@university.com,Female,19,CS,60.6,72.92,83.31,66.12,64.37,8.52,89.62,84.95,B,13.1,No,Yes,,Low,3,5
S1053,Maria,Smith,student53@university.com,Female,23,Engineering,76.6,75.7,97.18,92.12,55.21,5.78,75.06,97.95,C,13.9,No,Yes,High School,Medium,5,8.4
S1054,Omar,Smith,student54@university.com,Male,19,Business,,52.45,85.21,93.65,61.64,8.66,92.48,82.55,B,5.3,No,Yes,High School,Medium,8,6.8
S1055,Maria,Brown,student55@university.com,Female,19,Business,81.75,52.5,50.77,,97.27,7.79,81.44,88.76,A,5.1,No,Yes,,Medium,2,7.4
S1056,Liam,Williams,student56@university.com,Female,20,CS,64.58,56.57,96.13,67.14,73.12,9.53,81.45,94.53,F,27.7,No,Yes,Bachelor's,Low,4,6
S1057,Ali,Johnson,student57@university.com,Male,20,CS,89.58,82.7,63.53,87.8,70.93,0.64,51.69,87.96,A,5.4,Yes,Yes,None,Low,9,7.7
S1058,John,Smith,student58@university.com,Male,20,Mathematics,90.41,76.38,68.45,61.44,50.65,0.29,87.48,78.13,B,5.8,Yes,Yes,,High,2,5.4
S1059,Ahmed,Johnson,student59@university.com,Male,24,CS,73.19,90.75,65.29,81.24,52.55,1.75,98.89,73.6,F,10.1,No,No,Master's,Medium,8,5.2
S1060,John,Davis,student60@university.com,Female,20,Business,59.04,57.74,56.83,85.24,83.43,9.29,73.65,91.17,D,23.6,No,Yes,None,Low,9,9
S1061,Omar,Davis,student61@university.com,Male,19,CS,82.34,94.72,93.7,,79.49,6.06,57.93,88.6,B,22,No,Yes,,Low,3,4.8
S1062,Ahmed,Brown,student62@university.com,Female,22,Mathematics,99.64,84.62,59.93,60.36,78.78,4.26,98.85,68.32,A,21.2,Yes,Yes,PhD,Medium,5,8.9
S1063,Ali,Davis,student63@university.com,Male,22,CS,81.13,63.7,74.72,92.44,55.52,5.13,64.51,74.92,F,19.4,No,Yes,Bachelor's,Medium,4,8.6
S1064,Omar,Davis,student64@university.com,Male,20,Engineering,51.79,45.72,54.4,71.05,67.6,8.3,70.46,81.75,C,10,No,Yes,Master's,Low,10,7.6
S1065,Sara,Williams,student65@university.com,Female,24,Business,50.86,55.42,87.84,60.82,90.62,9.29,53.87,51.42,F,14.9,No,No,Master's,High,10,6.9
S1066,Maria,Williams,student66@university.com,Male,21,Engineering,66.02,97.41,86.45,77.13,58.75,7.3,55.54,62.38,A,17,No,Yes,Bachelor's,Low,8,4
S1067,Ali,Williams,student67@university.com,Male,18,CS,59.79,58.62,57.78,93.17,94.13,7.6,60.83,62.51,D,19.6,No,Yes,PhD,Low,8,7.2
S1068,Maria,Davis,student68@university.com,Male,23,Engineering,90.65,59.79,80.89,98.35,56.07,3.2,77.42,94.16,A,10,No,Yes,PhD,Low,5,7.9
S1069,Emma,Brown,student69@university.com,Male,24,Business,92.24,51.38,82.23,87.41,58.46,4.67,77.89,66.57,A,23.2,No,Yes,None,High,5,7.7
S1070,Sara,Jones,student70@university.com,Male,21,CS,62.93,88.41,73.75,50.28,73.89,8.85,80.31,77.26,B,12.7,No,Yes,High School,High,1,4.9
S1071,Sara,Jones,student71@university.com,Female,23,CS,66.28,56.54,76.04,56.74,97.26,7.86,79.19,91.58,C,21.5,No,Yes,High School,Low,5,6.7
S1072,Ali,Johnson,student72@university.com,Female,21,Engineering,61.81,59.82,74.47,53.81,66.48,6.84,74.76,62.98,B,17.8,Yes,No,PhD,Low,1,6.8
S1073,Sara,Jones,student73@university.com,Male,21,CS,95.42,64.86,44.91,55.06,82.91,0.65,90.1,56.19,A,19.8,Yes,Yes,Bachelor's,High,4,7.3
S1074,Ahmed,Jones,student74@university.com,Female,22,Engineering,75.13,66.02,80.22,69.15,79.43,0.4,96.69,97.42,A,15.3,No,Yes,,Low,7,8.2
S1075,Sara,Williams,student75@university.com,Female,18,CS,82.81,64.68,68.19,66.92,57.48,1.3,63.49,85.23,F,16.1,No,Yes,High School,Low,2,7.5
S1076,Maria,Williams,student76@university.com,Female,21,Engineering,70.77,70.22,66.31,,62.41,5.81,56.51,58.85,A,26.7,No,Yes,,High,1,4.7
S1077,Maria,Davis,student77@university.com,Male,20,CS,81.55,88.87,91.6,94.11,96.51,5.36,71.25,90.99,D,16.9,Yes,Yes,Bachelor's,High,2,4.1
S1078,Omar,Johnson,student78@university.com,Male,23,Engineering,69.29,89.16,41.39,80.77,59.24,9.43,51.32,89.36,A,24.8,No,Yes,Master's,Medium,7,4.7
S1079,Maria,Smith,student79@university.com,Male,24,CS,66.98,87.9,55.08,,84.75,6.95,94.17,91.88,A,14.9,No,Yes,Bachelor's,Low,3,4.2
S1080,Omar,Johnson,student80@university.com,Female,22,CS,81.72,46.07,47.28,,98.23,2.94,61.99,63.81,A,22.5,Yes,Yes,,High,5,6.2
S1081,Maria,Johnson,student81@university.com,Female,23,CS,,87.98,42.12,70.51,55.98,1.61,77.46,72.43,D,10.8,No,Yes,Master's,Low,1,5.4
S1082,Ahmed,Brown,student82@university.com,Male,20,Mathematics,,47.22,56.54,65.88,69.96,8.5,55.75,84.68,A,27.9,No,Yes,,Low,10,4
S1083,Liam,Davis,student83@university.com,Male,20,CS,57.47,47.48,99.31,71.92,61.2,4.6,77.66,69.53,D,29.2,No,Yes,Master's,Medium,10,4.4
S1084,Omar,Brown,student84@university.com,Female,21,Business,68.43,96.87,56.21,80.52,61.08,6.53,51.95,53.5,F,27.5,Yes,Yes,,High,10,6
S1085,John,Johnson,student85@university.com,Female,20,CS,70.76,89.16,79.82,74.65,55.95,5.65,88.44,56.82,C,13.7,No,Yes,None,Low,8,8.7
S1086,Emma,Johnson,student86@university.com,Male,18,CS,81.43,73.14,47.1,91.9,82.48,1.07,97.77,79.86,C,11.9,No,Yes,Master's,Medium,4,9
S1087,Ali,Johnson,student87@university.com,Female,20,Engineering,95.73,92.5,76.11,95.01,87.32,0.57,65.35,68.76,B,9.6,Yes,Yes,PhD,Medium,10,4.3
S1088,Maria,Jones,student88@university.com,Female,21,Engineering,,99.36,99.07,73.48,83.84,3.77,62.91,50.27,C,26.8,No,Yes,PhD,High,2,8.2
S1089,Sara,Brown,student89@university.com,Female,23,Mathematics,,76.64,57.51,61.99,96.23,3.62,72.4,88.34,F,8,No,Yes,Bachelor's,Medium,8,6.4
S1090,Liam,Johnson,student90@university.com,Female,20,Mathematics,59.69,76.77,90.88,97.26,57.28,6.74,81,70.84,C,21.1,No,Yes,PhD,Medium,10,7.1
S1091,Maria,Williams,student91@university.com,Female,22,Business,75.11,85.27,99.85,86.75,65.99,6.32,59.45,65.69,B,13.3,No,Yes,Bachelor's,Medium,5,6.5
S1092,Sara,Davis,student92@university.com,Female,24,Engineering,71.49,53.93,75.31,82.01,67.23,9.69,90.17,85.68,D,9.7,No,Yes,PhD,Medium,2,8.6
S1093,Emma,Davis,student93@university.com,Female,22,Engineering,86.45,50.03,58.56,87.27,61.6,8.58,59.93,72.76,A,9.6,No,Yes,High School,Low,9,6.4
S1094,Emma,Williams,student94@university.com,Male,22,CS,,85.57,80.41,,57.11,4.97,50.27,84.74,F,26.8,No,Yes,High School,High,6,4.8
S1095,Emma,Davis,student95@university.com,Male,23,Mathematics,79.72,60.69,90.69,53.38,74.34,5,76.21,50.66,D,26.5,Yes,Yes,High School,Medium,8,7.9
S1096,Sara,Jones,student96@university.com,Female,19,Engineering,94.19,48.1,50.28,57.66,91.72,6.74,55.76,50.47,A,11.8,No,Yes,High School,Medium,2,6.6
S1097,Maria,Jones,student97@university.com,Female,24,Engineering,95.53,58.89,67.15,57.37,97.73,1.14,84.91,78,A,5.8,Yes,Yes,,Medium,5,4.6
S1098,Emma,Smith,student98@university.com,Female,22,CS,97.94,61.52,59.15,71.03,56.47,10,58.37,99.11,B,26.7,No,Yes,PhD,Low,3,6.3
S1099,Ahmed,Smith,student99@university.com,Male,22,CS,88.66,97.91,57,57.87,91.16,5.19,90.87,63.62,B,6.4,No,Yes,Master's,Medium,8,7.4
S1100,Omar,Smith,student100@university.com,Male,19,Mathematics,95.3,81.88,91.65,92.73,91.23,9.1,73.52,84.14,A,7.1,No,No,Master's,Medium,1,5.5
S1101,Sara,Davis,student101@university.com,Female,23,CS,61.73,71.85,65.3,78.9,69.45,9.67,78.31,58.61,F,25.5,No,Yes,Master's,Low,9,8.6
S1102,Sara,Jones,student102@university.com,Male,24,Engineering,59.88,98.13,60.34,68.41,55.5,5.82,59.33,65.58,F,25.4,No,Yes,High School,Low,6,8.2
S1103,Maria,Jones,student103@university.com,Female,22,CS,50.32,94.19,76.21,53.48,99.5,1.03,57.33,53.9,D,10.1,No,Yes,,Medium,1,6.8
S1104,Sara,Jones,student104@university.com,Female,21,Business,85.34,70.72,53.16,79.55,82.78,5.73,81.56,94.04,A,6,No,Yes,PhD,Medium,3,4.3
S1105,Sara,Williams,student105@university.com,Female,23,CS,96.87,94.34,53.79,55.83,99.11,5.98,62.77,65.52,A,6.6,No,Yes,,High,8,6.9
S1106,Emma,Jones,student106@university.com,Female,24,Business,59.35,64.26,71.22,87.16,74.18,7.89,69.3,61.52,D,16.3,Yes,Yes,Bachelor's,Medium,8,6.1
S1107,Maria,Williams,student107@university.com,Female,22,CS,81.85,53.83,64.56,90.14,69.76,0.48,73.97,86.53,F,15.5,No,Yes,High School,Low,3,7.6
S1108,Emma,Smith,student108@university.com,Female,22,Business,87.32,53.96,57.7,77.2,62.36,4.66,61.48,59.97,A,9.6,No,Yes,None,Low,10,5.3
S1109,Omar,Smith,student109@university.com,Female,19,Business,96.38,79.74,43.24,57.48,99.18,9.23,89.77,62.01,B,27.7,Yes,Yes,None,Medium,8,7
S1110,Liam,Davis,student110@university.com,Male,24,CS,82.34,70.06,71.25,89.34,62.66,9.91,96.97,55.18,F,18.8,Yes,Yes,None,High,6,6.8
S1111,Omar,Smith,student111@university.com,Female,21,Engineering,98.51,79.54,89,65.39,51.19,1.91,71.59,98.14,B,25.2,No,Yes,PhD,Low,7,6.6
S1112,Liam,Davis,student112@university.com,Male,23,CS,67.23,81.16,91.08,61.13,75.62,8.71,95.88,62.38,B,7.6,No,Yes,Bachelor's,Medium,2,4.6
S1113,Emma,Johnson,student113@university.com,Female,20,CS,67.5,41.34,54.13,73.53,68.85,1.46,94.13,99.78,C,29.3,Yes,Yes,High School,Low,1,6.4
S1114,Omar,Johnson,student114@university.com,Female,18,Business,77.15,43.24,75.98,96.13,63.07,8.41,58.3,58.81,C,25.2,No,Yes,,Low,1,6.8
S1115,Maria,Brown,student115@university.com,Male,21,Engineering,69.18,71.96,91.35,64.87,81.73,2.77,58.67,51.03,B,12.2,No,Yes,,Medium,3,8.6
S1116,Ali,Davis,student116@university.com,Male,20,CS,50.07,51.46,64.52,95.28,68.21,9.6,73.87,94.78,D,5.5,Yes,Yes,Master's,Medium,7,6.3
S1117,Emma,Brown,student117@university.com,Female,21,CS,,77.95,95.93,52.68,70.11,6.95,76.29,79,B,9.1,No,Yes,High School,Low,9,7.2
S1118,Liam,Brown,student118@university.com,Male,24,CS,87.59,73.13,94.18,54.18,51.15,3.99,67.06,67.57,B,15.5,No,Yes,High School,High,2,6.8
S1119,Ahmed,Johnson,student119@university.com,Female,20,Business,87.35,75.15,52.49,84.93,79.45,2.81,65.65,75.67,A,5.1,No,Yes,None,Medium,6,5
S1120,Liam,Davis,student120@university.com,Female,24,CS,67.25,58.15,55.54,59.53,56.1,2.35,71.57,63.04,B,6,Yes,Yes,,Medium,8,4.9
S1121,Ahmed,Johnson,student121@university.com,Male,20,Mathematics,76.11,78.39,50.83,65.83,60.69,6.81,84.52,81.74,C,7.5,Yes,Yes,None,Medium,9,7.7
S1122,Sara,Brown,student122@university.com,Male,21,Mathematics,68,89.77,51.76,56.82,85.86,8.96,54.22,80.82,B,25.2,No,Yes,,Low,10,6.6
S1123,Omar,Davis,student123@university.com,Male,19,CS,50.8,99.88,94.47,66.61,65.66,7.55,85.53,54.01,D,18.7,Yes,Yes,PhD,High,3,8.5
S1124,Ahmed,Brown,student124@university.com,Male,21,CS,78.12,90.31,95.87,64.02,58.16,8.35,96.31,95.53,D,9.8,Yes,Yes,PhD,Medium,5,8.5
S1125,Liam,Jones,student125@university.com,Female,24,Business,56.19,73.45,43.11,86.82,78.87,7.81,88.18,73.03,C,11.6,No,Yes,Bachelor's,High,5,5.5
S1126,Sara,Davis,student126@university.com,Male,21,CS,54,51.61,75.62,85.1,60.75,9.79,59.58,59.76,F,21.1,Yes,Yes,,Low,8,4.5
S1127,Ali,Davis,student127@university.com,Male,20,CS,87.77,80.89,73.85,97.75,63.55,7.58,54.37,65.37,A,13,No,Yes,Bachelor's,High,1,5.7
S1128,Maria,Brown,student128@university.com,Male,18,CS,50.48,96.26,63.43,86.22,81.07,2.1,74.52,93.31,D,22.1,No,Yes,PhD,Low,3,4.3
S1129,Maria,Jones,student129@university.com,Male,20,Engineering,97.95,52.71,77.9,84.74,86.99,7.92,97.82,69.16,A,24.5,Yes,No,Master's,Low,6,7.9
S1130,Maria,Williams,student130@university.com,Male,22,Business,75.76,55.36,96.84,84.71,86.98,3.22,90.95,78.1,A,12.7,Yes,Yes,High School,Low,6,4.7
S1131,Ahmed,Johnson,student131@university.com,Female,21,CS,99.15,48.94,50.22,94.15,74.11,9.96,78.14,97.38,A,14.2,No,Yes,PhD,High,4,8.3
S1132,Ali,Brown,student132@university.com,Female,23,CS,52.9,84.2,47.22,64.81,72.71,3.77,57.15,82.59,D,6.3,No,Yes,,Low,5,6.1
S1133,Ahmed,Davis,student133@university.com,Male,21,Mathematics,79.18,64.39,42,,89.38,2.93,85.69,83.79,D,25.5,No,Yes,Master's,Medium,10,5.4
S1134,Omar,Johnson,student134@university.com,Male,19,Business,67.47,43.76,61.83,87.06,59.65,2.39,90.65,62.43,A,20.2,No,Yes,None,Low,3,6.5
S1135,Ahmed,Johnson,student135@university.com,Female,24,Engineering,92.17,92.5,60.26,61.44,57.61,6.59,96.75,83.41,A,27.2,No,Yes,Master's,Low,4,7
S1136,Ali,Johnson,student136@university.com,Male,23,Business,,73.46,65.85,95.6,83.23,1.09,80.61,69.69,F,9.7,Yes,Yes,PhD,Medium,10,7.5
S1137,Ali,Williams,student137@university.com,Female,20,Engineering,63.02,59.87,70.2,76.74,70.48,9.54,75.72,95.55,C,29,No,Yes,,High,10,5.7
S1138,Omar,Smith,student138@university.com,Female,19,Business,92.88,60.64,85.47,,85.5,2.94,80.96,56.48,A,22.7,No,Yes,,Low,1,8.9
S1139,Ali,Brown,student139@university.com,Male,21,CS,68.73,57.42,63.53,88.8,62.83,2.95,97.16,64.28,D,9.9,Yes,Yes,,Medium,6,6.1
S1140,Liam,Smith,student140@university.com,Female,20,CS,50.84,67.33,59.84,65.62,66.24,0.46,81.41,53.3,D,16.6,No,Yes,Bachelor's,Medium,5,8.2
S1141,Ali,Smith,student141@university.com,Male,20,Business,69.51,60.22,89.61,98.16,94.83,2.46,62.88,69.05,B,22.5,No,Yes,,Low,5,4.2
S1142,Maria,Smith,student142@university.com,Male,22,Engineering,82.73,72.88,90.99,,71.08,4.19,81.81,57.42,A,5.4,No,Yes,,High,4,7.9
S1143,Liam,Johnson,student143@university.com,Female,22,Mathematics,62.72,86.41,53.97,83.34,79.55,3.7,93.99,92.26,B,24.5,Yes,Yes,PhD,Medium,9,6.8
S1144,Liam,Jones,student144@university.com,Female,18,CS,71.6,80.47,58.88,55.68,55.33,2.73,78.35,96.25,D,28.7,No,Yes,Bachelor's,High,9,7.2
S1145,Omar,Johnson,student145@university.com,Male,22,Mathematics,52.84,57.67,89.51,63.16,58.94,0.41,75.13,83.47,F,7,No,Yes,None,Low,5,5.9
S1146,John,Johnson,student146@university.com,Female,24,Mathematics,79.4,71.72,44.76,75.77,51.79,3.01,86.67,55.17,F,27.5,No,Yes,Bachelor's,Low,7,6.7
S1147,John,Davis,student147@university.com,Male,23,CS,87.81,90.41,59.55,92.57,71.22,7.78,83.05,67.08,A,16.6,No,Yes,Bachelor's,Medium,3,8.7
S1148,Ali,Davis,student148@university.com,Female,20,Business,70.67,44.09,66.9,59.24,99.45,4.39,52.83,98.22,D,17.9,No,Yes,,High,1,5.9
S1149,Liam,Smith,student149@university.com,Female,22,Engineering,71.01,44.7,51.22,55.22,93.69,2.91,86.27,56.82,C,26,No,Yes,PhD,Low,1,4.5
S1150,John,Johnson,student150@university.com,Male,18,Mathematics,54.41,73.37,50.79,53.72,81.65,3.05,70.38,77.82,C,19.7,No,Yes,High School,Low,3,7.6
S1151,John,Smith,student151@university.com,Male,21,Engineering,60.1,78.35,65.49,75.35,93.05,5.54,97.04,67.65,A,13.8,No,Yes,PhD,Medium,3,6.5
S1152,Ali,Davis,student152@university.com,Male,23,Business,57.73,52.68,85.27,94.24,79.71,3.02,98.54,99.96,C,23.3,No,Yes,PhD,Low,5,6.1
S1153,John,Jones,student153@university.com,Female,22,Engineering,74.08,84.71,90.41,52.12,68.44,6.31,72.44,64.27,D,8.5,Yes,Yes,None,Medium,8,7.9
S1154,Ahmed,Brown,student154@university.com,Male,20,CS,76.46,78.78,98.75,60.62,58.68,9.89,98.44,52.39,A,21.7,No,Yes,None,Low,6,6.8
S1155,Sara,Smith,student155@university.com,Male,21,CS,,95.4,44.44,84.66,82.65,0.41,65.54,85.11,F,24.4,No,Yes,None,Medium,8,7.2
S1156,Omar,Jones,student156@university.com,Female,24,Engineering,53.66,50.14,53,91.29,59.65,1.69,84.13,66.34,D,13.4,No,Yes,High School,High,7,8.6
S1157,Sara,Brown,student157@university.com,Female,20,Business,79.99,85.08,85.4,90.37,70.87,1.79,53.75,82.88,B,29.3,No,Yes,Bachelor's,Low,1,4.3
S1158,Ali,Williams,student158@university.com,Male,21,Engineering,76.32,45.02,72.44,89.25,91.29,4.47,57.25,55.23,F,21,Yes,Yes,High School,High,10,5.3
S1159,Maria,Smith,student159@university.com,Male,24,Engineering,75.81,73.92,59.66,56.49,56.46,0.41,93.23,76.15,D,7.4,Yes,Yes,Bachelor's,Low,8,8.5
S1160,Omar,Smith,student160@university.com,Male,24,CS,93.66,73.11,52.34,69.86,56.45,4.78,94.69,68.76,A,29.2,No,Yes,High School,Medium,1,8
S1161,Ali,Williams,student161@university.com,Male,23,Engineering,60.28,63.3,56.83,99.24,61.22,9.29,76.63,76.84,C,23.6,No,Yes,,Low,5,4.9
S1162,Liam,Williams,student162@university.com,Female,20,CS,52.04,90.67,65.76,99.44,77.6,0.12,66.99,92.67,D,22.4,Yes,Yes,PhD,Low,3,4.8
S1163,Maria,Smith,student163@university.com,Female,22,Business,83.61,40.26,50.63,,62.59,3.65,72.55,98.64,A,11.3,No,Yes,Bachelor's,Medium,7,8.1
S1164,Sara,Williams,student164@university.com,Male,22,Mathematics,,71.21,97.85,85.46,75.16,7.61,93.48,87.66,F,16.8,No,Yes,Bachelor's,Medium,5,6.8
S1165,Ali,Johnson,student165@university.com,Male,18,Engineering,50.88,53.03,46.46,97.56,65.1,1.54,60.55,88.34,D,27.5,No,Yes,Bachelor's,Medium,2,8.3
S1166,Liam,Brown,student166@university.com,Male,21,CS,62.57,84.61,99.13,72.5,75.31,0.78,64.74,76.45,C,12.7,No,Yes,Master's,Low,1,8.6
S1167,Omar,Brown,student167@university.com,Female,18,CS,65.47,42.58,90.51,56.84,63.88,6.31,89.27,54.87,A,15.6,Yes,Yes,None,Medium,10,4.3
S1168,Omar,Brown,student168@university.com,Male,19,Engineering,80.84,89.89,65.39,83.45,99,0.1,96.76,83.35,A,11.4,Yes,Yes,Master's,Low,6,8.8
S1169,Emma,Johnson,student169@university.com,Male,22,Engineering,58.63,90.29,84.39,98.01,74.64,8.02,54.65,57.39,D,10.4,No,Yes,,Low,6,7.6
S1170,Liam,Williams,student170@university.com,Female,21,Business,70.65,89.97,80.29,84.86,87.18,0.67,90.19,62.28,D,6.1,No,Yes,,Medium,8,8.2
S1171,Ahmed,Jones,student171@university.com,Female,23,CS,74.12,49.15,52.8,90.17,85.03,5.24,82.25,85.38,C,23.4,No,Yes,PhD,High,9,7.2
S1172,John,Williams,student172@university.com,Male,18,Business,72.96,77.82,60.34,,74.53,7.4,61.54,82.85,F,7.3,No,Yes,Bachelor's,Medium,2,5.5
S1173,Maria,Smith,student173@university.com,Male,23,Engineering,98.7,40.86,70.79,54.82,61.94,2.42,87.79,65.72,B,18.3,No,Yes,,Low,5,7
S1174,Liam,Davis,student174@university.com,Female,23,CS,,90.88,78.27,58.44,75.54,1.04,86.4,88.6,C,6.2,Yes,Yes,Bachelor's,High,5,6.6
S1175,Emma,Brown,student175@university.com,Male,23,Engineering,97.55,83.38,72.57,99.13,84.05,1.76,57.1,96.97,A,29.6,Yes,Yes,Master's,Low,10,8.7
S1176,John,Williams,student176@university.com,Male,18,CS,79.1,71.87,68.38,74.66,73,8.55,75.11,77.26,F,22.7,Yes,Yes,None,Medium,8,6.8
S1177,John,Jones,student177@university.com,Female,19,Engineering,89.79,83.84,66.59,50.6,54.1,7.06,87.91,83.88,A,20.8,No,Yes,,Low,9,4.1
S1178,Ali,Smith,student178@university.com,Female,24,Business,71.52,45.66,69.9,97.77,50.9,1.98,59.58,63.59,B,9.7,No,No,Master's,Medium,5,7.4
S1179,John,Johnson,student179@university.com,Female,24,Engineering,72.69,71.72,66.06,74.89,66.39,7.16,73.14,98.54,F,18.2,No,Yes,,Low,5,4.3
S1180,Ahmed,Johnson,student180@university.com,Male,18,Business,93.97,57.48,72.48,91.81,57.51,7.09,56.04,63.69,A,17.6,Yes,Yes,PhD,Medium,3,8.7
S1181,Omar,Jones,student181@university.com,Female,24,Engineering,94.8,98.36,93.28,77.42,95.31,9.98,65.34,94.37,A,14,No,No,None,Medium,6,6.4
S1182,Emma,Smith,student182@university.com,Female,20,CS,61.93,91.43,77.97,55.09,58.79,3.92,60.9,96.39,A,8.9,Yes,No,PhD,High,7,8.8
S1183,John,Brown,student183@university.com,Male,24,Engineering,59.96,84,83.36,80.78,69.71,8.65,75.25,85.98,C,14.2,No,Yes,Bachelor's,Low,3,4.1
S1184,Ali,Williams,student184@university.com,Male,22,Engineering,74.81,96.02,75.85,,85.6,4.46,57.06,90.58,D,20.2,No,Yes,Master's,Low,2,6.7
S1185,Ahmed,Smith,student185@university.com,Female,18,CS,95.01,60.81,78.58,51.74,90.77,8.98,69.16,72.89,A,17.2,Yes,No,,Low,2,5.1
S1186,Sara,Johnson,student186@university.com,Female,24,CS,66.12,94.05,74.7,92.09,73.89,0.92,63.76,95.98,A,19.3,No,Yes,None,High,9,7.2
S1187,Omar,Jones,student187@university.com,Male,18,Engineering,82.6,59.51,41.61,61.77,59.06,1.75,87.3,87.13,F,19.3,No,No,None,High,6,6.5
S1188,Omar,Jones,student188@university.com,Male,19,CS,85.41,83.97,99.98,69.69,63.54,8.5,84.98,66.34,A,11.1,No,No,Master's,Low,2,6.8
S1189,Emma,Williams,student189@university.com,Female,20,CS,88.93,84.19,42.02,68.64,70.95,8.19,54.75,51.75,A,7.8,Yes,No,High School,Low,5,5.8
S1190,Omar,Jones,student190@university.com,Female,18,Engineering,78.2,41.1,63.71,,68.23,3.05,97.67,77.04,F,18,Yes,No,Master's,Medium,7,4.3
S1191,John,Jones,student191@university.com,Male,22,CS,70.12,61.66,46.31,75.22,67.43,5.97,87.23,92.03,F,27.3,No,Yes,,Medium,1,4.5
S1192,Ali,Smith,student192@university.com,Female,24,Mathematics,98.35,41.17,45.82,72.36,56.59,3.83,80.8,93.03,B,29.9,Yes,Yes,,Low,8,8.3
S1193,Omar,Brown,student193@university.com,Male,22,CS,80.57,99.83,87.61,,95.67,0.1,73.89,91.76,F,24.6,No,Yes,,Medium,6,7.5
S1194,Omar,Williams,student194@university.com,Female,24,Business,86.43,47.33,65.56,52.45,51.49,0.26,58.9,60.74,A,10.5,No,Yes,Master's,Low,1,7.8
S1195,Sara,Smith,student195@university.com,Male,18,Engineering,67.25,72.57,88.07,54.32,72,0.54,98.1,71.31,C,20.8,No,Yes,PhD,Low,8,4.6
S1196,Sara,Brown,student196@university.com,Male,23,Business,83.5,87.43,56.37,51.08,99.02,5.94,50.39,80.69,C,11,No,Yes,None,Medium,5,4.2
S1197,Maria,Smith,student197@university.com,Female,24,CS,62.89,52.08,55.39,84.4,82.99,2.79,84.62,83.38,D,19.4,No,Yes,Master's,High,7,4.1
S1198,Ahmed,Davis,student198@university.com,Female,23,Mathematics,62.25,69.1,55.07,76.28,67.77,1.44,75.37,66.73,D,17,No,Yes,High School,High,10,6.6
S1199,John,Smith,student199@university.com,Male,20,Engineering,85.74,76.45,76.97,93.8,57.3,9.41,95.13,84.63,A,14.5,Yes,Yes,Bachelor's,Medium,4,6.5
S1200,Omar,Jones,student200@university.com,Female,22,Business,76.07,49.61,88.9,74.93,98.19,1.21,69.03,79.54,C,21,Yes,Yes,PhD,High,2,4.6
S1201,Liam,Brown,student201@university.com,Female,23,CS,84.16,86.71,67.14,61.09,50.7,6.74,75.93,78.34,C,26.4,No,Yes,PhD,Low,8,5.7
S1202,Omar,Williams,student202@university.com,Female,22,CS,63.47,57.96,62.75,90.26,84.07,8.94,87.12,83.15,B,13.4,No,Yes,Master's,Low,4,6.7
S1203,Ali,Williams,student203@university.com,Male,24,Engineering,79.94,52.66,98.41,64.72,94.01,1.64,52.38,80.17,A,17.2,No,Yes,Bachelor's,Low,8,7.4
S1204,Maria,Brown,student204@university.com,Female,24,CS,72.2,73.5,47.01,96.78,51.26,2.15,52.72,58.34,C,16.4,No,Yes,Bachelor's,Low,9,8
S1205,Ahmed,Jones,student205@university.com,Female,20,Engineering,79.85,64.62,69.2,62.52,86.26,5.74,60.58,93.72,C,11.2,No,Yes,None,Medium,4,7.2
S1206,Liam,Johnson,student206@university.com,Male,24,CS,64.54,95.22,64.51,58.39,99.94,5.08,57.32,62.03,D,15.5,No,Yes,Master's,Low,8,4.2
S1207,Maria,Smith,student207@university.com,Female,20,Engineering,85.77,92.8,45.89,74.67,81.98,5.21,50.32,87.22,B,5.5,No,Yes,PhD,Medium,4,6.9
S1208,Emma,Jones,student208@university.com,Female,23,Mathematics,90.3,69,56.09,52.53,70.73,5.55,81.15,58.82,B,17.9,No,Yes,,Medium,8,4.4
S1209,Ahmed,Davis,student209@university.com,Male,24,Engineering,63,61.56,41.71,51.82,93.72,9.5,89.8,83.05,D,23,Yes,Yes,PhD,High,1,6.8
S1210,Omar,Brown,student210@university.com,Male,18,Business,65.03,59.53,92.62,74.8,77.71,0.54,97.86,94.78,C,14.2,No,Yes,None,Medium,2,5.9
S1211,Omar,Smith,student211@university.com,Female,21,Engineering,83.06,56.05,76.47,60.76,87.47,7.6,72.05,50.49,F,23.7,Yes,Yes,Master's,Low,10,5.4
S1212,Ahmed,Williams,student212@university.com,Female,19,Engineering,,72.67,88.9,50.47,79.39,2.33,63.99,98.98,B,23.8,No,No,None,Medium,3,6.4
S1213,Omar,Johnson,student213@university.com,Male,21,Mathematics,85.2,88.3,71.29,64.8,51.91,3.74,93.2,51.48,A,29.6,Yes,Yes,None,Medium,2,5.9
S1214,John,Davis,student214@university.com,Male,21,Business,84.13,58.65,75.97,73.87,60.66,0.89,92.22,50.57,A,18.6,No,Yes,,Medium,10,8.2
S1215,Ahmed,Williams,student215@university.com,Female,22,Business,69.64,51.41,82.05,69.71,53.94,4.46,81.24,92.88,B,15.1,No,Yes,Bachelor's,Low,8,5.1
S1216,Maria,Brown,student216@university.com,Female,20,CS,69.74,68.53,94.48,56.77,55.33,8.04,63.66,85.44,D,21,Yes,Yes,PhD,Low,10,4.7
S1217,Ahmed,Smith,student217@university.com,Female,22,Engineering,62.74,44.14,45.51,78.98,50.77,0.99,95.43,55.29,B,20.7,Yes,Yes,,Low,9,8.2
S1218,Liam,Brown,student218@university.com,Male,23,CS,57.84,82.08,59.86,,71.06,2.76,58.92,96.87,C,29.7,No,Yes,Master's,Low,9,5.2
S1219,Omar,Smith,student219@university.com,Female,19,Engineering,,71.1,82.54,83.78,58.93,3.73,52.18,83.6,A,22.7,No,Yes,Master's,Low,1,4.2
S1220,John,Jones,student220@university.com,Male,23,Engineering,54.66,69.78,97.5,69.69,92.78,1.04,89.83,55.55,F,12.7,No,Yes,None,Low,9,5.9
S1221,John,Johnson,student221@university.com,Male,18,Business,96.89,58.03,98.85,56.88,87.5,7.62,78.18,93.03,A,9.7,No,Yes,PhD,High,8,8.1
S1222,Emma,Jones,student222@university.com,Male,19,Business,91.33,94.28,78.29,74.97,78.66,7.87,62.32,74.05,A,24.8,Yes,Yes,,Low,8,6.2
S1223,Maria,Jones,student223@university.com,Female,22,Engineering,92.88,45.43,51.62,94.52,74.45,8.36,83.54,63.91,B,9.5,No,No,None,Medium,3,6.4
S1224,Sara,Brown,student224@university.com,Female,24,CS,95.33,92.19,47.15,73.44,62.79,5.84,88.34,91.25,A,20.7,Yes,Yes,PhD,Medium,8,4.2
S1225,Sara,Johnson,student225@university.com,Female,24,Business,70.43,62.6,96.76,59.78,73.75,5.07,92.23,86.92,B,8.3,No,Yes,Master's,Medium,2,7.6
S1226,Ahmed,Smith,student226@university.com,Male,22,CS,92.34,92.84,66.04,54.65,82.06,2.63,64.11,81.15,B,23,Yes,Yes,,Low,2,5.7
S1227,Emma,Smith,student227@university.com,Female,23,Engineering,,83.73,51.69,97.2,89.11,6.55,51.28,94.93,B,24.6,No,No,None,Medium,4,7.6
S1228,Ali,Davis,student228@university.com,Male,22,CS,51.08,46.25,96.03,87.15,54.08,4.45,75.5,93.06,D,29.8,No,Yes,Master's,Medium,7,6.1
S1229,Ahmed,Williams,student229@university.com,Male,22,CS,89.24,89.89,46.27,,85.42,9.71,92.8,61.34,B,28.9,No,Yes,High School,High,4,6.6
S1230,Emma,Davis,student230@university.com,Male,21,Mathematics,53.74,80.93,83.77,64.77,87.14,9.68,60.39,93.93,D,22.8,No,Yes,None,Low,2,6.9
S1231,Maria,Davis,student231@university.com,Male,18,CS,99.43,41.94,77.52,94.76,77.95,9.05,71.06,68.7,B,11.9,No,Yes,Master's,Medium,5,5
S1232,Maria,Smith,student232@university.com,Male,24,Engineering,83.74,48.02,45.26,58.88,60.72,3.6,62.82,71.59,C,6.1,No,Yes,,High,8,5.5
S1233,Maria,Brown,student233@university.com,Male,21,CS,87.67,78.14,60.32,76.75,76.96,3.68,50.67,98.62,A,18.9,Yes,Yes,Bachelor's,Low,7,6.9
S1234,Maria,Jones,student234@university.com,Female,22,Mathematics,62.29,79.76,49,85.68,75.14,8.53,94.93,87.99,D,24.1,No,Yes,High School,Medium,7,8.1
S1235,Maria,Jones,student235@university.com,Male,20,Business,83.69,84.8,76.27,69.82,73.79,7.29,56.75,66.07,D,5.3,No,Yes,,Low,9,8.8
S1236,Emma,Jones,student236@university.com,Female,21,CS,52.16,83.21,68.63,52,73.03,7.04,88.34,82.4,D,18.1,No,Yes,PhD,Low,5,6.6
S1237,Emma,Johnson,student237@university.com,Male,22,CS,91.89,79.57,40.26,61.39,55.54,2.8,67.33,76.97,B,27.1,Yes,Yes,None,High,4,4.4
S1238,John,Smith,student238@university.com,Female,24,Engineering,,85.97,98.54,95.09,59.14,8.33,63.88,55.83,B,20.9,No,No,,Low,10,8.8
S1239,Liam,Brown,student239@university.com,Female,22,CS,84.87,74.51,60.98,,54.87,5.79,97.05,94.39,F,22.1,No,Yes,Bachelor's,Medium,9,6.1
S1240,Sara,Johnson,student240@university.com,Female,18,Engineering,61.22,55.65,55.49,90.77,62.12,4.47,82.86,91.09,F,16.9,No,Yes,,Medium,1,4.5
S1241,Omar,Williams,student241@university.com,Female,23,CS,53.42,94.74,53.35,77.78,63.17,8.65,84.35,88.89,D,28.6,No,Yes,None,Low,6,8.9
S1242,Maria,Brown,student242@university.com,Male,19,CS,74.07,41.09,49.53,97.18,62.25,3.94,87.98,77.96,D,14.4,Yes,Yes,PhD,High,3,5.4
S1243,Ali,Davis,student243@university.com,Male,21,Engineering,58.46,61.99,99.95,,60.55,6.54,67.05,61.04,F,14.5,No,Yes,High School,Low,6,7.3
S1244,Omar,Brown,student244@university.com,Male,21,CS,86.47,83.73,57.71,,86.77,4.66,78.18,94.19,B,17.9,No,No,High School,Low,7,4.7
S1245,Emma,Brown,student245@university.com,Male,21,Business,61.88,65.63,64.33,65.91,90.93,5.93,63.51,67.65,B,19.6,No,No,Bachelor's,Low,1,7.6
S1246,Ali,Jones,student246@university.com,Female,22,CS,67.12,41.49,92.28,80.08,66.36,0.41,91.73,51.01,C,18.4,Yes,Yes,None,Medium,6,8.9
S1247,Ali,Brown,student247@university.com,Female,18,CS,78.37,43.96,78.51,83.74,65.26,4.61,79.97,99.09,B,25.5,No,Yes,High School,Low,8,8.9
S1248,Ali,Davis,student248@university.com,Female,22,Mathematics,64.25,78.92,62.12,,92.2,5.56,62.17,93.06,B,25.9,Yes,Yes,Bachelor's,Medium,5,4.6
S1249,John,Davis,student249@university.com,Male,22,Engineering,,97.89,93.9,91.11,81.2,4.93,94.99,81.13,B,8.3,No,Yes,PhD,Medium,5,7.8
S1250,Emma,Smith,student250@university.com,Female,23,Business,90.78,73.11,84.98,59.17,64.67,8.47,79.04,50.62,A,19.9,No,Yes,,Low,7,7.3
S1251,Ali,Brown,student251@university.com,Male,20,CS,58.96,70.41,53.67,,85.68,3.11,74.75,61.39,D,29.6,No,Yes,Bachelor's,Medium,8,8
S1252,Maria,Jones,student252@university.com,Female,18,Engineering,54.11,59.1,78.62,84.32,67.23,8.84,51.72,72.6,C,20,No,Yes,Bachelor's,Medium,7,5.7
S1253,Ahmed,Brown,student253@university.com,Female,21,Business,66.42,55.4,95.34,,79.33,4.03,95.49,81.4,C,22.2,No,Yes,None,High,3,6
S1254,Ali,Williams,student254@university.com,Female,19,CS,71.22,41.26,69.79,71.99,99.63,6.95,97.61,85.41,C,26.5,Yes,Yes,Bachelor's,High,6,5.7
S1255,John,Williams,student255@university.com,Female,21,Business,77.13,56.38,84.02,98.19,65.08,0.87,78.13,89.41,C,26.7,No,Yes,PhD,High,9,7.8
S1256,Omar,Jones,student256@university.com,Female,22,Engineering,68.62,66.95,98.27,81.29,96.53,2,72.13,77.78,A,5.4,No,No,High School,Low,2,8
S1257,Emma,Smith,student257@university.com,Male,18,CS,89.5,51.88,81.42,97.45,66.03,7.61,67.98,82.81,A,11,No,Yes,,Medium,9,5.2
S1258,Liam,Smith,student258@university.com,Female,24,Engineering,51.97,45.24,46.15,86.12,77.01,0.12,63.4,90.56,D,26.6,No,Yes,,Medium,3,6.9
S1259,John,Davis,student259@university.com,Male,18,Engineering,71.59,83.06,54.67,86.23,73,9.69,78.73,85.99,C,21.7,No,Yes,Master's,Low,3,4.6
S1260,Ali,Davis,student260@university.com,Male,18,CS,69.11,93.68,75.71,79.59,89.16,1.91,56.4,97.74,A,20.8,No,Yes,Bachelor's,High,10,4.1
S1261,Emma,Johnson,student261@university.com,Male,20,Engineering,82.38,96.21,56.53,57.11,53.05,9.01,95.96,93.73,F,26.5,Yes,Yes,None,Low,2,7.1
S1262,Ahmed,Jones,student262@university.com,Male,21,CS,98.31,77.08,97.45,,81.36,5.16,58.8,58.47,A,25.2,No,Yes,PhD,Medium,3,8.2
S1263,Ali,Brown,student263@university.com,Male,20,Engineering,75.52,43.17,64.32,62.63,88.03,5.65,87.28,97.37,C,23.8,Yes,Yes,Master's,Low,7,8.5
S1264,John,Jones,student264@university.com,Male,24,Business,99.34,84.45,67.43,99.93,73.61,0.84,65.34,60.21,B,6.2,No,Yes,,Medium,3,7.1
S1265,Sara,Johnson,student265@university.com,Male,24,Engineering,65.11,46.61,82.1,63.35,55.26,3.65,61.3,99.56,F,24.5,No,Yes,PhD,Medium,1,8
S1266,Maria,Davis,student266@university.com,Male,23,Mathematics,51.54,80.18,71.45,61.53,62.24,1.56,77.89,85.07,D,10,Yes,Yes,PhD,High,4,6
S1267,Liam,Jones,student267@university.com,Female,19,CS,58.28,86.76,62.93,81.19,83.98,5.26,88.26,81.38,F,5.7,No,Yes,,Medium,7,8.4
S1268,Omar,Jones,student268@university.com,Female,23,Engineering,69.76,83.55,44.6,75.55,94.77,5.51,86.34,66.22,B,17.3,No,Yes,,Medium,6,7.9
S1269,John,Davis,student269@university.com,Male,22,Business,,97.11,75.79,51.07,71.08,7.1,61.69,56.66,B,28.6,No,No,None,Medium,10,5.5
S1270,Emma,Johnson,student270@university.com,Male,20,Engineering,,84.29,92.05,56.48,78.02,8.78,66.53,56.31,C,27.2,No,Yes,PhD,High,3,7
S1271,Liam,Davis,student271@university.com,Male,20,Engineering,71.63,81.59,81.15,90.55,61.42,4.68,93.44,93.33,B,29.6,Yes,Yes,None,Low,1,4.3
S1272,Liam,Smith,student272@university.com,Female,23,CS,66.91,55.7,62.89,74.18,70.61,2.33,86.16,71.62,F,11.2,No,Yes,PhD,Medium,8,4.7
S1273,Liam,Brown,student273@university.com,Female,22,CS,,95.49,47.66,57.3,66.84,3.34,85.63,77.99,F,22.4,Yes,Yes,Bachelor's,Low,2,8.7
S1274,Ali,Davis,student274@university.com,Male,18,CS,64.81,50.77,88.98,73.26,82.78,8.47,63.45,96.59,B,6.4,Yes,No,PhD,Medium,5,4
S1275,Maria,Johnson,student275@university.com,Male,22,Mathematics,94.32,94.29,96.5,62.66,99.23,1.46,89.6,62.77,B,25.1,No,Yes,None,Low,3,5
S1276,Ali,Williams,student276@university.com,Female,21,CS,,58.76,63.3,61.18,90.67,6.27,67.92,88.2,F,18.1,No,Yes,,Low,4,4.7
S1277,Emma,Smith,student277@university.com,Female,23,Business,85.7,47.81,83.72,97.89,59.61,0.13,70.07,73.52,B,29.9,No,Yes,Master's,High,3,7.5
S1278,Ali,Williams,student278@university.com,Male,22,Engineering,80.6,89.6,64.65,68.1,78.88,2.46,64.38,60.64,C,11,No,Yes,High School,Medium,3,4.5
S1279,Sara,Davis,student279@university.com,Male,18,CS,71.36,40.15,70.14,52.32,53.32,5.91,56.07,92.65,D,24.6,No,Yes,,High,3,4.1
S1280,Maria,Smith,student280@university.com,Male,22,Engineering,61.95,89.93,90.19,98.52,62.35,4.56,71.02,84,F,9.3,Yes,Yes,,Medium,10,8.7
S1281,Maria,Brown,student281@university.com,Male,20,Business,68.45,55.74,45.01,89.74,58.61,4.94,50.85,54.75,D,12.2,Yes,Yes,Bachelor's,Medium,8,8.4
S1282,Emma,Davis,student282@university.com,Female,19,Business,79.61,93.08,71.82,62.72,66.78,6.61,72.8,77.09,D,12.4,Yes,Yes,High School,Medium,1,5.8
S1283,Omar,Brown,student283@university.com,Female,20,CS,,81.49,52.88,70.44,83.94,2.35,86.25,92.59,F,19.4,No,Yes,,Low,2,4.5
S1284,Sara,Jones,student284@university.com,Male,24,CS,60.74,79.97,60.39,93.11,74.97,2.81,98.04,53.35,C,14.1,Yes,Yes,Master's,Low,2,7.4
S1285,John,Williams,student285@university.com,Male,19,CS,55.82,61.92,78.67,67.87,96.65,6.84,53.93,70.81,F,16,No,Yes,Bachelor's,Medium,9,8.4
S1286,Ali,Smith,student286@university.com,Male,24,CS,,43.56,41.63,78.37,60.64,5.38,64.06,90.26,A,18,No,Yes,Master's,Medium,7,8.9
S1287,Ahmed,Brown,student287@university.com,Female,22,Engineering,72.02,89.8,75.63,76.74,68.21,0.15,74.71,92.92,B,6.4,Yes,No,,High,10,4.7
S1288,Ali,Johnson,student288@university.com,Male,21,Business,81.26,50.25,57.01,70.06,66.49,6.7,58.52,88.77,A,21.6,Yes,Yes,PhD,Low,7,7
S1289,Liam,Brown,student289@university.com,Male,22,CS,74.52,62.34,80.17,81.98,61.8,6.2,55.84,65.29,F,21.2,No,Yes,Bachelor's,Medium,8,6.2
S1290,Ali,Johnson,student290@university.com,Male,18,Business,93.63,76.02,48.49,73.66,99.66,0.79,72.62,75.35,B,29.1,Yes,Yes,High School,Low,2,4.8
S1291,John,Davis,student291@university.com,Female,22,Engineering,77.35,68.94,84.15,51.06,69.36,7.48,79.04,87.06,B,8.3,No,Yes,High School,Medium,10,8
S1292,Ali,Smith,student292@university.com,Male,19,CS,74.04,51.92,78.74,90.72,97.03,5.22,91.01,57.63,A,5.8,No,Yes,High School,Medium,1,7.9
S1293,Sara,Brown,student293@university.com,Female,20,CS,96.23,48.44,98.27,55.66,69.52,2.05,99.89,79.75,B,8.3,Yes,Yes,,Low,6,8.8
S1294,Sara,Brown,student294@university.com,Male,21,Business,,47.39,94.67,73.2,60.2,5.59,88.71,86.02,F,15.6,Yes,Yes,Master's,Medium,3,4.4
S1295,Maria,Smith,student295@university.com,Male,24,Business,55.58,91.78,57,79,55.96,5.95,61.07,92.5,D,10.3,Yes,Yes,PhD,Medium,2,5.2
S1296,Emma,Brown,student296@university.com,Male,22,Engineering,58.89,41.89,41.64,85.28,92.78,9.2,87.4,55.58,C,10.4,No,Yes,Master's,Medium,3,8.1
S1297,Omar,Johnson,student297@university.com,Female,22,CS,89.36,98.62,79.32,70.54,51.6,7.42,76.86,66.48,A,26.7,No,No,PhD,Medium,4,6
S1298,Ahmed,Brown,student298@university.com,Male,20,CS,91.79,51.91,76.17,86.78,98.22,3.02,72.54,77.08,A,13.1,No,Yes,Bachelor's,Low,5,6.4
S1299,Liam,Williams,student299@university.com,Male,21,CS,77.26,46.62,41.65,56.57,70.91,1.18,96.79,85.05,A,15.4,Yes,Yes,None,High,10,7.1
S1300,Ali,Davis,student300@university.com,Female,23,Engineering,77.72,74.62,47.36,82.67,62.37,8.53,85.1,86.5,B,22.1,No,Yes,High School,High,10,6
S1301,Ali,Jones,student301@university.com,Female,24,Business,81.6,44.8,75.08,91.32,80.87,8.46,84.08,62.66,C,13.5,No,Yes,High School,Medium,4,4.2
S1302,John,Johnson,student302@university.com,Female,22,CS,71.96,76.15,94.71,94.47,56.65,1.75,50.59,50.69,C,18.9,Yes,Yes,PhD,Medium,8,7
S1303,Emma,Williams,student303@university.com,Male,22,Business,84.01,91.04,94.39,,53.61,0.62,93.25,84.69,B,18.1,No,Yes,Master's,Low,6,5.1
S1304,Sara,Davis,student304@university.com,Female,23,Engineering,55.42,42.87,49.09,65.64,91.39,7.12,89.67,95.46,D,11.5,No,Yes,Bachelor's,Low,7,8.8
S1305,Ahmed,Smith,student305@university.com,Male,24,Engineering,98.06,87.99,63.07,58.17,71.23,7.23,64.95,89.88,A,22.9,Yes,No,PhD,Medium,4,7.5
S1306,Maria,Johnson,student306@university.com,Female,19,Mathematics,87.51,63.67,42.59,67.28,75.91,1.77,64.61,81.12,B,25.9,No,Yes,High School,Low,7,8.2
S1307,Sara,Jones,student307@university.com,Female,19,CS,81.56,49.57,68.16,77,58.83,6.68,52.67,98.88,D,24.6,Yes,Yes,PhD,Low,5,8.8
S1308,Liam,Davis,student308@university.com,Female,18,Mathematics,65.82,50.57,85.19,59.82,53.07,2.79,52.54,71.66,B,14.9,Yes,Yes,None,Medium,2,4.3
S1309,Emma,Jones,student309@university.com,Male,20,CS,58.05,95.13,87.4,97.63,68.39,2.61,83.43,76.25,C,28.3,No,Yes,None,Low,9,4.7
S1310,Liam,Smith,student310@university.com,Male,21,CS,70.47,46.64,69.94,94.86,75.31,3.25,59.31,50.61,C,27.5,No,Yes,None,Low,2,8
S1311,Omar,Smith,student311@university.com,Male,22,Business,83.08,92.01,45.75,51.65,88.27,5.2,96.18,97.3,F,11.7,No,Yes,,Low,2,8.4
S1312,Maria,Johnson,student312@university.com,Male,24,Mathematics,,72.65,62.88,78.1,75.05,8.04,92.12,79.17,F,8.1,No,Yes,None,Medium,3,4
S1313,Omar,Brown,student313@university.com,Male,22,Engineering,69.13,42.34,95.93,89.47,89.13,4.99,67.44,69.54,D,27.3,No,Yes,Bachelor's,Medium,4,8.7
S1314,John,Smith,student314@university.com,Male,18,Engineering,80.66,67.87,53.78,62.27,55.77,2.98,69,52.23,B,23.6,Yes,Yes,PhD,Low,7,6.3
S1315,Liam,Davis,student315@university.com,Male,24,Business,90.69,89.05,59.19,76.19,53.2,8.84,66.36,68.12,A,12.8,No,Yes,Bachelor's,Medium,5,6.3
S1316,John,Brown,student316@university.com,Male,24,Business,51.31,83.57,84.81,70.3,57.94,0.55,54.62,50.18,F,12.6,No,Yes,High School,Low,7,8.4
S1317,Ali,Williams,student317@university.com,Male,22,CS,72.53,69.33,84.01,59.83,88.6,7.97,51.57,66.22,B,13.1,No,Yes,Master's,Low,1,5.4
S1318,Omar,Jones,student318@university.com,Female,20,Business,,91.6,94.73,80.74,87.97,7.84,72.61,97.57,C,26.5,No,Yes,None,Low,4,6.9
S1319,Emma,Brown,student319@university.com,Female,18,Engineering,77.31,47.22,63.29,99.68,57.07,2.54,97.15,57.71,B,11,No,Yes,Master's,Low,2,5.7
S1320,Liam,Jones,student320@university.com,Male,20,Engineering,82.57,94.6,70.88,68.26,51.55,1.98,95.86,77.27,D,21.3,No,Yes,PhD,Low,6,4.6
S1321,Ahmed,Brown,student321@university.com,Male,18,Engineering,75.83,90.79,68.04,77.62,84.26,8.75,90.49,59.33,A,25.9,No,Yes,Bachelor's,High,2,5.8
S1322,Maria,Williams,student322@university.com,Male,22,Engineering,99.59,82.5,95.67,66.39,92.76,5.59,81.43,89.17,A,14.7,Yes,Yes,,High,4,4.9
S1323,Sara,Smith,student323@university.com,Male,18,Mathematics,52.73,89.07,86.16,93.85,87.71,0.46,92.81,78.12,C,6.5,Yes,Yes,Master's,Medium,5,6.6
S1324,Emma,Williams,student324@university.com,Female,19,Engineering,74.55,72.63,89.89,,60.14,8.91,75.75,60.11,C,24,No,Yes,PhD,Low,8,6.6
S1325,Emma,Smith,student325@university.com,Female,24,Mathematics,54.57,80.51,47.99,58.94,79.19,3.49,59.01,93.31,C,5.5,No,Yes,Master's,Medium,5,6.2
S1326,John,Smith,student326@university.com,Male,21,CS,57.99,73.64,87.51,95,87.87,3.42,84.21,89.2,D,25.8,No,Yes,High School,Medium,2,4.9
S1327,Omar,Jones,student327@university.com,Female,22,Business,69.15,61.33,65.98,57.58,62.79,6.43,96.03,97.57,C,14,Yes,Yes,,Low,10,4.6
S1328,Liam,Davis,student328@university.com,Female,23,Business,57.78,74.13,41.4,54.77,76.39,6.61,50.98,50.03,D,25,No,Yes,None,Low,8,4.5
S1329,Liam,Williams,student329@university.com,Male,21,Engineering,98.18,55.45,43.61,82.65,65.72,3.53,62.57,72.86,A,18.6,No,Yes,Bachelor's,Medium,8,4.6
S1330,Ali,Brown,student330@university.com,Male,22,Engineering,97.34,66.42,80.67,69.3,61.28,1.43,63.27,99.99,B,14,Yes,Yes,PhD,Low,10,5.5
S1331,Ali,Williams,student331@university.com,Male,21,Engineering,66.81,56.85,62.32,76.54,98.48,5.52,54.95,90.56,C,27.5,Yes,Yes,PhD,Medium,1,4
S1332,Maria,Jones,student332@university.com,Male,19,Business,81.99,47.37,92.09,82.63,95.63,6.25,61.27,91.56,C,24.2,Yes,Yes,,Low,9,4.3
S1333,John,Smith,student333@university.com,Female,21,Business,76.69,59.31,84.06,52.64,72.28,8.6,69.2,81.06,D,7,No,Yes,PhD,Medium,8,6.4
S1334,Emma,Jones,student334@university.com,Male,18,CS,90.78,91.12,41.3,64.65,56.84,4.84,96.99,85.64,A,28.3,No,Yes,PhD,Medium,1,4.9
S1335,Liam,Johnson,student335@university.com,Female,21,Business,81.37,62.86,81.21,73.05,86.4,6.46,93.01,90.27,A,16.7,No,Yes,None,Medium,9,5.3
S1336,Ahmed,Johnson,student336@university.com,Male,22,Engineering,50.01,84.88,51.54,63.33,62.79,0.54,97.3,54.61,D,8.7,No,Yes,High School,Low,9,5.8
S1337,John,Brown,student337@university.com,Female,23,CS,88.16,50.51,65.35,52.45,58.43,8.95,56.03,84.63,A,24.3,No,Yes,High School,High,8,4.2
S1338,Maria,Jones,student338@university.com,Male,23,Business,87.34,65.47,77.48,54.33,69.08,3.27,51.4,90.77,A,17.9,No,Yes,Bachelor's,Low,10,5.1
S1339,Maria,Brown,student339@university.com,Male,20,Engineering,75.49,46.89,92.36,90.09,76.49,6.32,55.49,52.04,F,21.8,No,Yes,High School,Medium,7,7.9
S1340,John,Brown,student340@university.com,Female,24,Business,95.15,48.32,67.37,95.57,54.87,9.16,95.71,64.85,A,22.4,No,Yes,High School,Low,6,5.7
S1341,Maria,Johnson,student341@university.com,Female,21,CS,95.42,77.05,88.51,57.61,78.59,8.11,57.87,66.2,A,9.9,No,No,,Low,5,4.9
S1342,John,Brown,student342@university.com,Female,23,CS,76.2,76.45,86.98,,50.77,6.38,78.63,92.73,D,29.3,No,Yes,High School,Medium,6,5
S1343,Sara,Johnson,student343@university.com,Male,21,Engineering,80.4,52.8,64.87,82.61,94.59,7.04,61.38,89.02,D,7.6,Yes,Yes,High School,Low,1,8.9
S1344,John,Smith,student344@university.com,Female,24,CS,99.83,68.47,70.06,97.71,96.04,9.21,51.03,82.82,A,20.1,Yes,Yes,High School,Medium,1,4.7
S1345,Omar,Jones,student345@university.com,Female,23,Business,64.94,91.8,82.03,64.98,86.65,8.12,54.23,90.24,B,8.7,No,Yes,Master's,Medium,9,8.5
S1346,John,Brown,student346@university.com,Female,24,CS,66.23,50.45,41.87,92.76,73.33,6.1,85.49,72.67,A,26.9,Yes,Yes,High School,High,6,4.4
S1347,Maria,Johnson,student347@university.com,Female,21,Engineering,59.14,41.15,93.45,75.3,62.74,6.59,59.12,93.74,D,9.3,No,Yes,Master's,High,3,8.4
S1348,Liam,Williams,student348@university.com,Female,22,CS,94.79,79.12,86.19,97.83,87.21,1.47,61.46,61.71,A,16,No,No,None,Low,9,6.5
S1349,Omar,Brown,student349@university.com,Female,21,CS,87.22,43.21,54.96,56.81,96.59,4.7,68.86,85.23,A,7.2,Yes,No,High School,Low,3,7
S1350,Maria,Davis,student350@university.com,Female,24,Business,55.28,98.8,98.87,,57.93,3.01,82.86,62.09,F,16.2,No,Yes,PhD,Medium,9,5.2
S1351,Ali,Smith,student351@university.com,Female,22,CS,99.09,76.58,50.76,72.05,73.29,4.32,73.47,51.99,A,5.1,No,Yes,Master's,Low,5,8.5
S1352,Ali,Smith,student352@university.com,Female,22,Engineering,86.55,68.22,94.85,97.65,65.76,6.62,97.23,64.21,B,16.1,Yes,Yes,High School,Medium,1,6.9
S1353,Liam,Williams,student353@university.com,Male,20,Mathematics,92.53,65.8,59.47,72.93,67.84,1.49,71.71,74.65,A,22.2,Yes,No,PhD,Low,5,7.4
S1354,Liam,Johnson,student354@university.com,Male,23,Engineering,,74.38,85.79,76.5,70.29,0.17,59.96,92.17,A,9.6,No,Yes,Bachelor's,Medium,10,6.8
S1355,Omar,Brown,student355@university.com,Female,18,Business,75.25,45.44,67.38,90.24,97.59,3.97,76.81,75.44,F,18.8,No,Yes,Master's,Medium,2,4.6
S1356,Sara,Johnson,student356@university.com,Male,22,CS,84.93,95.8,84.19,86.13,62.93,3.22,72.54,58.96,A,16.9,No,Yes,None,Medium,2,8.2
S1357,Liam,Smith,student357@university.com,Male,24,CS,77.15,77.54,49.35,80.98,74.63,4.2,89.36,99.64,D,13.4,Yes,No,,Low,1,4.9
S1358,Ali,Johnson,student358@university.com,Female,23,Business,83.33,51.04,56.17,70.85,97.57,9.31,96.76,63.5,A,21.8,Yes,Yes,PhD,Low,10,5.5
S1359,John,Smith,student359@university.com,Female,19,Business,,73.75,45.99,89.62,73.8,7.07,91.81,99.26,B,29.9,Yes,No,Master's,Low,4,7.3
S1360,Maria,Johnson,student360@university.com,Female,21,Engineering,68.72,48,91.91,97.41,93.18,3.27,69.45,96.82,B,28.4,No,Yes,,Medium,4,4.5
S1361,Ali,Williams,student361@university.com,Female,24,Engineering,92.43,41.05,57.78,50.49,52.94,1.79,60.81,77.12,A,29.3,No,Yes,High School,High,5,8.7
S1362,Ali,Jones,student362@university.com,Female,19,Engineering,58.15,77.83,81.67,79.39,97.65,6.18,95.72,54.6,D,5.5,Yes,Yes,,Medium,4,4.6
S1363,Sara,Williams,student363@university.com,Female,24,CS,63.54,78.91,89.21,93.3,59.38,6.58,69.3,84.77,B,11.4,Yes,Yes,High School,High,2,7.3
S1364,Omar,Williams,student364@university.com,Male,21,Business,52.17,75.02,94.09,82.66,99,4.84,88.51,92.29,C,28.1,Yes,No,None,Low,5,7.2
S1365,Omar,Jones,student365@university.com,Female,20,Engineering,68.22,51.01,46.38,90.04,58.78,2.13,99.48,72.27,B,6.2,No,Yes,,Medium,8,7.5
S1366,Emma,Jones,student366@university.com,Male,24,Engineering,69,76.21,93.58,94.75,72.22,0.29,78.87,61.95,F,14.1,No,Yes,Master's,High,6,6.2
S1367,Sara,Brown,student367@university.com,Female,22,Business,90.26,43.39,51.84,87.55,65.43,2.66,73.99,90.14,A,21.3,No,Yes,,Low,5,5.9
S1368,John,Brown,student368@university.com,Female,18,CS,82.66,76.55,84.21,,71.66,4.57,84.99,77.25,F,29.6,No,Yes,None,High,7,8.9
S1369,Omar,Williams,student369@university.com,Male,22,CS,71.84,73.24,83.73,98.24,62.53,7.88,59.7,59.88,D,11.9,Yes,Yes,High School,Medium,1,8.1
S1370,Maria,Williams,student370@university.com,Female,21,Business,82.61,79.32,40.51,93.18,98.27,8.54,74.41,97.48,C,24.1,No,Yes,,High,6,6.4
S1371,Liam,Smith,student371@university.com,Female,24,Business,52.64,93.73,53.24,90.77,65.29,4.13,65.62,97.4,D,21.5,No,Yes,,Low,2,4.9
S1372,Sara,Smith,student372@university.com,Male,18,Engineering,59.01,91.02,69.51,54.32,82.66,7.96,58.21,68.35,C,20.3,No,Yes,,Medium,5,8.5
S1373,Liam,Brown,student373@university.com,Female,22,CS,81.35,98.84,65.2,,56.87,9.93,80.51,53.2,D,23.6,No,Yes,None,Low,10,7.2
S1374,Ali,Davis,student374@university.com,Male,18,CS,82.07,98.57,95.11,77.84,91.22,7.17,78.79,81.54,B,11.3,Yes,Yes,Bachelor's,Low,4,4.7
S1375,Maria,Davis,student375@university.com,Female,21,Engineering,88.71,86.34,61.58,85.48,77.13,7.29,88.06,65.86,B,13.5,No,Yes,None,High,7,4.9
S1376,Maria,Brown,student376@university.com,Female,20,CS,70.15,97.39,96.22,65.16,98.97,9.1,93.65,53.32,B,19,No,No,None,Medium,9,6.7
S1377,Ali,Smith,student377@university.com,Male,20,Business,86.13,92.04,67.57,54.67,71.17,3.38,61.02,94.59,A,16,No,Yes,Master's,Medium,9,6.5
S1378,Sara,Smith,student378@university.com,Female,24,Mathematics,,83.65,97.86,65.55,59.77,0.11,88.99,99.91,D,23,No,No,Bachelor's,Medium,10,6
S1379,Ali,Davis,student379@university.com,Male,22,Business,,44.52,84.24,,67.3,9.87,68.37,67.52,C,25,No,Yes,None,Medium,1,6.1
S1380,Liam,Johnson,student380@university.com,Male,19,CS,60.76,42.94,89.76,93.87,86.85,4.9,81.44,87.24,D,18.2,No,Yes,High School,High,7,4.9
S1381,Emma,Johnson,student381@university.com,Male,21,Business,77.58,90.26,46.29,95.65,82.96,7.86,92.51,53.29,A,14.8,Yes,No,High School,High,7,5.3
S1382,Maria,Smith,student382@university.com,Female,22,CS,80.09,69.38,75.17,68.94,88.92,8.12,62.81,68.49,F,27.8,No,Yes,Bachelor's,Medium,5,6.5
S1383,Ahmed,Johnson,student383@university.com,Female,22,CS,99.93,88.88,48.56,68.63,53.67,3.98,80.05,55.44,A,23.7,No,Yes,None,High,8,4.3
S1384,Ahmed,Jones,student384@university.com,Male,20,CS,60.06,58.78,57.86,70.34,79.02,5.41,74.02,52.77,C,21.8,No,Yes,Bachelor's,Low,10,5.8
S1385,Liam,Brown,student385@university.com,Female,24,CS,76.16,63.86,77.41,68.79,96.61,5.4,89.53,79.44,A,6.4,Yes,Yes,None,Low,4,5.1
S1386,John,Brown,student386@university.com,Female,18,Mathematics,67.31,82.01,83.57,83.31,55.4,2.2,84.86,90.1,D,18.2,No,No,Master's,Low,1,4.9
S1387,Omar,Smith,student387@university.com,Female,21,CS,76.29,94.92,42.35,67.92,54.72,1.18,88.48,72.65,C,8,No,Yes,PhD,High,4,4.7
S1388,Ali,Williams,student388@university.com,Male,18,CS,61.61,45.27,71.86,51.02,85.83,5.44,64.4,76.21,D,21.5,No,No,High School,Medium,2,4.7
S1389,Ali,Davis,student389@university.com,Female,23,Mathematics,52.38,91.69,73.92,71.95,65.76,1.2,85.22,63.54,F,12.5,Yes,No,Bachelor's,High,3,4.8
S1390,John,Smith,student390@university.com,Male,23,CS,78.63,87.58,44.73,61.21,82.93,3.46,80.29,86.82,B,23.5,No,Yes,High School,Low,4,5.9
S1391,John,Johnson,student391@university.com,Female,21,Business,66.79,58.93,70.04,51.44,77.27,1.86,72.83,68.05,C,24.5,No,Yes,None,Low,7,4.5
S1392,Liam,Davis,student392@university.com,Female,24,CS,59.1,61.31,82.83,73.54,99.3,7.07,68.92,53.37,C,12.5,No,Yes,High School,Medium,9,8.5
S1393,Liam,Williams,student393@university.com,Male,19,CS,66.2,42.79,43.19,60.3,94.45,8.72,66.58,58.28,D,29.4,No,Yes,,Low,4,6.5
S1394,John,Johnson,student394@university.com,Female,23,Mathematics,52.46,40.94,85.62,72.64,83.9,5.78,50.48,56.42,D,17.9,Yes,Yes,Bachelor's,High,2,6.5
S1395,Maria,Jones,student395@university.com,Male,20,CS,97.52,68.62,74.59,63.89,63.08,4.1,58.48,71.79,B,10.4,No,Yes,PhD,Medium,10,5.1
S1396,Liam,Johnson,student396@university.com,Female,19,Engineering,79.06,45.73,89.99,80.19,63.1,9.97,52.95,53.26,F,24.4,No,Yes,,Medium,10,8.3
S1397,Emma,Jones,student397@university.com,Male,22,CS,90.74,51.64,53.08,99.54,94.11,0.21,92.42,90.32,A,24,No,Yes,Master's,Medium,4,8.1
S1398,Liam,Davis,student398@university.com,Female,23,CS,71.16,90.81,90,77.36,79.27,3.04,93,95.4,F,15.3,No,Yes,High School,Medium,8,4.2
S1399,Ali,Jones,student399@university.com,Female,20,CS,95.17,74.26,45.67,82.34,89.46,2.79,92.31,62.42,A,21.5,No,Yes,Bachelor's,Medium,2,7.7
S1400,Liam,Davis,student400@university.com,Female,22,CS,74.17,78.02,64.23,95.96,72.49,3.56,90.9,74.28,D,5.5,No,Yes,,Low,8,4.9
S1401,Maria,Davis,student401@university.com,Male,19,CS,78.7,51.25,51.97,68.7,55.15,2.31,61.07,75.95,B,12.3,No,Yes,,High,5,6.8
S1402,John,Davis,student402@university.com,Male,21,Business,74.59,89.72,92.56,,66.63,2.64,74.59,99.25,C,27,No,Yes,,Medium,2,8.4
S1403,Ali,Davis,student403@university.com,Male,22,Engineering,86.66,92.08,82.3,64.14,58.06,2.58,95.39,53.28,B,10.8,No,Yes,Master's,Low,8,8.7
S1404,Liam,Davis,student404@university.com,Female,18,CS,78.33,71.4,41.52,70.14,89.09,5.06,87.99,83.39,A,27.6,Yes,No,High School,Medium,2,4.9
S1405,Maria,Johnson,student405@university.com,Male,21,Engineering,63.58,94.75,40.57,82.25,85.03,3.91,50.09,67.29,B,19.5,No,Yes,Master's,Medium,4,8.7
S1406,Emma,Davis,student406@university.com,Male,21,Mathematics,57.28,90.69,57.47,50.23,54.42,6.39,72.97,75.09,D,27.6,No,Yes,None,High,2,4.3
S1407,Liam,Johnson,student407@university.com,Male,19,Mathematics,80.31,83.88,48.6,92.67,81.07,5.14,50.53,60.85,C,8.3,No,Yes,High School,High,6,8.5
S1408,Maria,Davis,student408@university.com,Male,19,Business,74.46,84.04,77.82,53.8,93.71,1.83,64.03,58.01,A,16.6,No,Yes,None,Low,3,7.9
S1409,Emma,Jones,student409@university.com,Male,20,Business,54.8,46.32,79.83,95.03,84.87,8.1,71.79,62.18,C,12.4,No,Yes,PhD,Low,7,8.6
S1410,John,Davis,student410@university.com,Male,20,CS,69.78,56.25,96.52,97.47,75.56,4.72,94.64,53.56,F,27.2,No,Yes,High School,Low,6,5.8
S1411,Liam,Williams,student411@university.com,Male,18,CS,75.74,44.01,97.12,99.51,65.59,1.53,82.72,63.9,D,13.5,No,Yes,None,Low,1,8.7
S1412,Emma,Davis,student412@university.com,Male,21,Engineering,91.34,40.52,79.53,,94.35,1.67,68.12,84.52,A,19.7,No,Yes,Master's,Medium,9,8.1
S1413,Ali,Davis,student413@university.com,Male,24,Engineering,53.81,49.5,40.34,57.09,71.14,7.97,74.53,82.57,F,25.7,No,Yes,PhD,Medium,7,5.6
S1414,John,Jones,student414@university.com,Male,18,Engineering,67.42,92.83,61.54,85.31,92.77,7.03,90.87,77.72,A,10.7,Yes,Yes,,High,1,5.7
S1415,Ali,Brown,student415@university.com,Female,18,Engineering,91.13,54.39,70.79,60.17,89.15,5.07,64.98,50.02,A,6.1,Yes,Yes,,High,4,5.8
S1416,Ahmed,Jones,student416@university.com,Female,24,Mathematics,82.42,98.21,69.95,94.86,90.81,3.06,80.75,56.29,D,17.4,Yes,Yes,PhD,Medium,4,6.9
S1417,Sara,Williams,student417@university.com,Male,24,Business,64.5,75.84,76.2,65.83,99.49,4.61,63.11,92.14,A,22.1,Yes,Yes,Bachelor's,Medium,6,4.9
S1418,Liam,Brown,student418@university.com,Female,24,Engineering,92.27,54.24,97.63,66.34,87.44,6.36,74,63.59,A,23,Yes,Yes,Bachelor's,Medium,3,6.2
S1419,Emma,Smith,student419@university.com,Female,19,Business,74.66,69.83,93.11,95.88,51.7,8.79,51.23,95.61,C,15.4,Yes,No,PhD,Medium,2,4.3
S1420,Sara,Smith,student420@university.com,Male,18,CS,74.92,53.15,46.53,50.66,60.27,5.56,92.61,93.73,A,7,No,No,None,Low,3,5.8
S1421,Sara,Williams,student421@university.com,Male,18,CS,98.83,99.04,55.96,59.7,51.76,2.77,52.42,57.75,A,15.1,Yes,Yes,,Low,4,7.3
S1422,Emma,Jones,student422@university.com,Male,22,CS,97.36,90.84,89.99,,59.5,0.43,61.22,94.91,B,8,No,Yes,High School,High,8,6.9
S1423,John,Johnson,student423@university.com,Female,24,Engineering,67.93,41.57,89.46,85.04,53.07,1.75,66.68,81.39,A,6.8,No,Yes,,Medium,8,5.6
S1424,Liam,Williams,student424@university.com,Male,24,CS,57.03,96.87,56.52,82.38,75.08,6.5,81.26,81.51,F,12.6,No,No,None,Medium,1,5.3
S1425,Ahmed,Brown,student425@university.com,Female,20,Business,66.28,83.26,83.84,83.47,51.41,1.6,86,92.63,C,24.4,No,Yes,,High,9,5.6
S1426,Ali,Brown,student426@university.com,Male,20,CS,51.52,44.94,80.32,94,73.63,4.82,54.02,70.25,D,24.2,No,Yes,Bachelor's,Low,4,4.3
S1427,Maria,Davis,student427@university.com,Female,21,Engineering,51.04,80.24,68.41,56.05,94.94,6.99,52.17,86.76,F,20.2,No,Yes,None,Medium,4,5.3
S1428,Ali,Smith,student428@university.com,Female,20,CS,69.78,78.82,52.09,76.11,87.43,3.08,89.95,83.39,C,25.7,No,Yes,Master's,Low,4,7.5
S1429,Maria,Brown,student429@university.com,Male,23,CS,,53.13,93.32,86.27,97.2,6.69,85.61,88.58,F,17.5,No,Yes,,Medium,7,4.9
S1430,Ali,Williams,student430@university.com,Male,21,Business,93.57,85.51,80.67,81.81,61.33,5.81,91.58,83.01,A,11.1,No,Yes,None,Low,2,4.7
S1431,Emma,Brown,student431@university.com,Female,24,Engineering,75.57,45.22,50.14,72.42,76.55,4.39,83.83,54,B,19.2,No,No,Bachelor's,Medium,7,8.2
S1432,Ahmed,Williams,student432@university.com,Female,22,Mathematics,78.26,69.37,82.29,50.86,65.93,8.97,87.55,64.64,F,28.1,No,Yes,None,Low,10,5.2
S1433,Liam,Johnson,student433@university.com,Male,20,Mathematics,50.3,40.6,84.49,53.02,74.69,6.92,68.95,97,D,5.9,Yes,Yes,PhD,Medium,2,5.3
S1434,Maria,Davis,student434@university.com,Male,22,CS,60.78,98.12,93.21,55.95,77.85,3.61,79.51,61.17,D,29.1,No,Yes,Bachelor's,High,3,6.3
S1435,Liam,Smith,student435@university.com,Female,20,CS,,85.09,53.37,67.16,51.81,8.04,90.27,73.61,F,23.6,No,Yes,None,Low,5,6.4
S1436,Liam,Brown,student436@university.com,Male,20,Business,87.73,49.53,99.33,55.88,61.66,7.38,58.61,67.85,A,22.2,No,No,,Low,1,4.9
S1437,Liam,Williams,student437@university.com,Female,22,Mathematics,57.28,60.5,49.2,71.3,85.24,7.92,71.14,54.31,C,20.3,Yes,Yes,,High,8,6.8
S1438,Omar,Jones,student438@university.com,Male,18,Engineering,,49.63,76.04,58.93,88.65,6.41,87.02,59.06,C,11.4,No,No,PhD,Medium,6,7.5
S1439,John,Smith,student439@university.com,Male,18,Business,82.17,86,79.43,88.96,78.47,3.79,76.63,64.33,B,27.1,No,Yes,None,Medium,4,6.4
S1440,Ali,Johnson,student440@university.com,Male,18,Business,61.47,43.53,65.14,93.57,63.54,3.49,84.08,73.17,D,29.3,Yes,Yes,PhD,Medium,3,8.5
S1441,Liam,Williams,student441@university.com,Female,23,CS,,90.42,68.5,69.48,70.25,6.54,64.64,93.73,A,28.1,No,Yes,,Low,7,9
S1442,Ali,Davis,student442@university.com,Male,18,Engineering,81.38,96.53,93.45,75.57,54.8,1.31,51.62,75.78,B,7.7,Yes,Yes,PhD,Medium,6,6.6
S1443,Liam,Davis,student443@university.com,Female,20,Business,95.04,80.6,78.72,97.67,97.66,8.2,51.46,82.6,A,23.4,No,Yes,,Low,9,8.9
S1444,Maria,Johnson,student444@university.com,Male,24,Engineering,85.92,52.78,69.82,76.78,93.43,3.7,97.14,71.3,A,18.9,Yes,Yes,,High,2,7.2
S1445,John,Johnson,student445@university.com,Female,19,CS,,61.61,47.7,,53.28,6.3,97.23,93.5,D,24.7,No,Yes,None,Medium,6,6.6
S1446,John,Davis,student446@university.com,Female,22,CS,79.37,68.63,40.44,57.11,58.32,4.99,60.56,83.13,C,13.8,No,Yes,Bachelor's,Low,10,8.4
S1447,Emma,Brown,student447@university.com,Male,24,CS,65.54,76.28,47.5,93.11,79.05,5.19,57.37,54.53,A,28.9,No,Yes,Bachelor's,Medium,1,8.8
S1448,Omar,Brown,student448@university.com,Female,19,CS,99.96,80.12,97.37,74.86,61.62,7.38,50.91,73.88,B,12.8,No,Yes,Bachelor's,Low,4,9
S1449,Emma,Williams,student449@university.com,Female,24,Mathematics,87.44,73.25,85.85,51.14,96.72,6.27,61.56,91.36,A,23.4,No,Yes,PhD,Low,4,7.8
S1450,Emma,Jones,student450@university.com,Female,23,CS,80.72,61.08,98.03,98.61,87.78,2.5,66.72,86.68,F,17.6,Yes,No,,Medium,9,6.4
S1451,Emma,Williams,student451@university.com,Female,19,CS,71.16,93.46,42.14,98.25,63.66,0.74,62.06,95.27,D,20.4,No,Yes,Bachelor's,Low,9,5.5
S1452,Emma,Jones,student452@university.com,Male,21,CS,80.91,44.88,80.81,69.16,50.31,8.4,89.87,61.38,C,7.9,No,Yes,,Medium,8,6.8
S1453,Emma,Johnson,student453@university.com,Male,18,Engineering,67.08,67.98,42.66,97.71,89.97,8.85,87.47,98.86,C,20.3,No,Yes,Bachelor's,High,8,7.9
S1454,Ahmed,Smith,student454@university.com,Male,23,Engineering,51.44,86.53,86.92,57.05,71.2,1.64,54.05,64.25,D,19.1,No,Yes,,High,5,4.1
S1455,John,Williams,student455@university.com,Female,24,CS,69.75,43.65,62.86,84.01,82.12,3.09,84.87,52.51,F,23,No,Yes,PhD,Medium,3,5.3
S1456,Emma,Williams,student456@university.com,Female,20,CS,96.52,82.32,45.75,59.6,64.35,2.82,76.03,74.78,A,12.2,No,Yes,None,High,10,5.8
S1457,Liam,Jones,student457@university.com,Male,18,CS,81.32,89.18,74.08,62.33,57.14,9.37,56.61,55.52,F,25.8,No,Yes,PhD,Low,5,7.9
S1458,John,Johnson,student458@university.com,Male,18,Engineering,54.2,79.65,56.81,88.97,83.77,2.05,86.98,84.07,F,28.6,Yes,No,High School,Medium,10,7.1
S1459,John,Johnson,student459@university.com,Female,19,CS,,40.78,79.57,68.87,72.52,1.67,54.3,95.03,C,27.1,No,Yes,None,Low,7,6.1
S1460,Sara,Jones,student460@university.com,Male,21,Mathematics,63.44,50.81,79.49,50.36,61.76,1.82,58.86,96.07,D,14.8,No,No,Bachelor's,Low,8,8.6
S1461,Ahmed,Johnson,student461@university.com,Male,18,Engineering,62.19,60.53,82.3,70.71,56.88,7.3,57.46,80.35,F,24.1,Yes,Yes,,Medium,8,6.7
S1462,Emma,Davis,student462@university.com,Female,24,CS,64.85,54.02,99.55,61.4,79.02,8.88,96.95,76.76,F,14.1,Yes,Yes,High School,Low,2,7.6
S1463,Ali,Brown,student463@university.com,Male,24,Business,78.86,97.76,63.2,84.17,86.28,3.93,84.91,99.7,F,26.6,No,Yes,None,Low,7,7.3
S1464,Maria,Davis,student464@university.com,Female,22,CS,77.23,79.1,67.92,59.72,64.19,1.36,70.56,78.97,F,14.4,Yes,Yes,,Low,4,8.3
S1465,Omar,Smith,student465@university.com,Male,22,Engineering,74.57,57.82,88.28,92.11,86.76,5.86,91.11,96.37,F,9.7,No,Yes,PhD,Low,4,8.1
S1466,Liam,Williams,student466@university.com,Female,18,CS,85.88,95.78,74.7,63.35,59.16,2.1,60.8,95.83,A,17.2,Yes,Yes,PhD,Low,9,8.9
S1467,Ali,Smith,student467@university.com,Female,19,Engineering,65.83,84.44,42.24,69.65,66.92,0.64,96.55,64.48,C,8.4,No,Yes,Bachelor's,Low,7,5.9
S1468,Ahmed,Williams,student468@university.com,Female,19,Business,89.1,57.08,90.58,64.9,87.24,8.86,84.85,50.69,B,19.7,No,Yes,Master's,Low,5,4.8
S1469,Maria,Brown,student469@university.com,Female,20,Mathematics,,62.73,43.09,82.2,83.01,8.71,77.98,71.96,B,19.4,No,Yes,Bachelor's,High,5,7.8
S1470,Ahmed,Johnson,student470@university.com,Female,23,CS,89.13,51.97,50.25,55.06,63.53,9.76,89.73,93.07,B,17.3,No,No,Master's,Low,7,8.4
S1471,Liam,Davis,student471@university.com,Male,23,CS,83.19,98.26,46.12,73.9,56.11,4.74,82.24,91.81,D,20.1,No,Yes,None,Low,9,4.3
S1472,John,Jones,student472@university.com,Male,23,Engineering,84.16,71.04,44.68,,52.12,2.94,94.36,80.18,B,29.4,No,No,None,Low,6,5.7
S1473,Maria,Davis,student473@university.com,Male,21,Mathematics,74.08,93.76,41.54,,91.9,7.7,91.46,57.83,B,14.6,No,Yes,PhD,Low,10,8
S1474,John,Brown,student474@university.com,Female,19,Mathematics,83.35,60.79,43.3,53.67,53.76,1.8,59.89,55.38,B,15.6,No,Yes,PhD,Low,7,7.4
S1475,Liam,Smith,student475@university.com,Male,20,CS,53.99,91.65,66.55,,55.74,2.43,61.98,97.73,D,11.9,No,No,None,Medium,4,7.8
S1476,Ali,Jones,student476@university.com,Female,22,CS,92.58,43.23,55.17,58.38,61.89,2.56,53.25,71.07,A,9.6,No,Yes,Master's,High,9,6.7
S1477,Liam,Johnson,student477@university.com,Female,24,Engineering,52.78,98.93,47.59,54.43,72.28,9.52,61.01,82.41,C,12.2,No,Yes,Bachelor's,Medium,8,5.9
S1478,Ali,Brown,student478@university.com,Male,23,CS,57.44,94.72,79.52,60.12,89.49,7.3,67.17,95.29,F,10.3,No,Yes,None,High,9,8.1
S1479,Maria,Jones,student479@university.com,Female,22,CS,78.84,61.79,53.57,55.13,62.37,1.34,51.44,93.49,A,15.8,No,Yes,None,Medium,5,6.8
S1480,Maria,Brown,student480@university.com,Male,22,CS,86.97,86.48,41.14,76.05,77.18,0.93,65.75,78.35,A,10.8,No,Yes,,Low,1,6.6
S1481,Emma,Brown,student481@university.com,Female,18,Engineering,53.81,85.14,65.11,99.41,54.52,8.43,88.58,74.4,F,17.9,Yes,Yes,PhD,Medium,8,7.7
S1482,Ahmed,Johnson,student482@university.com,Female,21,Mathematics,,94.08,58.63,51.72,73.23,8.02,92.02,86.76,C,12.2,No,Yes,Master's,Medium,8,5
S1483,Emma,Williams,student483@university.com,Male,20,Mathematics,,58.44,59.12,73.06,58.88,6.71,50.44,67.48,F,15.6,No,Yes,,Low,7,6.9
S1484,Ahmed,Jones,student484@university.com,Female,21,CS,80.3,67.93,66.72,69.3,60.56,1.96,50.36,81.27,A,8.2,No,Yes,High School,High,7,5.5
S1485,Emma,Johnson,student485@university.com,Male,18,Engineering,74.06,91.9,80.13,66.98,68.34,4.8,57.32,51.16,A,9.1,No,No,High School,High,5,4.1
S1486,John,Brown,student486@university.com,Female,20,Business,87.07,86.71,76.99,66.59,88.07,6.03,93.63,91.22,A,20.4,No,Yes,None,Medium,8,7.7
S1487,Maria,Johnson,student487@university.com,Male,20,CS,66.42,63.61,96.24,94.75,87.2,9.32,73.46,99.9,C,19.1,Yes,Yes,PhD,Low,3,6.4
S1488,Ali,Williams,student488@university.com,Female,19,Engineering,,90.74,71.06,,70.75,1.69,99.15,97.74,F,9.3,No,Yes,None,Low,5,8.5
S1489,Ahmed,Davis,student489@university.com,Male,21,Engineering,95.81,42.82,68.35,88.75,55.93,5.15,94.37,67.99,A,12.4,No,Yes,High School,Medium,10,6.5
S1490,Liam,Jones,student490@university.com,Male,21,CS,97.78,86.92,52.8,62.65,64.03,1.58,94.51,76.56,A,10.5,No,Yes,High School,Low,10,4.1
S1491,Ahmed,Williams,student491@university.com,Female,19,Engineering,96.35,52.41,85.32,69.16,75.27,4.44,56.42,61.81,A,24.9,Yes,Yes,Bachelor's,Low,9,6
S1492,Ali,Smith,student492@university.com,Male,22,CS,63.12,57.17,48.45,71.01,93.47,2,73.76,65.15,C,14.1,Yes,Yes,None,Low,8,4.9
S1493,Emma,Jones,student493@university.com,Female,18,Engineering,61.62,69.59,69.47,65.24,98.41,8.36,99.68,72.87,F,15.1,No,Yes,None,Medium,9,8.6
S1494,Ahmed,Williams,student494@university.com,Female,21,CS,64.88,66.98,65.28,54.68,81.87,2.55,57.45,87.35,F,21.6,No,Yes,Master's,Medium,8,6.2
S1495,Omar,Brown,student495@university.com,Male,19,CS,72.07,71.23,79.5,55.72,67.53,4.17,78.71,50.89,D,13.1,Yes,Yes,,Medium,6,6.6
S1496,John,Jones,student496@university.com,Male,24,CS,65.71,72.69,95.06,64.91,84.67,4.08,67.21,69.69,A,14.4,No,Yes,PhD,Low,7,5.8
S1497,Maria,Jones,student497@university.com,Male,20,Business,68.71,59.89,96.8,91.09,66.81,8.66,69.39,77.82,F,24.9,No,Yes,,High,6,6.6
S1498,Ali,Johnson,student498@university.com,Male,23,Engineering,81.03,50.51,50.07,56.73,81.27,7.58,94.54,60.76,A,24.9,Yes,Yes,None,Medium,2,4.4
S1499,Maria,Brown,student499@university.com,Male,24,Engineering,88.13,86.11,55.71,,62.19,0.58,79.4,53.92,A,20.1,No,Yes,PhD,Medium,1,6.3
S1500,Omar,Smith,student500@university.com,Female,19,Engineering,86.78,64,88.7,64.44,63.35,0.67,87.94,76.98,A,19,No,Yes,Bachelor's,Medium,1,7.3
S1501,Ahmed,Davis,student501@university.com,Male,23,Engineering,90.72,70.35,71.1,94.17,53.76,5.51,83.66,81.89,A,9.5,No,Yes,None,Medium,7,5.9
S1502,Ahmed,Williams,student502@university.com,Female,22,CS,51.61,78.68,67.18,71.42,71.01,4.28,76.45,82.05,C,16.8,No,Yes,PhD,High,8,6
S1503,Liam,Johnson,student503@university.com,Male,18,Business,52.39,94.58,82.64,58.59,80.91,2.76,89.59,67.83,D,11.9,No,Yes,,Medium,1,8.2
S1504,Omar,Williams,student504@university.com,Male,23,CS,89.47,82.45,76.12,99.29,89.44,7.93,98.54,61.87,A,23.2,No,No,None,Medium,1,6.7
S1505,Ali,Smith,student505@university.com,Male,22,CS,76.65,42.73,98.24,58.83,90.52,1.29,98.34,61.02,F,20.7,No,Yes,,Medium,7,6.9
S1506,Liam,Smith,student506@university.com,Female,23,Business,78.91,90.31,75.04,78.38,99.62,9.74,89.47,52.03,F,14.4,No,Yes,High School,Low,5,5.5
S1507,John,Jones,student507@university.com,Male,20,CS,52.63,99.36,67.96,78.46,54.39,0.24,74.37,59.23,D,18.4,Yes,Yes,None,Low,9,6.4
S1508,Liam,Smith,student508@university.com,Female,20,CS,62.77,68.35,72.57,68.64,74.66,1.18,58.16,90.93,A,15.5,Yes,Yes,Master's,Medium,9,4.3
S1509,Sara,Williams,student509@university.com,Female,20,Engineering,81.92,98.18,88.51,97.57,76.07,3.11,52.22,50.15,C,8.7,No,Yes,PhD,Low,7,6.2
S1510,Ali,Brown,student510@university.com,Female,20,Engineering,92.96,72.84,76.76,92.19,90.23,5.09,61.57,52.19,A,24.5,No,Yes,PhD,Low,7,8
S1511,Sara,Brown,student511@university.com,Male,19,Business,95.85,67.58,78.82,91.49,63.32,2.16,67.01,56.35,B,27.5,No,Yes,None,Medium,2,4.8
S1512,Omar,Jones,student512@university.com,Female,20,Engineering,75.02,59.88,98.29,,53.47,7.36,56.49,71.01,B,28.3,No,Yes,High School,Medium,2,7.8
S1513,Emma,Davis,student513@university.com,Male,24,Engineering,77.27,79.45,77.1,72.86,65.69,3.58,61.24,66.69,F,24.7,Yes,Yes,PhD,Medium,10,5.9
S1514,Sara,Williams,student514@university.com,Female,20,Business,91.65,53.79,62.82,54.86,99.2,0.39,54.18,58.89,A,25.5,No,Yes,PhD,Low,1,4.1
S1515,John,Williams,student515@university.com,Male,24,CS,76.88,46.3,81.48,88.27,94.97,8.78,76.18,55.55,A,6.4,No,Yes,High School,Low,7,8.8
S1516,Liam,Smith,student516@university.com,Female,19,CS,75.84,41.63,79.57,69.04,69.76,9.44,56.32,96.94,F,24.5,No,Yes,Master's,Low,5,4.9
S1517,Emma,Williams,student517@university.com,Male,20,Engineering,95.25,57.54,40.83,59.52,93.81,6.19,87.14,95.56,B,12.6,Yes,Yes,None,High,1,5.7
S1518,Liam,Johnson,student518@university.com,Male,22,CS,,63.75,68.04,74.16,51.64,8.07,66.63,88.59,B,8.4,Yes,Yes,None,Low,7,6.4
S1519,Sara,Davis,student519@university.com,Male,22,Mathematics,95.45,73.12,84.57,96.29,65.71,1.21,83.6,62.6,B,18,No,Yes,None,Low,7,8.7
S1520,Liam,Smith,student520@university.com,Female,21,Business,60.91,57.56,69.94,58.57,86.34,2.69,94.13,66.18,C,19.3,Yes,Yes,Bachelor's,Low,10,6.9
S1521,Omar,Johnson,student521@university.com,Female,22,CS,76.22,99.04,86.78,92.43,61.07,3.25,54.3,83.29,A,17.1,No,Yes,None,High,3,8.5
S1522,Emma,Jones,student522@university.com,Male,18,CS,92.12,57.5,67.05,70.91,59.92,9.61,99.45,64.58,A,21.3,No,Yes,High School,Medium,3,6.8
S1523,Omar,Brown,student523@university.com,Female,18,CS,55.56,66.46,99,,93.09,5.12,82.26,76.53,F,22.9,Yes,Yes,None,Low,4,5
S1524,Sara,Jones,student524@university.com,Female,18,CS,89.73,46.2,57.57,92.42,80.8,0.07,52.67,82.56,A,8.4,Yes,Yes,Master's,Low,7,6.8
S1525,Omar,Brown,student525@university.com,Female,19,CS,59.15,55.64,45.53,98.48,99.45,3.8,65.7,75.96,D,20.4,No,Yes,Bachelor's,High,7,4.5
S1526,John,Jones,student526@university.com,Female,22,Engineering,,42.9,65.8,64.56,56.73,0.08,94.31,70.66,D,6.4,Yes,Yes,High School,Low,8,4.6
S1527,Sara,Williams,student527@university.com,Female,24,Business,80.6,73.57,72.5,65.18,67.81,2.38,79.81,67.39,D,16.2,Yes,Yes,High School,Medium,9,4.6
S1528,Sara,Johnson,student528@university.com,Female,18,Business,59.66,85.06,60.95,69.53,65.56,4.55,64.36,88.89,F,7.5,Yes,Yes,,Medium,5,4.1
S1529,Sara,Brown,student529@university.com,Female,21,CS,73.67,51.74,54.54,90.71,94.01,3.23,97.02,86.95,C,16.2,Yes,No,None,Medium,10,4.8
S1530,Ali,Smith,student530@university.com,Male,19,CS,84.1,62.07,80.32,50.52,62.76,0.33,89.36,84.81,A,9.4,No,Yes,Bachelor's,High,8,5.8
S1531,Liam,Johnson,student531@university.com,Male,21,Engineering,,41,62.63,61.2,67.67,1.16,86.78,68.73,F,23.4,Yes,Yes,Bachelor's,Low,1,4.4
S1532,Ali,Smith,student532@university.com,Female,22,Business,71.36,90.37,77.88,85.29,57.14,5.51,94.42,88.79,B,27.5,No,Yes,Bachelor's,High,2,4
S1533,Ali,Johnson,student533@university.com,Male,20,Business,94.97,86.8,86.74,70.28,88.77,6.96,88.49,97.89,B,9.2,No,Yes,High School,Medium,8,4.6
S1534,John,Johnson,student534@university.com,Male,21,Mathematics,75.96,43.8,85.66,66.51,61.89,4.05,64.34,84.45,D,23.4,No,Yes,Master's,High,8,8.7
S1535,Emma,Jones,student535@university.com,Male,20,Engineering,75.29,61.89,62.52,93.61,53.42,7.31,79.19,70.39,C,8.7,Yes,Yes,High School,Low,9,6.6
S1536,Liam,Brown,student536@university.com,Female,19,Engineering,53.11,97.32,74.07,95.87,71.76,1.63,92.11,89.82,D,15.8,Yes,Yes,,Low,7,6.2
S1537,Omar,Brown,student537@university.com,Female,21,CS,96.11,63.52,66.98,97.4,69.57,1.22,59.04,80.47,A,20.6,No,Yes,,Low,8,6.4
S1538,Ahmed,Johnson,student538@university.com,Female,21,Engineering,58.86,71.57,92.25,63.63,58.88,8.39,58.15,93.88,D,18.4,Yes,No,Bachelor's,Medium,2,6.8
S1539,Sara,Williams,student539@university.com,Female,23,CS,76.42,61.31,92.73,95.63,56.68,3.39,57.95,85.66,A,6.4,No,No,Bachelor's,Low,8,4.5
S1540,Omar,Williams,student540@university.com,Female,19,Engineering,90.18,75.77,60.62,86.85,94.83,4.32,59.71,88.5,B,14.1,No,Yes,Bachelor's,High,3,6.9
S1541,Sara,Smith,student541@university.com,Male,19,Engineering,60.77,98.69,45.5,57.71,53.39,9.48,55.16,83.37,C,16.8,Yes,Yes,High School,Medium,10,8.2
S1542,John,Smith,student542@university.com,Female,18,CS,,99.85,50.05,80.51,54.97,4.24,91.88,54.6,C,14.8,No,Yes,,High,4,6.8
S1543,Sara,Jones,student543@university.com,Male,22,CS,62.03,86.48,62.02,51.32,62.25,0.03,90.92,74.26,B,21.6,Yes,Yes,Bachelor's,Medium,7,8.4
S1544,Ali,Johnson,student544@university.com,Female,21,CS,87.98,64.26,73.85,85.42,97.64,9.38,57.57,52.82,A,27.2,Yes,Yes,PhD,Medium,7,4.7
S1545,Liam,Smith,student545@university.com,Male,21,CS,78.22,69.67,79.41,86.68,54.27,0.14,85.28,72.38,C,21.7,No,No,Master's,Low,6,8.1
S1546,Ahmed,Smith,student546@university.com,Female,24,CS,,61.4,59.88,89.47,90.8,6.62,81.35,85.82,B,19.7,No,No,,High,1,7.3
S1547,Maria,Davis,student547@university.com,Female,19,CS,94.73,99.13,80.05,58.63,94.6,3.23,63.81,71.06,A,8.7,No,Yes,High School,Medium,9,7
S1548,Sara,Johnson,student548@university.com,Female,19,CS,82.44,82.47,96.26,,68.89,4.7,61.37,50.08,C,13.7,Yes,Yes,None,Medium,3,6.9
S1549,Omar,Jones,student549@university.com,Female,22,CS,86.27,66.94,79.12,58.94,64.69,5.47,62.53,68.46,A,18.7,Yes,Yes,,High,10,4.6
S1550,Ali,Smith,student550@university.com,Female,19,Mathematics,77.46,40.73,49.51,97.33,83.87,4.08,86.53,53.39,B,28.4,Yes,Yes,None,High,4,7.2
S1551,Maria,Jones,student551@university.com,Female,20,CS,69.22,71.23,74.78,83.75,85.13,7.74,65.97,89.03,A,12.6,Yes,Yes,High School,Low,2,6
S1552,Ahmed,Brown,student552@university.com,Male,20,CS,82.41,99.04,72.51,54.77,89,9.31,63.9,89.19,B,13.4,No,Yes,PhD,High,5,4.3
S1553,Maria,Jones,student553@university.com,Female,23,Engineering,95.41,71.38,92.24,,91.53,0.86,51.12,90.32,A,19.7,No,Yes,,Low,6,5
S1554,Ali,Williams,student554@university.com,Male,20,Business,70.83,50.95,61.02,,63.42,8,95.41,51.52,B,27.5,No,No,Master's,Medium,6,6.2
S1555,Liam,Williams,student555@university.com,Female,20,Engineering,65.72,41.33,65.38,73.83,84.35,1.29,87.64,51.61,D,18.6,Yes,Yes,High School,Low,1,9
S1556,Liam,Jones,student556@university.com,Male,22,CS,,61.28,75.92,,56.75,0.8,73.64,95.17,D,9.4,No,Yes,Master's,High,4,6.2
S1557,Emma,Williams,student557@university.com,Male,21,Engineering,71.77,95.09,71.47,64.04,75.54,9.56,97.15,56.18,F,6.9,Yes,No,None,Medium,10,4.7
S1558,Liam,Brown,student558@university.com,Male,20,Business,53.68,99.79,83.14,82.9,80.64,4.89,64.68,83.5,F,27.2,No,Yes,,High,4,8.5
S1559,Emma,Johnson,student559@university.com,Male,23,Business,74.92,96.72,42.42,58.85,58.09,1.53,83.74,89.77,D,21.7,No,Yes,None,Medium,3,4.2
S1560,Maria,Williams,student560@university.com,Male,19,Engineering,74.72,83.77,73.81,77.19,53.83,5.7,65.26,72.39,D,10.5,No,Yes,Bachelor's,High,7,4.6
S1561,John,Williams,student561@university.com,Male,20,Business,79.42,73.49,47.3,97.89,59.74,2.63,65.73,77.32,B,23.1,Yes,Yes,High School,High,4,6.4
S1562,Omar,Jones,student562@university.com,Female,23,Business,68.14,75.44,58.91,81.41,71.03,4.64,92.24,61.37,B,23,No,Yes,None,High,7,4.5
S1563,Omar,Brown,student563@university.com,Male,22,Engineering,80.66,72.34,79.7,52.5,94.39,6.25,89.35,96.18,C,24.3,No,Yes,,Low,3,6.9
S1564,Maria,Johnson,student564@university.com,Female,24,Engineering,93.91,82.42,49.44,99.44,76.6,8.69,64.71,65.09,B,27.3,No,No,PhD,Low,4,4.8
S1565,Sara,Jones,student565@university.com,Female,24,Engineering,97.77,65.13,58.53,57.84,87.42,0.03,54.07,60.89,B,8.8,No,Yes,Bachelor's,Medium,3,7.3
S1566,Sara,Jones,student566@university.com,Male,24,Business,79.18,80.15,82.18,85.9,58.71,2.14,67.88,76.27,D,28.9,No,Yes,Master's,Low,4,4.6
S1567,Liam,Davis,student567@university.com,Male,19,CS,,47.3,79.05,76.63,55.3,0.96,88,59.53,C,30,No,Yes,,High,10,8.1
S1568,Omar,Brown,student568@university.com,Female,23,Mathematics,98.46,55.94,45.46,64.72,61.98,0.97,55.03,84.33,B,5.4,Yes,Yes,Master's,High,4,7.7
S1569,Omar,Johnson,student569@university.com,Male,20,CS,85.29,90.16,74.64,58.87,65.69,9.46,83.61,75.76,A,7.3,No,Yes,None,Low,4,8.6
S1570,Emma,Brown,student570@university.com,Male,21,Engineering,,94.22,48.84,58.89,77.41,9.36,94.49,57.39,F,15.8,No,No,,Low,3,4.3
S1571,John,Johnson,student571@university.com,Male,19,Business,57.36,72.34,55.14,92.92,94.06,7.49,58.96,53.36,F,5.9,Yes,Yes,,Medium,6,6.8
S1572,Ali,Brown,student572@university.com,Male,19,CS,57.17,41.9,67.55,93.65,71.3,6.43,93.11,56.85,F,23.4,No,Yes,Bachelor's,Medium,5,7.5
S1573,Sara,Jones,student573@university.com,Male,24,Engineering,58.39,95.62,46.56,73.26,75.94,8.48,52.57,56.83,D,21.3,No,Yes,,Medium,6,8.5
S1574,Omar,Jones,student574@university.com,Male,21,CS,52.28,82.12,99.62,55.18,50.23,0.58,83.34,65.64,D,24.4,Yes,Yes,Master's,Low,7,6.4
S1575,Emma,Smith,student575@university.com,Male,24,CS,,64.84,49.92,94.21,51.67,1.19,89.55,91.66,A,30,No,Yes,None,Low,4,8.8
S1576,Ahmed,Williams,student576@university.com,Female,19,CS,77.04,75.9,86.88,,54.19,3.17,72.24,52.86,B,28.3,No,Yes,PhD,Medium,9,4.6
S1577,Emma,Davis,student577@university.com,Male,20,CS,85,65.79,89.79,71.94,84.95,8.32,60.19,56.4,F,12.5,Yes,No,PhD,Medium,1,6.2
S1578,Sara,Brown,student578@university.com,Female,24,CS,91.41,67.92,99.67,70.37,74.31,4.72,96.24,65.14,B,14.9,Yes,Yes,Master's,Low,8,5.3
S1579,Sara,Davis,student579@university.com,Female,24,Mathematics,89.58,93.21,65.72,68.25,59.65,5.04,51,77.67,A,24.4,No,No,PhD,Low,2,4.8
S1580,Emma,Smith,student580@university.com,Female,24,Mathematics,94.13,49.67,92.45,76.3,79.63,2.29,77.75,88.14,B,14.7,No,Yes,Bachelor's,Medium,3,5.4
S1581,Ali,Williams,student581@university.com,Female,19,CS,98.36,46.22,97.45,80.23,77.23,6.48,68.64,96.06,A,22.5,No,No,Master's,Medium,2,7.3
S1582,Maria,Brown,student582@university.com,Male,20,Business,71.95,40.16,50.37,73.32,54.44,8.88,73.05,70.6,D,28,No,Yes,High School,High,10,6.4
S1583,Sara,Johnson,student583@university.com,Female,21,CS,97.52,58.84,68.77,,82.02,3.3,76.83,55.29,A,15.1,Yes,Yes,Master's,Medium,6,4.9
S1584,Emma,Williams,student584@university.com,Female,18,CS,86.16,48.84,43.6,65.88,88.36,6.19,76.74,60.68,B,19,Yes,No,High School,High,5,4.2
S1585,Omar,Jones,student585@university.com,Female,21,CS,53.53,53.2,77.24,,64.33,3.32,60.18,64.36,F,26,No,Yes,PhD,Low,7,8.6
S1586,Emma,Smith,student586@university.com,Female,20,Mathematics,84.09,40.67,74.88,65,84.37,7.93,83.99,89.3,C,16.9,Yes,Yes,Master's,Medium,9,5.6
S1587,John,Williams,student587@university.com,Female,22,Mathematics,,53.63,52.25,87.67,59.99,4.75,50.96,84.33,D,12.2,Yes,Yes,Bachelor's,Medium,7,4.6
S1588,Maria,Williams,student588@university.com,Male,24,CS,95.29,59.96,87.87,,87.84,3.39,51.06,60.45,B,11.5,Yes,Yes,PhD,Medium,9,4.7
S1589,Ahmed,Jones,student589@university.com,Male,21,CS,68.65,41.89,42.24,59.43,95.59,4.2,73.92,91.94,D,6.8,Yes,Yes,PhD,Low,5,5.3
S1590,Ali,Brown,student590@university.com,Female,22,CS,79.25,76.47,88.37,90.06,72.09,0.91,77.1,92.96,B,13.3,Yes,Yes,PhD,Low,3,5.2
S1591,Liam,Johnson,student591@university.com,Male,22,Engineering,50.61,74.13,41.6,,62.23,8.66,63.74,94.12,F,22.1,No,Yes,High School,Medium,3,5.4
S1592,Ahmed,Jones,student592@university.com,Male,20,Engineering,66.6,45.82,79.41,81.29,69.96,9.58,77.58,63.75,D,6.5,No,Yes,High School,Medium,4,5.1
S1593,Maria,Johnson,student593@university.com,Female,20,CS,53.11,75.7,44.73,98.51,62.5,4.77,75.81,56.69,D,11.9,No,Yes,Bachelor's,Low,2,6.2
S1594,Maria,Brown,student594@university.com,Female,24,Business,76.09,99.92,55.07,76.14,50.06,2.21,67.46,55.2,B,7.8,Yes,Yes,High School,Low,3,7.8
S1595,Maria,Williams,student595@university.com,Female,18,CS,90.87,96.67,83.31,59.37,82.52,6.65,82.59,70,A,15.1,No,Yes,None,High,9,4.1
S1596,Ahmed,Johnson,student596@university.com,Male,23,Mathematics,,40.16,56.82,66.03,52.13,4.52,97.9,71.47,F,7.3,Yes,Yes,None,High,9,5
S1597,Omar,Smith,student597@university.com,Female,19,Engineering,,87.72,70.67,91.17,60.52,2.52,74.54,93.41,F,23.7,No,Yes,Master's,Low,8,7.6
S1598,Maria,Smith,student598@university.com,Male,21,Engineering,60.2,61.22,94.91,67.58,86.12,0.38,89.3,63.39,A,28.2,No,Yes,PhD,High,2,4.7
S1599,Emma,Jones,student599@university.com,Male,20,Business,56.03,43.82,42.98,86.18,83.29,8.9,62.38,81.34,F,9.8,No,Yes,None,Medium,9,7.7
S1600,Ahmed,Brown,student600@university.com,Male,21,Business,75.55,57.76,88.66,88.87,53.67,7.97,88.1,89.41,F,11.3,No,Yes,High School,Medium,5,6.6
S1601,Liam,Jones,student601@university.com,Female,23,CS,53.96,59.3,43.92,75.06,83,8.29,82.45,63.46,C,9,No,Yes,Bachelor's,Low,8,8.4
S1602,Maria,Jones,student602@university.com,Male,23,CS,,71.39,47.61,89.16,96.53,4.4,81.98,63.36,B,9.7,No,Yes,High School,Medium,6,4.1
S1603,Emma,Davis,student603@university.com,Female,24,Mathematics,51.57,79.67,47.16,65.85,53.73,7.53,94.65,83.46,C,12.8,No,Yes,PhD,High,2,7.9
S1604,Omar,Jones,student604@university.com,Female,22,CS,55.34,84.94,99.65,,70.78,5.81,61.67,86.31,C,12,No,Yes,,Low,1,6.9
S1605,John,Davis,student605@university.com,Female,24,CS,77.5,54.75,50.81,84.33,86.47,3.75,68.42,97.99,C,14.6,No,Yes,None,Medium,4,6.3
S1606,Omar,Smith,student606@university.com,Female,19,Engineering,79.57,59.31,93.81,58.4,83.39,8.43,54.15,92.5,D,18.1,Yes,Yes,None,High,4,4.7
S1607,Liam,Smith,student607@university.com,Female,18,Business,51.45,58.5,99.46,63.68,61.33,9.99,86.31,91.1,C,23.2,No,Yes,High School,High,7,5.2
S1608,Maria,Jones,student608@university.com,Male,21,Business,78.67,61.76,63.03,,58.15,8.99,92.19,84.62,C,27.1,No,Yes,Master's,Low,2,7.9
S1609,Liam,Smith,student609@university.com,Male,19,Mathematics,91.93,99.98,77.86,,89.21,7.76,70.29,55.92,A,16.5,Yes,Yes,High School,Medium,4,4.7
S1610,Ahmed,Brown,student610@university.com,Male,18,Engineering,86.12,86.68,86.75,74.67,97.81,7.48,67.84,90.46,A,27.7,No,Yes,,Low,10,6.6
S1611,Sara,Davis,student611@university.com,Male,21,CS,56.56,98.5,63.56,,88.38,6.5,82.93,96.77,D,22,No,No,,Medium,1,5
S1612,Maria,Davis,student612@university.com,Male,19,Engineering,79.62,81.59,49.71,74.1,98.16,8.54,53.78,69.54,F,23.2,Yes,Yes,,Medium,7,6.4
S1613,Sara,Jones,student613@university.com,Female,20,Business,83.61,64.38,66.03,94.07,80.25,4.93,64.69,65.68,F,18.1,No,Yes,None,Medium,3,5.3
S1614,Emma,Smith,student614@university.com,Female,21,CS,51.86,63.38,86.31,86.8,96.45,1.82,68.31,76.12,F,18.1,Yes,Yes,,Low,8,5.8
S1615,John,Johnson,student615@university.com,Male,19,CS,92.77,69.31,86.85,65.73,84.52,7.68,75.93,97.82,A,18.3,Yes,No,Bachelor's,Medium,1,8
S1616,Ali,Davis,student616@university.com,Male,23,CS,95.31,65.01,53.83,69.76,95.44,9.2,73.83,52.54,B,17.3,No,Yes,None,Low,1,4.2
S1617,Liam,Jones,student617@university.com,Male,18,Engineering,92.52,89.7,50.5,83.38,58.08,3.41,60.43,85.44,B,16.5,No,Yes,High School,Low,9,8.6
S1618,Omar,Jones,student618@university.com,Female,19,Business,91.23,67.9,95.23,,90.78,7.83,77.04,90.73,A,24.4,No,Yes,Bachelor's,Medium,5,5.6
S1619,John,Brown,student619@university.com,Female,20,Engineering,87.25,57.74,42.64,58.94,59.84,2.74,96.29,89.44,A,14.7,No,Yes,PhD,High,4,7
S1620,Maria,Williams,student620@university.com,Female,24,Mathematics,81.67,86.49,84.08,75.73,51.37,9.43,51.35,78.34,A,10.2,No,No,PhD,Medium,4,5.1
S1621,Sara,Williams,student621@university.com,Male,21,CS,83.93,91.27,42.79,55.94,75.88,6.83,84.02,96.03,A,8.4,Yes,Yes,,Low,8,5.8
S1622,Omar,Davis,student622@university.com,Male,21,Mathematics,,65.23,90.27,63.97,65.91,5.69,81.24,56.73,C,27,No,No,,High,9,6.3
S1623,Sara,Brown,student623@university.com,Male,21,Business,83.12,80.07,94.32,84.3,52.18,7.8,96.22,62.26,C,26.6,No,Yes,Master's,Low,7,7.4
S1624,Ahmed,Brown,student624@university.com,Male,20,CS,66.39,43.53,57.85,53.89,99.02,8.13,82.27,65.35,C,11.1,Yes,Yes,PhD,Low,8,8.4
S1625,Sara,Brown,student625@university.com,Female,18,Mathematics,68.8,71.77,44.44,83.12,83.32,8.92,81.24,50.43,A,8,Yes,Yes,PhD,Medium,2,8.3
S1626,Ahmed,Davis,student626@university.com,Male,21,CS,94.85,42.7,68.84,95.04,95.09,9.01,88.49,68.53,A,29,Yes,Yes,Master's,Medium,10,5.7
S1627,Emma,Williams,student627@university.com,Male,18,Business,50.86,41.75,57.91,98.47,99.95,0.53,63.39,58.03,F,17.1,Yes,Yes,Bachelor's,Medium,7,4.4
S1628,Omar,Brown,student628@university.com,Male,19,Business,84.94,76.78,65.03,60.83,69.6,1.23,79.79,86.23,C,7.3,Yes,Yes,,Medium,4,8.6
S1629,Omar,Smith,student629@university.com,Female,23,Business,97.74,58.2,79.9,87.44,62.74,8.26,75.97,70.75,A,10.4,No,Yes,,Medium,8,4.2
S1630,Ali,Jones,student630@university.com,Female,23,Engineering,85.31,84.55,52.59,96.32,59.19,9.46,71.92,85.22,A,22.6,No,Yes,,Medium,10,8.4
S1631,Maria,Jones,student631@university.com,Male,18,CS,99.7,93.76,61.42,54.57,75.76,3.08,53.97,64.68,B,7,Yes,Yes,Master's,Low,8,4.1
S1632,Ahmed,Johnson,student632@university.com,Female,18,Engineering,84.38,48.36,86.95,70.7,80.3,0.09,64.63,56.6,C,15.8,Yes,Yes,,High,10,8.9
S1633,Ali,Johnson,student633@university.com,Female,23,CS,51.72,83.47,78.63,95.97,73.62,3.23,64,56.6,F,15.7,No,Yes,,Low,2,4.1
S1634,Sara,Davis,student634@university.com,Female,21,Business,91.35,70.87,59.58,60.14,69.36,3.83,86.21,60.16,B,22.1,No,Yes,None,Medium,9,4.1
S1635,Sara,Davis,student635@university.com,Female,22,Business,64.23,46.73,79.86,96.69,58.41,7.61,96.03,55.76,B,10,Yes,Yes,None,Low,6,6.5
S1636,Ali,Jones,student636@university.com,Female,22,Mathematics,72.3,79.1,85.92,76.36,72.09,0.48,61.54,61.03,B,29.6,No,Yes,High School,Low,5,7.3
S1637,Omar,Smith,student637@university.com,Male,20,CS,65.6,76.57,75.55,54.99,54.26,2.13,53.73,78.95,C,8.9,Yes,Yes,Master's,Low,9,5.8
S1638,Sara,Williams,student638@university.com,Male,24,Business,63.43,70.94,54.37,72.49,93.25,8.94,100,62.82,A,20,No,No,Bachelor's,Low,3,7
S1639,Liam,Williams,student639@university.com,Male,23,Mathematics,71.57,95.59,40.01,66.31,52.35,1.55,84.56,67.15,D,13.2,Yes,Yes,High School,High,5,8.2
S1640,Emma,Davis,student640@university.com,Female,23,Business,68.94,71.26,88.17,64.11,69.03,7.59,94.32,52.64,D,8.3,Yes,Yes,Master's,High,5,8
S1641,Emma,Smith,student641@university.com,Female,20,CS,81.67,99.43,89.36,77.07,55.01,3.61,57.19,94.61,D,18.5,No,Yes,High School,Medium,8,8.4
S1642,Liam,Davis,student642@university.com,Female,22,CS,,70.55,81.86,74.18,88.75,6.63,90.04,56.91,A,9.2,No,Yes,Bachelor's,Medium,9,4.8
S1643,Ali,Williams,student643@university.com,Female,19,CS,64.85,46.95,44.59,74.1,65.64,0.74,90.67,67.43,B,22,No,Yes,High School,Low,9,5.1
S1644,Liam,Davis,student644@university.com,Male,21,Engineering,60.69,68.23,75.11,54.41,55.66,2.87,57.57,68.97,C,5.8,No,Yes,High School,High,5,6.9
S1645,Ahmed,Brown,student645@university.com,Male,21,Engineering,83.34,50.94,89.26,90.12,76.57,4.25,58.07,88.61,B,17.8,No,Yes,Bachelor's,Low,2,7.6
S1646,Ahmed,Davis,student646@university.com,Male,19,Mathematics,83.52,75.83,63.38,74.07,95.81,8.57,64.77,74.18,D,10.5,No,Yes,PhD,Low,10,4.5
S1647,Ali,Jones,student647@university.com,Male,19,CS,95.06,81.59,51.88,91.05,95.43,5.63,60.84,69.15,A,28.7,No,Yes,High School,Medium,6,4.9
S1648,Liam,Davis,student648@university.com,Male,22,CS,50.8,68.11,75.26,91.23,62.48,0.45,98.77,84.79,D,22.8,Yes,Yes,High School,Low,4,8.6
S1649,Ahmed,Jones,student649@university.com,Male,20,Engineering,,45.86,89.58,65.86,85.98,8.02,68.15,79.85,A,23.9,No,Yes,High School,Low,9,4.1
S1650,Omar,Smith,student650@university.com,Female,19,Business,76.05,68.12,42.93,50.22,51.51,0.55,88.07,53.91,A,22.6,No,Yes,None,Low,8,6
S1651,Liam,Williams,student651@university.com,Female,20,Mathematics,81.07,44.89,75.82,95.56,56.59,9.34,90.25,65.64,C,21.6,No,Yes,None,High,6,5.1
S1652,Omar,Johnson,student652@university.com,Male,24,Business,54.57,80.93,78.59,,74.97,2.12,69.3,98.93,F,8.5,No,Yes,Bachelor's,Medium,2,7.9
S1653,Ahmed,Johnson,student653@university.com,Female,18,Engineering,71.63,87.42,76.14,55.36,61.44,4.88,84.13,74.17,F,29.9,No,Yes,Master's,Medium,3,8.3
S1654,Emma,Williams,student654@university.com,Male,21,Engineering,61.37,97.74,79,85.09,89.91,0.72,55.39,71.21,C,21.4,No,Yes,None,Low,2,5.2
S1655,Ahmed,Johnson,student655@university.com,Male,22,Business,62.71,48.93,77.88,51,96.55,5.62,69.85,57.5,C,27.4,No,Yes,Bachelor's,Medium,6,6.9
S1656,Omar,Davis,student656@university.com,Female,21,Engineering,75.2,71.95,47.82,51.39,50.22,4.97,98.37,91.95,C,17.6,No,Yes,,Medium,4,8.2
S1657,John,Smith,student657@university.com,Male,22,CS,90.62,74.05,54.1,,61.65,4.1,58.43,56.67,B,12.1,Yes,No,Master's,Medium,1,7
S1658,Maria,Smith,student658@university.com,Male,18,CS,87.19,95.35,77.14,54.8,71.98,0.36,69.29,55.25,A,15.9,No,Yes,None,High,9,7
S1659,Sara,Williams,student659@university.com,Male,21,CS,,77.64,41.06,98.22,78.15,8.79,89.53,71.95,B,15,No,Yes,PhD,Low,6,6.1
S1660,Liam,Johnson,student660@university.com,Female,18,Business,76.97,48.73,78.08,94.69,95.8,8.03,83.27,71.83,A,5.4,No,Yes,Master's,Low,2,7.3
S1661,John,Davis,student661@university.com,Female,22,CS,71.37,66.18,79.92,82.49,94.59,6.33,81.58,99.07,D,21.9,Yes,Yes,Master's,Medium,3,8.8
S1662,Ahmed,Smith,student662@university.com,Female,19,CS,98.64,79.29,54.35,53.19,81.86,5.72,92.66,56.38,A,23.4,Yes,Yes,None,High,8,5.5
S1663,Emma,Smith,student663@university.com,Female,24,CS,78.01,82.02,75.89,66.24,62.87,6.95,51.45,74.19,D,6,No,Yes,None,Medium,9,5
S1664,Ali,Brown,student664@university.com,Male,21,Engineering,62.7,91.78,72.05,68.59,89.16,1.44,88.56,60.06,F,11.1,No,Yes,High School,Medium,9,8.8
S1665,Ahmed,Brown,student665@university.com,Female,18,CS,61.5,50.83,55.64,74.04,60.13,9.33,94.13,85.09,A,21.6,No,Yes,High School,Low,5,4.3
S1666,Emma,Smith,student666@university.com,Female,23,Engineering,80.57,97.09,67.78,58.45,98.26,2.85,50.81,69.58,F,13,No,Yes,Master's,High,4,8.2
S1667,Maria,Williams,student667@university.com,Female,21,CS,76.14,43.55,94.58,78.88,50.29,6.56,77.95,82.42,A,28.3,No,Yes,High School,Medium,5,8.5
S1668,Ahmed,Jones,student668@university.com,Male,21,CS,50.38,99.03,65.6,71.79,78.49,6.07,67.43,66.92,C,7.8,Yes,No,High School,Low,1,5.1
S1669,Omar,Jones,student669@university.com,Female,21,Engineering,91.5,91.47,77.79,,54.42,6.37,52.54,78.23,B,28.2,Yes,Yes,,Medium,3,6.1
S1670,Ali,Davis,student670@university.com,Female,20,CS,85.21,79.62,42.12,96.81,70.38,8.79,70.89,73.46,A,27.8,No,Yes,PhD,Medium,9,4.6
S1671,Emma,Smith,student671@university.com,Male,18,CS,83.09,84.1,44.67,78.27,81.75,2.96,82.2,68.72,C,28.9,No,Yes,High School,Low,8,5.8
S1672,Emma,Smith,student672@university.com,Male,18,CS,53.44,44.36,44.88,82.22,84.48,7.49,95.95,76.88,F,6.9,No,Yes,High School,Low,4,6.3
S1673,Emma,Smith,student673@university.com,Male,21,Business,,42.49,86.69,56.89,89.28,5.98,81.03,69.19,B,11.8,No,Yes,PhD,Low,1,6.5
S1674,Maria,Williams,student674@university.com,Male,19,Engineering,96.77,46.11,61.02,61.17,79.67,0.76,92.84,90.3,B,11.3,Yes,No,None,High,3,4.6
S1675,Ahmed,Brown,student675@university.com,Female,21,CS,93.13,45.24,53.66,95.04,62.57,4.14,56.08,74.76,A,27.1,No,Yes,Master's,Low,4,6
S1676,Maria,Smith,student676@university.com,Male,20,CS,64.28,72.84,84.84,84.96,94.46,8.38,60.53,95.16,C,25.2,No,Yes,Bachelor's,Low,4,7.1
S1677,Liam,Smith,student677@university.com,Female,22,Mathematics,57.85,52.93,50.2,59.47,90.56,3.15,98.51,61.14,F,9,Yes,Yes,None,Low,1,6.5
S1678,Sara,Johnson,student678@university.com,Female,20,Engineering,72.45,91.61,54.79,78.51,58,4.82,94.37,55.61,D,8.5,No,Yes,PhD,Medium,6,8.2
S1679,Sara,Williams,student679@university.com,Female,19,Engineering,67.79,66.74,65.86,96.74,91.33,4.89,61.76,69.05,B,16.9,No,Yes,PhD,Low,9,8.8
S1680,Liam,Davis,student680@university.com,Female,21,Business,84.11,81.73,59.89,67.26,98.63,6.18,81.05,59.18,C,9.3,No,Yes,Master's,High,8,8.1
S1681,Ahmed,Smith,student681@university.com,Female,18,Business,98.32,79.17,75.12,59.29,81.86,8.84,68.13,69.66,B,16.9,No,Yes,High School,Low,2,4.2
S1682,Omar,Johnson,student682@university.com,Male,24,Business,68.15,59.19,60.27,97.1,64.09,1.74,73.43,60.37,C,26.1,No,Yes,Bachelor's,Low,7,5.1
S1683,Maria,Jones,student683@university.com,Female,23,Engineering,53.11,54.59,63.58,73.06,80.33,5.05,93.04,93.41,D,17.5,Yes,Yes,Bachelor's,Medium,3,4.4
S1684,Ali,Davis,student684@university.com,Female,21,Engineering,94.88,60.55,91.77,70.86,67.13,4.24,86.79,78.4,A,23.1,Yes,Yes,Bachelor's,Low,6,6.2
S1685,Emma,Smith,student685@university.com,Female,19,CS,51.9,87.8,93.07,63.38,83.8,2.96,61.92,74.88,D,11.3,No,Yes,,Low,2,7.6
S1686,Emma,Smith,student686@university.com,Male,18,Mathematics,97.64,75.18,89.66,94.58,77.24,9.2,65.8,89.39,A,11.6,No,Yes,PhD,High,8,4.2
S1687,Ahmed,Johnson,student687@university.com,Female,20,Engineering,83.23,55.21,91.89,92.28,96.47,0.08,64.49,56.52,F,19.8,No,Yes,,Medium,4,5.3
S1688,Omar,Williams,student688@university.com,Female,22,CS,97.08,89.07,74.18,70.15,80.9,1.22,89.03,92.85,B,26.3,No,Yes,Bachelor's,High,6,4.5
S1689,Sara,Smith,student689@university.com,Male,22,Mathematics,59.98,43.29,78.77,51.53,60.7,7.33,74.5,74.17,F,18.3,No,Yes,,Low,3,6.1
S1690,Sara,Jones,student690@university.com,Female,24,Mathematics,52.03,81.95,73.43,72.33,86.26,2.63,97.54,56.82,D,10,Yes,Yes,None,Medium,1,8.6
S1691,Emma,Smith,student691@university.com,Female,21,Mathematics,74.41,66.35,87.14,59.04,65.04,7.23,90.83,90.97,B,10.4,Yes,Yes,,Medium,2,6.1
S1692,Ahmed,Jones,student692@university.com,Male,20,Business,72.53,83.88,73.06,57.14,63.62,8.32,60.56,73.04,D,20.4,Yes,No,Master's,Medium,10,7.2
S1693,Maria,Davis,student693@university.com,Female,24,Mathematics,,95.65,46.66,69.65,69.59,2.55,89.3,80.23,B,7.6,Yes,Yes,High School,Medium,8,5.9
S1694,Sara,Davis,student694@university.com,Female,23,CS,97.88,85,88.57,54.95,50.6,1.92,75.3,94.68,A,6.6,No,Yes,High School,High,6,7.7
S1695,Maria,Brown,student695@university.com,Female,23,Business,91.13,66.52,85.64,97.87,98.46,1.45,62.69,94.53,B,7.6,No,Yes,High School,Low,4,7.7
S1696,Omar,Brown,student696@university.com,Female,24,Business,83.08,49.06,89.22,,76.62,2,68.17,94.64,F,14.8,No,Yes,Bachelor's,Low,9,4.7
S1697,Sara,Jones,student697@university.com,Female,19,CS,58.14,88.38,51.43,,88.67,2.67,98.61,70.85,F,13.9,No,Yes,,High,7,7.3
S1698,Sara,Williams,student698@university.com,Male,22,CS,86.72,67.64,56.3,58.14,62.89,8.69,74.2,87.48,B,5.1,No,No,None,Low,1,5.9
S1699,John,Smith,student699@university.com,Male,20,Mathematics,86.35,44.52,57.75,,87.33,7.7,85.98,61.66,A,9,No,Yes,PhD,Medium,6,8.3
S1700,Sara,Smith,student700@university.com,Male,21,CS,71.25,83.14,70.48,53.94,78.36,0.02,73.85,91.56,B,13.7,No,Yes,None,Medium,4,4.8
S1701,Liam,Brown,student701@university.com,Female,18,Business,96.24,57.51,48.03,77.34,71.21,8.74,68.58,67.09,A,15.7,No,Yes,,Medium,6,8.5
S1702,Ali,Jones,student702@university.com,Female,21,CS,,42.93,63.12,88.66,98.53,0.79,89.82,73.2,B,15.1,Yes,Yes,,Medium,8,6.6
S1703,Liam,Smith,student703@university.com,Female,21,CS,63.37,94.17,50.93,97.5,74.69,6.55,92.42,94.57,F,13,Yes,Yes,None,Medium,9,5.3
S1704,Ahmed,Smith,student704@university.com,Male,20,Engineering,53.16,68.99,55.89,84.93,82.87,1.51,53.59,90.29,D,25.3,No,Yes,,High,3,5.7
S1705,Ahmed,Williams,student705@university.com,Female,22,CS,89.77,56.86,82.38,,50.77,0.62,63.95,97.63,A,15.4,No,Yes,High School,Low,2,4
S1706,Maria,Johnson,student706@university.com,Female,20,Engineering,81.09,82.98,91.29,54.43,65.07,7.6,75.39,68.17,F,21.1,No,Yes,,High,10,8.7
S1707,Liam,Brown,student707@university.com,Female,18,Engineering,65.75,93.15,41.37,86.58,94.43,4.67,65.82,57.55,B,25.8,No,Yes,None,Medium,7,5.1
S1708,Liam,Brown,student708@university.com,Male,24,CS,58.19,40.02,73.95,60.77,87.95,5.99,89.18,95.52,D,26.3,No,Yes,None,Medium,7,8.5
S1709,Liam,Johnson,student709@university.com,Male,20,CS,52.01,81.27,42.16,72.36,76.84,4.25,55.74,74.66,F,26.4,No,Yes,Bachelor's,Low,3,8.3
S1710,Omar,Smith,student710@university.com,Female,19,CS,58.34,86.02,45.11,98.83,95.01,0.67,89.89,94.47,F,17.4,No,Yes,Master's,Low,5,5.7
S1711,Sara,Williams,student711@university.com,Female,21,CS,72.66,52.6,82.31,91,74.31,7.4,80.89,86.6,A,21.5,Yes,Yes,High School,Medium,10,5.1
S1712,Ali,Williams,student712@university.com,Female,22,Business,62.36,69.38,84.14,92.33,78.33,8.2,64.47,93.74,F,12.9,No,Yes,PhD,Low,8,6.1
S1713,Maria,Brown,student713@university.com,Male,23,Engineering,62.95,45.36,88.84,93.04,69.11,0.41,67.22,82.74,C,26.5,No,Yes,PhD,Low,3,8.7
S1714,Liam,Williams,student714@university.com,Male,18,CS,93.78,84.8,68.45,80.98,81,3.76,59.14,90.62,A,10.3,No,Yes,,Low,8,8.3
S1715,Liam,Davis,student715@university.com,Male,23,Engineering,75.76,90.85,91.59,,65.95,5.57,62.63,56.02,F,24.7,No,Yes,Master's,Medium,3,6.4
S1716,John,Johnson,student716@university.com,Female,21,CS,86.46,46.49,50.01,67.95,69.27,6.05,85.86,98.41,B,16.7,No,No,PhD,Medium,4,6.7
S1717,Maria,Smith,student717@university.com,Male,20,CS,51.79,88.99,54.98,,98.32,5.78,68.79,59.05,D,12.5,Yes,Yes,Bachelor's,High,3,6
S1718,Liam,Davis,student718@university.com,Female,23,CS,68.26,86.29,48.07,63.98,55.57,6.93,84.37,51.23,C,14.5,No,No,High School,High,5,8.7
S1719,Maria,Johnson,student719@university.com,Female,19,Business,73.96,60.81,87.85,79.5,55.26,9.67,75.71,76.54,D,19.7,No,Yes,PhD,Medium,8,8.9
S1720,Sara,Jones,student720@university.com,Male,20,Mathematics,59.32,81.42,53.72,64.1,52.17,3.91,57.26,85.6,C,28.2,Yes,Yes,PhD,Low,5,5.4
S1721,John,Brown,student721@university.com,Female,21,Business,56.01,40,49.33,55.6,66,5.57,74.95,85.82,F,7.4,No,Yes,,Low,7,8.7
S1722,Maria,Williams,student722@university.com,Male,23,CS,93.52,95.91,77.39,78.38,69.91,6.99,87.82,66.96,A,28,Yes,Yes,Master's,Low,4,8.8
S1723,Ali,Jones,student723@university.com,Female,24,CS,96.97,73.02,44.62,67.67,54.73,5.92,64.88,87.69,A,25.4,Yes,Yes,High School,Low,10,6.4
S1724,Ali,Williams,student724@university.com,Female,18,Engineering,,77.22,42.69,79.16,77.46,3.87,82.4,92.13,A,19.7,Yes,Yes,None,High,2,6.1
S1725,Ahmed,Davis,student725@university.com,Male,23,Business,67.45,79.88,46.4,77.93,79.17,6.24,59.95,80.5,A,8.3,No,Yes,PhD,High,6,8.3
S1726,John,Smith,student726@university.com,Female,24,Mathematics,97.91,73.68,40.01,77.11,87.55,6.5,56.78,69.3,A,25.3,No,No,None,Low,5,8.7
S1727,John,Smith,student727@university.com,Female,24,CS,54.16,91.41,81.82,56.17,98.8,5.85,68.01,80.68,F,22.3,No,No,Master's,High,8,6
S1728,Ahmed,Smith,student728@university.com,Female,23,CS,82.18,76.58,73.73,72.01,80.97,2.05,69.46,93.11,D,17.4,No,Yes,None,High,8,6.5
S1729,Maria,Williams,student729@university.com,Female,22,Engineering,98.61,94.47,52.59,90.6,55.58,5.06,88.05,95.02,A,27.1,No,Yes,Master's,High,1,5.7
S1730,John,Jones,student730@university.com,Female,23,Business,98.91,74.94,53.98,65.76,54.43,8.84,73,51.58,A,21.6,No,No,High School,Low,8,5
S1731,Ali,Smith,student731@university.com,Female,21,Business,73.56,50.27,88.66,72.19,88.88,8.69,54.06,56.12,F,12.2,No,No,Bachelor's,Low,3,9
S1732,Ali,Jones,student732@university.com,Female,24,Engineering,58.14,94.81,70.11,74.69,82.52,7.51,81.7,50.23,D,6.1,No,Yes,Bachelor's,Medium,2,4.9
S1733,Liam,Williams,student733@university.com,Female,18,Mathematics,60.1,80.9,81.91,93.14,58.1,6.97,73.46,74.62,A,24,Yes,Yes,High School,Low,10,8.1
S1734,Sara,Davis,student734@university.com,Male,21,Engineering,94.48,81.95,67.17,82.78,62.67,1.53,66.58,71.82,A,11.4,No,Yes,PhD,Medium,4,6.1
S1735,John,Jones,student735@university.com,Male,19,Mathematics,95.58,99.13,54.26,55.01,87.51,4.59,90.11,77.29,B,12,No,Yes,Master's,Low,10,4.4
S1736,Maria,Davis,student736@university.com,Female,20,Mathematics,80.39,44.51,98.22,93.26,78.31,1.11,57.72,84.18,B,16.2,No,Yes,None,High,8,5.6
S1737,Ahmed,Williams,student737@university.com,Female,23,Business,,65.72,73.94,91.6,79.25,8.17,95.66,68.29,A,23.7,No,Yes,Bachelor's,Low,5,4.4
S1738,Ahmed,Williams,student738@university.com,Male,22,CS,87,54.35,47.86,87.68,60.5,2.91,66.7,60.43,A,28.1,No,Yes,None,Medium,7,8.9
S1739,Maria,Brown,student739@university.com,Female,18,CS,83.09,77.83,64.37,73.3,81.45,7.67,73.05,69.74,B,10.4,Yes,Yes,None,High,8,5.3
S1740,Omar,Williams,student740@university.com,Male,22,Engineering,91.36,88.41,59.76,87.88,88.53,8.15,96.46,50.45,A,27.1,Yes,Yes,,High,3,7.7
S1741,Emma,Williams,student741@university.com,Male,22,Engineering,84.27,97.98,52.85,73.94,94.26,8.92,88.06,91.47,D,20.1,Yes,Yes,PhD,Medium,7,6.1
S1742,Sara,Johnson,student742@university.com,Male,22,Business,76.7,67.28,96.01,86.83,86.84,7.54,53.72,69.19,D,26.4,Yes,Yes,,Medium,7,7.4
S1743,Ahmed,Smith,student743@university.com,Female,23,CS,61.85,87.17,92.86,94.01,78.82,5.65,78.91,81.14,F,26.2,Yes,Yes,None,Medium,9,5.3
S1744,John,Brown,student744@university.com,Female,18,CS,87.19,95.02,51.95,94.53,83.66,5.98,65.52,66.24,A,14.8,No,Yes,None,Medium,3,4.5
S1745,Sara,Brown,student745@university.com,Female,18,Business,73.67,81,61.13,72.73,74.26,3.21,75.42,80.74,A,22,Yes,Yes,,Low,6,8
S1746,John,Brown,student746@university.com,Male,24,CS,64.74,54.56,85.74,92.97,61.34,1.77,87.15,77.02,B,28.7,Yes,Yes,None,Low,7,7.6
S1747,Omar,Johnson,student747@university.com,Male,22,CS,90.1,76.47,52.51,,94.11,1.31,74.81,60.43,A,21.8,No,Yes,Master's,High,9,4.5
S1748,Ali,Davis,student748@university.com,Male,24,CS,84.84,98.2,75.49,55.09,76.63,1.82,53.55,81.27,C,16.5,No,Yes,Bachelor's,Medium,4,7.7
S1749,Sara,Williams,student749@university.com,Female,24,Engineering,96.87,99.25,81.99,77.41,79.72,9.34,76.5,55.48,A,14.3,No,Yes,None,Low,4,7
S1750,Liam,Smith,student750@university.com,Male,20,CS,58.27,78.54,79.24,82.59,99.51,1.64,51.21,74.05,D,8.6,Yes,Yes,PhD,Medium,5,4.9
S1751,Ahmed,Jones,student751@university.com,Male,23,Business,,93.22,82.38,57.65,99.25,7.24,67.42,85.99,F,30,No,Yes,,Medium,10,8.1
S1752,Sara,Davis,student752@university.com,Female,23,Engineering,62.21,52.02,82.4,73.61,79.32,1.85,73.9,77.45,F,21.4,No,No,High School,Low,5,7.5
S1753,Sara,Williams,student753@university.com,Male,21,Mathematics,95.18,54.76,97.89,54.72,51.7,9.75,82.23,87.31,A,11.9,No,Yes,PhD,Medium,1,6.5
S1754,Sara,Johnson,student754@university.com,Male,24,Engineering,54.97,97.17,60.79,80.1,69.81,3.67,75.31,63.66,D,6.9,Yes,Yes,High School,Medium,8,4.9
S1755,Emma,Williams,student755@university.com,Female,23,CS,82.81,48.11,92.72,92.75,96.86,4.12,57.6,52.44,F,23.8,No,Yes,High School,Medium,8,6.7
S1756,Sara,Williams,student756@university.com,Female,22,CS,89.55,51.47,41.31,86.88,64.42,4.05,96.61,52.8,A,26.4,No,Yes,None,Medium,9,4.8
S1757,John,Johnson,student757@university.com,Male,19,CS,67.75,65.23,57.29,68.91,99.96,8.16,82.51,63.44,B,15.7,No,No,,Low,3,4.9
S1758,Ali,Brown,student758@university.com,Female,22,Engineering,97.71,75.38,42.92,99.69,54.22,2.18,65.85,70.38,A,28.9,No,No,,Low,6,5.2
S1759,Omar,Brown,student759@university.com,Male,18,CS,92.54,76.23,79.07,83.15,78.41,8.31,98.3,76.88,A,13.2,No,Yes,PhD,Low,10,7.3
S1760,Maria,Smith,student760@university.com,Female,23,CS,64.73,57.52,46.05,90.76,75.77,6.57,94.13,87.88,D,23.9,No,Yes,High School,Medium,9,7.4
S1761,Sara,Smith,student761@university.com,Male,23,Engineering,50.38,95.24,90.74,83.48,62.77,2.2,57.17,91.98,C,11.6,Yes,Yes,None,Low,4,4.4
S1762,Ahmed,Brown,student762@university.com,Female,21,CS,64.83,94.91,78.8,99.47,97.43,0.65,82.77,84.68,B,13.4,No,Yes,,High,9,7.3
S1763,Sara,Davis,student763@university.com,Male,24,CS,64.07,63.52,41.73,91.07,80.96,7.75,78,73.16,A,20.1,Yes,Yes,PhD,Medium,6,4.2
S1764,Ahmed,Jones,student764@university.com,Female,19,Business,94.5,66.06,82.89,75.97,61.51,2.19,59.64,63.22,A,5.9,No,Yes,High School,Medium,4,8.5
S1765,John,Williams,student765@university.com,Female,23,Mathematics,98.36,82.15,91.72,68.34,69.2,8.89,61.67,71.39,A,10.3,Yes,Yes,None,Medium,6,7.9
S1766,Ahmed,Jones,student766@university.com,Female,21,CS,53.52,79.78,79.67,84.11,86.06,1.3,78.19,63.67,D,9.4,Yes,Yes,Master's,Low,6,7.6
S1767,Liam,Williams,student767@university.com,Female,21,CS,73.56,62.94,41.83,79.51,64.88,6.16,66.06,81.22,A,13.2,No,Yes,PhD,Low,4,5.2
S1768,Maria,Brown,student768@university.com,Female,19,Mathematics,77.42,64.85,91.48,81.47,93.98,6.92,91.74,90.91,C,24.4,No,Yes,None,Low,10,8.9
S1769,Ali,Smith,student769@university.com,Female,22,CS,54.65,60.88,83.95,67.15,58.28,6.58,54.89,75.91,D,27.7,No,Yes,Master's,Medium,5,8.6
S1770,Ahmed,Davis,student770@university.com,Female,22,Mathematics,68.87,54.12,62.71,71.44,63.23,3.16,95.7,52.29,B,5.3,Yes,Yes,High School,Medium,1,6.4
S1771,Ahmed,Smith,student771@university.com,Male,22,CS,65.85,67.49,59.72,77.9,57.24,8.76,92.03,96.99,D,11.4,Yes,Yes,,High,9,4.2
S1772,Ali,Jones,student772@university.com,Male,20,Business,76.8,81.19,68.79,91.96,55.21,7.7,86.93,64.71,B,5.6,Yes,Yes,High School,Medium,7,6.6
S1773,Maria,Smith,student773@university.com,Female,24,CS,83.06,84.52,92.03,88.15,65.02,5.1,63.13,95.73,D,26.5,No,Yes,PhD,High,5,4.8
S1774,Sara,Brown,student774@university.com,Female,24,Mathematics,85.17,86.73,55.12,,99.96,6.03,85.75,90.65,A,10,No,Yes,Bachelor's,High,5,7
S1775,Ahmed,Davis,student775@university.com,Male,22,CS,56.84,62.48,46.06,62.28,54.72,5.66,71.94,70.66,F,24.3,No,Yes,Bachelor's,High,6,8.9
S1776,Ali,Jones,student776@university.com,Male,19,Engineering,90.65,85.88,91.88,51.33,60.65,9.47,81.69,52.84,A,5.8,Yes,Yes,,Medium,8,7.8
S1777,Liam,Davis,student777@university.com,Female,20,CS,83.93,40.39,41.58,,63.58,8.96,65.63,97.39,A,15,No,No,Master's,Low,3,5.6
S1778,Liam,Williams,student778@university.com,Male,24,CS,94.45,68.62,94.66,61.22,80.96,2.35,91.79,82.95,A,14,No,Yes,Bachelor's,Low,8,6
S1779,John,Smith,student779@university.com,Male,22,Business,72.47,87.63,58.34,89.97,87.27,2.63,52.03,62.48,A,13.2,No,Yes,,High,3,8.7
S1780,Ali,Davis,student780@university.com,Female,20,Engineering,,77.8,70.49,95.24,87.6,9.81,84.57,76.68,A,19.3,No,Yes,PhD,Low,10,4.6
S1781,John,Johnson,student781@university.com,Female,19,Mathematics,,68.44,47.94,69.59,50.43,2.37,91.43,81.77,D,14.8,No,Yes,,Low,5,8.5
S1782,Liam,Smith,student782@university.com,Female,22,Engineering,71.92,78.68,94.14,78.16,82.59,9.53,82.32,61.33,B,15.1,No,Yes,Bachelor's,Low,5,4.4
S1783,Maria,Williams,student783@university.com,Male,18,Business,69.06,94.42,84.99,85.3,81.54,6.5,59.6,54.68,C,9.7,No,Yes,Master's,Medium,2,6.1
S1784,Sara,Davis,student784@university.com,Female,23,Engineering,96.64,73.98,95.45,97.65,75.88,0.5,64.25,63.37,A,15.4,No,Yes,PhD,High,1,7.7
S1785,Ali,Jones,student785@university.com,Female,19,Mathematics,,87.99,80.99,95.65,68.96,3.36,75.75,52.38,F,23.5,No,Yes,Bachelor's,Medium,3,6
S1786,Omar,Williams,student786@university.com,Male,21,Mathematics,96.41,98.84,51.08,52.86,89.87,4.76,66.47,53.5,A,13.1,No,Yes,Bachelor's,Low,10,6.9
S1787,Liam,Johnson,student787@university.com,Female,21,CS,89.85,82.33,58.5,62.41,67.19,8.33,50.25,57.83,A,26.4,No,Yes,,Medium,4,6.5
S1788,Liam,Davis,student788@university.com,Male,19,Business,80.46,74.4,69.21,52.46,61.5,3.29,52.03,57.92,F,9.2,No,Yes,None,Medium,7,7
S1789,Omar,Brown,student789@university.com,Male,21,Business,55.79,42.25,76.44,80.83,65.5,3.11,88.39,62.4,D,26.2,No,Yes,,Low,7,4.9
S1790,Emma,Smith,student790@university.com,Male,24,CS,64.57,62.47,95.59,85.52,71.98,9.2,54.19,96.87,F,20.4,No,Yes,None,High,9,6.9
S1791,Liam,Jones,student791@university.com,Male,19,Engineering,98.44,73.93,63.04,,60.7,0.79,96.4,78.79,A,15.6,No,Yes,,Medium,4,8.9
S1792,Ahmed,Brown,student792@university.com,Male,18,CS,65.97,87.83,82.18,92.69,80.38,5.52,72.14,71.13,C,5.9,No,Yes,High School,Low,3,5
S1793,Maria,Davis,student793@university.com,Male,19,Business,54.66,66.29,97.66,72.64,94.21,5.04,87.91,78.19,F,8.2,No,Yes,,Low,3,4.3
S1794,Ali,Davis,student794@university.com,Female,22,CS,85.38,97.6,49.14,99.92,79.77,0.57,56.28,50.29,A,15.4,No,Yes,PhD,Low,10,6
S1795,Omar,Williams,student795@university.com,Female,22,CS,86.7,56.31,91.76,50.02,72.33,0.88,96.33,94.74,A,26.9,Yes,Yes,None,High,10,5.9
S1796,Ahmed,Davis,student796@university.com,Female,20,Engineering,,84.67,65.24,55.47,89.84,3.82,51.69,76.62,D,28.9,No,Yes,Bachelor's,Medium,1,4.6
S1797,Omar,Jones,student797@university.com,Male,21,Engineering,64.88,65.14,83.95,65.09,87.4,1.34,52.11,72.58,A,28.2,Yes,Yes,,Low,6,6.9
S1798,Ali,Brown,student798@university.com,Female,23,Business,73.44,69.16,57.61,51.28,68.35,4.78,52.73,97.08,C,11.9,Yes,Yes,Bachelor's,Low,4,6.2
S1799,John,Jones,student799@university.com,Male,21,Mathematics,51.09,88.15,60.04,89.12,80.21,6.09,55.17,86.52,D,11.4,No,Yes,PhD,Medium,5,8.2
S1800,Ali,Johnson,student800@university.com,Female,24,Engineering,89.47,57.77,41.63,52.64,86.49,6.91,74.34,66.87,A,23.5,Yes,Yes,Master's,Low,2,6.1
S1801,Emma,Johnson,student801@university.com,Male,19,CS,65.85,45.81,98.28,87.45,62.27,5.46,89.41,96.81,F,28.5,Yes,Yes,None,Medium,8,8.9
S1802,Ali,Smith,student802@university.com,Female,23,Business,92.69,71.22,88.81,52.63,68.31,3.8,64.25,92.6,A,8.3,No,Yes,Master's,Low,10,7.9
S1803,Ali,Smith,student803@university.com,Male,23,Engineering,90.13,71.73,45.64,62.64,55.29,1.3,87.29,97.73,B,14.4,No,Yes,Master's,High,3,6.4
S1804,Emma,Johnson,student804@university.com,Female,21,Engineering,83.07,87.83,99.97,,99.38,2.47,88.7,54.81,A,25.9,No,Yes,None,Medium,7,6.8
S1805,Maria,Davis,student805@university.com,Male,23,CS,66.24,98.1,76.3,,54.29,4.19,95.41,97.76,C,17.3,No,Yes,,Low,9,8.3
S1806,Liam,Jones,student806@university.com,Female,23,Engineering,75.82,43.32,91.22,70.73,58.43,9.24,57.47,77.14,A,26.1,No,No,None,Low,9,7.9
S1807,Ali,Johnson,student807@university.com,Male,22,CS,72.24,75.5,44,98.5,73.99,2.03,56.78,83.61,B,7.9,No,Yes,None,Medium,8,7.3
S1808,Emma,Smith,student808@university.com,Female,18,Business,66.94,80.88,63.37,81.34,93.26,4.13,56.1,60.61,F,24.4,Yes,Yes,High School,Medium,3,5.3
S1809,Ahmed,Johnson,student809@university.com,Female,19,Engineering,92.41,99.15,80.18,70.79,67.79,7.32,67.97,57.02,B,14.7,No,Yes,High School,Medium,5,6.1
S1810,John,Davis,student810@university.com,Female,21,Business,74.18,96.56,46.39,90.14,88.43,7.05,74.47,53.97,D,22.3,No,Yes,Bachelor's,High,10,7.9
S1811,John,Johnson,student811@university.com,Male,22,Engineering,,82.75,69.33,64.77,83.8,9.66,73.08,71.12,D,12.3,Yes,Yes,None,Low,1,7.1
S1812,Ali,Jones,student812@university.com,Male,24,CS,55.26,71.31,66.56,,81.93,1.91,62.85,61.07,C,22.3,No,Yes,Master's,Low,7,8.8
S1813,Maria,Brown,student813@university.com,Male,24,Business,57.05,49.69,52.96,82.83,92.25,0.17,81.1,54.08,D,22.6,Yes,Yes,Master's,Medium,4,8.4
S1814,Maria,Davis,student814@university.com,Male,20,Engineering,,63.05,58.02,69.52,50.71,3.22,66.91,97.75,F,15.5,No,Yes,High School,Medium,9,6.1
S1815,Ahmed,Smith,student815@university.com,Male,23,CS,,75.11,98.03,56.8,96.46,1.5,68.3,86.67,F,29.2,No,Yes,None,Medium,10,5.5
S1816,Ali,Jones,student816@university.com,Female,23,Engineering,75.49,83.51,57.32,,91.46,5.48,55.28,75.89,D,5,Yes,Yes,,Low,8,4.6
S1817,John,Johnson,student817@university.com,Male,21,CS,76.16,78.12,52.81,89.39,96.89,8.99,79.61,87.17,A,21.9,No,Yes,High School,High,10,6
S1818,Maria,Johnson,student818@university.com,Female,18,Business,60.76,82.85,72.17,83.8,89.68,6.88,82.76,80.57,F,27.7,Yes,Yes,High School,Low,7,5.1
S1819,Ali,Brown,student819@university.com,Female,18,Engineering,85.94,65.75,80.26,70.59,93.93,1.36,87.9,58.9,B,26.4,No,Yes,Master's,Low,10,4.1
S1820,Omar,Smith,student820@university.com,Male,21,Business,54.24,83.66,83.51,94.81,60.15,1.16,95.2,81.67,F,19.1,No,Yes,PhD,Low,4,4.7
S1821,Maria,Smith,student821@university.com,Female,21,CS,78.67,48.62,85.25,70.54,65.96,9.11,88.3,84.05,B,27.4,Yes,Yes,PhD,Low,2,6.3
S1822,Emma,Williams,student822@university.com,Male,22,CS,78.54,49.76,42.21,,65.76,4.88,61.79,61.87,B,7.7,No,Yes,Master's,High,3,8.5
S1823,Omar,Smith,student823@university.com,Male,24,Mathematics,95.71,49.77,63.63,,55.46,9.24,61.78,66.01,A,18.6,No,Yes,Master's,Low,8,5.6
S1824,Liam,Brown,student824@university.com,Male,21,Business,76.31,93.45,86.44,92.04,86.48,7.36,95.75,69.17,C,29.5,Yes,Yes,Master's,Medium,6,6.2
S1825,Maria,Williams,student825@university.com,Female,24,CS,,44.56,94.29,75.56,56.81,9.93,89.51,80.13,D,29.8,No,Yes,PhD,Low,3,5.9
S1826,John,Williams,student826@university.com,Male,20,CS,78.64,88.09,76.13,84.03,52.63,8.71,89.11,56.34,A,22,No,Yes,,Low,10,5.8
S1827,Sara,Johnson,student827@university.com,Male,24,CS,54.57,54.01,43.14,70.68,88.77,4.14,85.99,87.17,C,9.2,No,Yes,High School,High,2,7.6
S1828,Omar,Johnson,student828@university.com,Male,22,Engineering,60.19,68.11,63.8,82.36,95.23,7.58,63.36,67.3,D,7.8,No,Yes,Bachelor's,High,8,6.5
S1829,Liam,Smith,student829@university.com,Female,23,Business,51.56,94.96,44.45,62.88,88.21,4.71,92.37,84.59,C,28.1,Yes,No,,Low,9,6
S1830,Ahmed,Williams,student830@university.com,Male,23,Business,,75.16,84.91,71.74,91.27,2.33,57.14,96.64,D,27,No,Yes,None,Medium,7,8.7
S1831,Ahmed,Johnson,student831@university.com,Female,24,Engineering,54.23,52.61,43.81,60.48,79.78,2.41,67.5,93.49,C,12.9,No,No,Bachelor's,High,5,5.4
S1832,John,Brown,student832@university.com,Female,23,Business,73.47,57.05,51.14,51.91,94.39,3.97,67.32,86.88,C,28.3,No,Yes,PhD,Medium,8,8.2
S1833,Maria,Johnson,student833@university.com,Male,23,Engineering,96.65,95.23,65.02,79.43,74.84,1.11,78.01,59.67,B,8.3,No,Yes,,Medium,3,6.6
S1834,Ali,Davis,student834@university.com,Female,19,CS,85.99,65.63,67.76,93.22,99.42,1.78,73.17,86.6,A,12.4,No,Yes,PhD,Medium,4,6.2
S1835,Maria,Davis,student835@university.com,Female,20,Engineering,,75.22,64.39,51.28,55.17,5.01,72.99,81.79,F,21.1,No,Yes,Bachelor's,Medium,3,4.3
S1836,John,Johnson,student836@university.com,Male,22,Mathematics,61.21,67.6,67.8,59.8,90.46,9.54,77.68,88.63,C,9.3,No,Yes,PhD,Low,3,8.3
S1837,Ahmed,Williams,student837@university.com,Male,22,Business,83.68,62.71,82.79,73.01,82.07,5.78,70.77,93.44,B,29.7,No,Yes,High School,Medium,8,5.4
S1838,Maria,Williams,student838@university.com,Male,23,Engineering,94.74,53.4,62.16,83.29,79.03,4.08,62.5,65.57,A,10.6,No,Yes,Bachelor's,Medium,3,7.4
S1839,Ahmed,Jones,student839@university.com,Female,18,Engineering,51.65,81.17,72.87,58.56,86.29,2.43,83.21,82.22,F,11.1,No,Yes,,High,6,8.4
S1840,Omar,Davis,student840@university.com,Male,22,Mathematics,90.62,83.09,58.2,52.83,92.01,1.96,89.53,63.76,B,16.9,No,Yes,High School,Low,7,6.7
S1841,Liam,Brown,student841@university.com,Female,20,Engineering,,56.49,61.22,75.95,93.14,6.58,73.95,67.31,F,24.5,No,No,PhD,Low,1,7.2
S1842,Ali,Williams,student842@university.com,Female,21,CS,77.3,87.34,76.83,90.94,58.77,8.48,82.47,76.03,B,8,Yes,Yes,Bachelor's,Low,8,5.7
S1843,Omar,Smith,student843@university.com,Female,20,Mathematics,97.89,91.27,69.43,51.76,59.85,3.99,76.77,71.71,B,21.7,No,Yes,PhD,Medium,8,7.6
S1844,Ahmed,Davis,student844@university.com,Female,23,Business,87.38,95.24,83.38,67.47,50.81,5.51,52.95,80.03,B,7.5,Yes,Yes,Bachelor's,Medium,4,7.3
S1845,Ahmed,Brown,student845@university.com,Female,23,CS,92.51,49.67,73.63,83.18,56.59,7.07,71.15,87.94,A,7.4,No,No,None,Low,8,6.2
S1846,Sara,Brown,student846@university.com,Male,19,Engineering,67.7,58.24,88.21,56.54,63.19,0.58,50.49,80.25,A,6,No,Yes,None,Medium,6,7.2
S1847,Sara,Williams,student847@university.com,Male,24,Engineering,77.72,91.62,66.6,61.8,86.05,3.51,83.09,98.49,F,18.6,Yes,Yes,Bachelor's,Medium,7,5.3
S1848,Omar,Brown,student848@university.com,Female,22,CS,80.77,51.91,69.46,76.77,73.79,7.3,75.41,86.91,A,15.9,No,Yes,,Low,3,7.3
S1849,Emma,Williams,student849@university.com,Female,24,Mathematics,66.08,40.21,80.2,97.66,87.9,6.85,56.34,99.25,A,12.7,Yes,Yes,Master's,Low,3,7.4
S1850,Omar,Johnson,student850@university.com,Male,24,Engineering,78.51,92.25,53.27,64.37,74.33,0.53,77.11,87.17,C,18.2,No,Yes,Bachelor's,High,10,6.2
S1851,Sara,Davis,student851@university.com,Male,22,Business,61.83,59.59,63.16,74.38,77.78,2.38,94.92,75.4,A,17.5,Yes,Yes,High School,Medium,10,5.2
S1852,Ahmed,Jones,student852@university.com,Female,22,CS,57.17,64.87,77.49,70,55.55,6.8,67.02,70.55,F,16.8,Yes,No,None,Medium,9,8
S1853,John,Johnson,student853@university.com,Female,23,Engineering,68.7,66.78,41.73,94.87,88.83,2.71,99.12,86.78,F,9.3,No,Yes,Bachelor's,High,10,7.8
S1854,Omar,Davis,student854@university.com,Male,22,CS,86.96,90.9,66.22,53.59,87.91,8.14,97.97,84.36,A,27.4,Yes,No,Bachelor's,Low,10,4.3
S1855,Ahmed,Williams,student855@university.com,Male,18,Business,95.81,60.27,75.93,78.31,65.38,0.3,89.27,83.44,B,20.5,No,Yes,Bachelor's,Low,9,6.5
S1856,John,Davis,student856@university.com,Female,18,Engineering,,93.54,98.04,92.31,66.43,1.9,90.69,86.09,B,8.2,No,Yes,High School,Medium,3,4.5
S1857,John,Williams,student857@university.com,Male,21,Engineering,82.14,77.02,92.62,,60.98,2.81,70.53,93.61,C,11.4,No,Yes,PhD,Low,9,5.6
S1858,Sara,Johnson,student858@university.com,Male,22,CS,55.15,71.64,56.84,84.94,90.69,9.25,70.13,61.39,F,24.1,Yes,Yes,,High,3,6.1
S1859,Omar,Smith,student859@university.com,Female,19,CS,95.22,59.54,70.43,69,87.35,7.96,97.72,78.24,B,24.4,Yes,Yes,High School,Low,4,4.9
S1860,Maria,Smith,student860@university.com,Female,21,CS,78.43,54.62,43.38,70.59,80.46,8.84,68.31,80.17,F,23.1,Yes,Yes,,Low,3,6.3
S1861,Ali,Davis,student861@university.com,Female,23,CS,89.02,77.44,54.45,67.58,61.94,4.4,54.84,64.64,B,24.8,No,Yes,,Low,5,7.5
S1862,Sara,Smith,student862@university.com,Male,22,Engineering,89.72,66.81,86.49,,58.59,8.23,57.64,99.4,A,20,Yes,Yes,,High,4,6.2
S1863,Sara,Williams,student863@university.com,Female,18,Engineering,62.82,94.63,47.4,86.97,52.51,8.53,85.52,89.28,A,12.2,No,Yes,Master's,Medium,9,5.2
S1864,Maria,Brown,student864@university.com,Male,19,Engineering,76.46,69.5,55.46,90.97,52.28,4,69.15,66.06,F,13.9,No,Yes,None,Medium,2,6.1
S1865,Ali,Williams,student865@university.com,Female,21,Engineering,98.02,70.71,96.64,,59.36,9.94,59.97,67.92,A,17.7,Yes,Yes,High School,Low,10,7
S1866,Ahmed,Brown,student866@university.com,Female,19,CS,54.48,65,89.43,85.84,55.03,8.51,90.69,85.91,D,11.2,Yes,Yes,High School,Low,8,8.7
S1867,Emma,Johnson,student867@university.com,Male,22,CS,84.15,87.36,86.91,95.81,77.81,9.74,74.43,50.57,A,26.3,No,Yes,None,High,3,6.5
S1868,Omar,Jones,student868@university.com,Male,20,CS,98.11,65.49,91.87,96.04,67.9,8.66,78.38,73.2,A,23.7,No,Yes,,Medium,9,8.4
S1869,Emma,Brown,student869@university.com,Female,19,Business,65.03,56.16,84.98,85.2,72.25,7.76,57.7,67.16,A,29.5,No,Yes,PhD,Low,2,8.9
S1870,Ahmed,Smith,student870@university.com,Female,19,Engineering,93.07,91.72,47.24,81.85,79.7,9.44,59.64,92.7,A,15.4,Yes,Yes,Master's,Medium,7,6.8
S1871,Liam,Williams,student871@university.com,Male,23,CS,96.68,75.81,70.99,76.58,82.96,4.2,56.29,89.56,B,26.8,No,Yes,High School,Medium,6,4.7
S1872,Sara,Johnson,student872@university.com,Female,18,CS,87.35,75.49,66.65,59.16,82.41,7.83,75.73,66.6,A,24.5,No,Yes,Master's,Low,8,8.4
S1873,Ali,Smith,student873@university.com,Male,22,Business,61.57,76.65,58.67,,63.04,2.13,88.78,93.24,A,25.8,Yes,Yes,,Medium,3,8.3
S1874,Sara,Johnson,student874@university.com,Male,19,Business,66.7,83.13,90.04,74.29,90.48,7.33,86.61,95.68,B,22.2,No,Yes,Master's,Low,6,8.3
S1875,John,Jones,student875@university.com,Female,22,Engineering,51.79,58.78,67.85,57.97,95.89,7.85,63.06,77.62,D,13.7,No,Yes,None,High,2,8.8
S1876,Sara,Williams,student876@university.com,Male,18,Engineering,91.57,42.03,43.62,78.85,65.8,7.17,92.58,57.96,A,11.1,No,Yes,None,Medium,10,5.4
S1877,Sara,Davis,student877@university.com,Male,23,CS,92.48,88.64,56.5,82.29,50.85,8.5,55.28,88.52,B,11.8,No,No,None,High,10,5.7
S1878,Ahmed,Williams,student878@university.com,Male,22,Mathematics,81.64,47.73,53.72,76.28,94.96,4.13,55.7,65.97,F,19.2,Yes,Yes,PhD,Medium,7,7.4
S1879,Ahmed,Jones,student879@university.com,Female,24,Business,67.63,83.31,93.25,51.82,96.18,5.45,92.47,76.36,C,27,No,Yes,PhD,Medium,3,6.8
S1880,Ahmed,Williams,student880@university.com,Male,18,CS,53.84,44.94,78.85,52.89,52.55,0.11,62.22,52.28,C,16.2,No,Yes,None,Medium,5,8.3
S1881,Emma,Davis,student881@university.com,Female,18,Business,87.65,62.52,73.62,,50.25,1.46,85.41,75,A,20,Yes,Yes,Master's,Medium,3,5.3
S1882,John,Brown,student882@university.com,Female,21,Business,86.33,43.78,70.4,57.68,90.82,6.44,50.45,69.01,A,23.3,No,Yes,None,Medium,10,7.3
S1883,Liam,Johnson,student883@university.com,Female,23,CS,95.63,71.33,79.01,99.49,65.07,5.62,54.68,84.3,B,26.4,Yes,Yes,None,Medium,1,8.7
S1884,Liam,Davis,student884@university.com,Male,23,Engineering,86.53,79.19,85.29,67.22,95.73,1.97,80.46,52.04,A,21.2,No,No,Bachelor's,Medium,1,5.1
S1885,Ahmed,Smith,student885@university.com,Male,24,CS,91.43,50.29,73.26,64.6,60.84,2.43,59.12,81.25,B,20.7,Yes,Yes,,High,10,5.5
S1886,Ali,Jones,student886@university.com,Female,22,CS,87.3,62.3,96.3,52.61,93.06,3.44,51.41,88.6,A,29.7,No,Yes,PhD,Medium,4,6
S1887,Emma,Brown,student887@university.com,Female,20,Business,81.53,95.81,98.61,81.77,53.43,7.16,73.35,50.64,A,26.6,No,Yes,None,High,5,4.4
S1888,Maria,Smith,student888@university.com,Male,24,CS,71.35,66.54,99.72,82.61,63.03,6.1,66.53,87.5,A,23.3,No,Yes,None,High,1,4.9
S1889,Ali,Smith,student889@university.com,Female,21,Business,95.11,88.15,80.16,58.77,98.66,0.7,90.11,56.51,A,25.8,Yes,Yes,Bachelor's,Medium,10,5.9
S1890,Omar,Jones,student890@university.com,Female,23,Mathematics,,95.63,95.96,95.96,61.56,7.6,90.94,84.9,A,30,No,No,,High,3,4.4
S1891,Omar,Brown,student891@university.com,Male,18,CS,69.92,98.46,64.27,90.02,56.65,2.63,80.72,72.76,B,17.6,No,Yes,,Medium,3,5.8
S1892,Ali,Smith,student892@university.com,Female,23,Engineering,54.17,93.9,91.58,61.52,92.85,6.72,64.65,77.6,F,22.6,Yes,Yes,PhD,High,2,5.2
S1893,Ahmed,Smith,student893@university.com,Male,24,Business,,59.04,94.55,74.29,55.89,1.23,73.08,66.87,B,25.3,No,Yes,,Low,6,8.3
S1894,Maria,Brown,student894@university.com,Male,20,Business,77.19,97.75,94.25,72.92,54.87,9.98,85.11,62.27,D,16.1,Yes,Yes,PhD,Low,2,7
S1895,Maria,Williams,student895@university.com,Female,19,Business,63.78,88.74,89.85,67.43,66.17,0.8,53.47,53.55,B,28.9,No,No,Master's,Medium,4,8.5
S1896,Emma,Smith,student896@university.com,Male,19,CS,61.06,90.23,64.4,90.88,81.77,7.42,66.62,93.23,D,14.6,Yes,Yes,None,Low,5,5
S1897,Maria,Johnson,student897@university.com,Male,23,Engineering,76.37,40.91,49.53,55.46,85.54,5.41,91.12,80.52,C,11.1,No,Yes,Master's,Medium,3,4.4
S1898,Omar,Brown,student898@university.com,Male,23,Engineering,58.49,97.25,60.04,70.77,94.06,0.86,70.3,99.14,C,21.9,No,Yes,High School,Low,1,5.8
S1899,John,Smith,student899@university.com,Female,21,Mathematics,90.02,86.69,86.04,71.4,77.05,0.27,81.23,92.52,B,7,No,Yes,,High,1,4.3
S1900,Ahmed,Jones,student900@university.com,Female,23,CS,74.22,86.08,53.97,73.44,69.67,3.63,54.82,93.48,D,8.2,No,Yes,PhD,Medium,1,8.4
S1901,Maria,Davis,student901@university.com,Female,20,Mathematics,78.69,44.89,68.7,,67.94,8.02,88.85,79.89,C,29.3,Yes,Yes,None,Low,6,4.9
S1902,Emma,Johnson,student902@university.com,Male,23,CS,57.37,53.95,73.92,60.91,92.35,0.41,55.02,54.05,F,12,No,Yes,PhD,Medium,4,4.7
S1903,Omar,Davis,student903@university.com,Male,22,Mathematics,66.23,97.74,76.23,55.15,86.19,7.04,93.08,95.67,D,5.8,Yes,Yes,PhD,Medium,6,7.9
S1904,John,Davis,student904@university.com,Female,24,Engineering,70.5,70.04,96.14,80.89,95.27,6.55,55.33,55.89,C,16.9,No,Yes,,High,1,7.6
S1905,Sara,Smith,student905@university.com,Female,20,Engineering,,63.87,79.69,58.69,98.2,2.66,94.54,75.86,A,26.7,No,Yes,,Medium,5,4.3
S1906,Sara,Johnson,student906@university.com,Male,21,Engineering,88.51,90.4,87.18,53.75,65,0.77,68.19,92.84,A,13.3,Yes,Yes,,Low,1,6.5
S1907,John,Johnson,student907@university.com,Female,22,CS,61.15,45.24,74.91,71.33,76.48,9.15,81.23,73.62,C,15.5,No,Yes,,High,4,6.2
S1908,Omar,Williams,student908@university.com,Female,22,CS,80.81,65.02,90.01,60.98,81.59,3,92.33,58.28,A,8.9,No,Yes,PhD,High,9,5.9
S1909,Emma,Davis,student909@university.com,Female,24,CS,62.17,62.54,55.82,68.06,58.19,1.11,50.51,68.66,D,13.7,No,Yes,,Low,6,4.6
S1910,John,Johnson,student910@university.com,Female,19,CS,99.41,60.99,52.59,62.99,52.67,6.82,63.28,99.42,A,29.1,Yes,Yes,None,Low,4,7.9
S1911,Ahmed,Williams,student911@university.com,Female,20,CS,97.61,58.46,95.58,54.63,93.39,2.17,95.42,99.99,A,26.9,Yes,Yes,High School,Medium,10,5.2
S1912,Ahmed,Brown,student912@university.com,Male,24,Business,78.16,52.6,81.61,78.02,76.78,4.76,69.41,85.54,D,23.5,No,Yes,High School,Medium,7,6.3
S1913,Sara,Williams,student913@university.com,Female,22,Engineering,84.95,50.37,80.29,51.35,78.54,0.5,85.32,94.4,A,24.7,No,Yes,None,Medium,10,8.4
S1914,Maria,Jones,student914@university.com,Female,21,CS,90.07,78.42,68.04,98.32,77.75,9.93,57,52.21,B,21.7,No,Yes,None,Low,10,5.6
S1915,Emma,Smith,student915@university.com,Male,24,Business,86.05,95.16,62.6,,87.75,4.48,83.92,63.8,A,7.9,No,Yes,,Low,1,4.2
S1916,Sara,Brown,student916@university.com,Male,19,Engineering,84.99,70.53,73.34,84.76,57.28,9.99,53.66,68.45,B,7.9,No,Yes,High School,Medium,1,8.4
S1917,Maria,Brown,student917@university.com,Male,22,Mathematics,,57.88,47.23,90.52,80.7,3.86,85.87,50.6,C,18.4,Yes,Yes,None,Low,5,6.5
S1918,Maria,Jones,student918@university.com,Male,24,Engineering,79.82,49.55,67.28,63.96,73.47,3.48,66.19,68.85,C,19.9,Yes,Yes,Bachelor's,Low,7,6.5
S1919,Liam,Williams,student919@university.com,Female,20,CS,81.82,89.81,67.32,87.44,94.85,9.15,73.29,54.65,C,29.3,No,Yes,High School,Medium,9,6.8
S1920,Ahmed,Smith,student920@university.com,Female,19,Engineering,92.46,98.29,72.3,91.62,75.98,3.29,58.31,75.87,A,16.3,Yes,Yes,None,Low,9,4.9
S1921,Omar,Williams,student921@university.com,Female,20,Engineering,83.49,60.95,78.08,62.07,97.15,4.32,81.39,50.22,F,27.9,Yes,Yes,Master's,Medium,10,7.6
S1922,Ali,Johnson,student922@university.com,Female,20,CS,86.65,57.46,97.44,99.62,67.66,0.78,66.88,63.52,B,29.8,No,Yes,None,Medium,8,5.2
S1923,Omar,Williams,student923@university.com,Male,20,CS,61.71,76.09,79.13,51.03,98.34,9.55,69.17,93.31,D,26.1,Yes,No,High School,Low,2,5.5
S1924,Ali,Brown,student924@university.com,Male,24,CS,68.56,86.52,93.02,60.85,93.76,0.85,82.61,60.65,F,15,No,Yes,,Medium,1,7.2
S1925,John,Smith,student925@university.com,Female,19,CS,57.37,67.32,73.38,89,79.21,7.71,58.94,53.24,C,23.8,No,Yes,Bachelor's,Medium,3,7.7
S1926,Ahmed,Williams,student926@university.com,Female,24,Engineering,75.29,77.8,77.62,59.71,67.69,5.39,92.6,62.49,B,18.6,No,Yes,None,Low,1,7.7
S1927,Maria,Smith,student927@university.com,Female,24,Engineering,72.79,82.99,44.19,84.91,68.8,0.61,86.96,91.38,F,10,No,No,High School,Medium,1,4.4
S1928,Emma,Smith,student928@university.com,Female,24,CS,99.86,97.64,48,92.78,88.64,0.02,78.89,79.36,A,8.2,No,Yes,,Low,8,7.8
S1929,Ali,Johnson,student929@university.com,Male,22,Engineering,80.56,49.9,74.78,97.96,79.03,9.36,56.42,79.3,B,6.8,Yes,Yes,None,Low,3,7.3
S1930,Omar,Johnson,student930@university.com,Female,23,Engineering,89.32,99.84,63.74,73.71,70.08,7.42,84.36,50.03,A,13.2,No,Yes,High School,Low,2,7
S1931,Maria,Brown,student931@university.com,Male,18,CS,66.7,63.53,87.93,,81.8,6.86,50.9,73.61,F,22.2,No,Yes,Master's,Medium,6,8.8
S1932,Ali,Jones,student932@university.com,Male,22,CS,91.58,83.39,72.59,70.58,86.66,4.39,90.22,63.28,A,27.8,No,Yes,,Medium,1,5.7
S1933,Ali,Smith,student933@university.com,Male,19,CS,80.75,74.34,92.94,60.91,51.15,2.39,65.19,66.81,A,13,No,Yes,High School,Low,2,7.4
S1934,Liam,Jones,student934@university.com,Male,18,CS,84.85,69.2,98.34,75.7,54.49,6.8,55.86,79.93,A,18.3,Yes,Yes,PhD,High,4,6.9
S1935,Ali,Brown,student935@university.com,Female,18,CS,64.72,81.88,48.86,82.49,54.72,6.08,58.22,93.72,A,16.7,No,Yes,None,Low,7,5.9
S1936,Emma,Smith,student936@university.com,Female,18,CS,77.43,63.75,63.69,72.9,61.6,7.26,98.16,59.08,B,7.7,No,Yes,None,Low,2,7.9
S1937,Ahmed,Smith,student937@university.com,Female,23,Engineering,81.7,47.57,79.9,78.35,71.35,3.66,88.69,88.41,C,24,Yes,Yes,High School,Low,4,6
S1938,Emma,Davis,student938@university.com,Female,24,Engineering,79.45,69.33,58.33,70.82,90.18,9.87,61.89,52.45,D,18,Yes,Yes,Master's,Low,4,6.8
S1939,Sara,Jones,student939@university.com,Male,21,CS,,71.31,56.02,76.24,67.55,0.67,98.17,66.34,F,27.9,No,Yes,,High,8,6.8
S1940,Maria,Williams,student940@university.com,Male,19,CS,94.91,52.11,88.82,97.63,50.87,0.8,57.01,60.95,A,25.9,No,Yes,Master's,Medium,7,6.6
S1941,Ahmed,Johnson,student941@university.com,Male,23,Engineering,98.55,96.14,98.82,74.99,74.17,9.17,86.68,95.78,A,12,No,No,Master's,Medium,7,6.3
S1942,Liam,Williams,student942@university.com,Female,23,Business,83.37,53.65,86.43,62.66,99.83,6.48,82.84,58.9,B,12.8,No,Yes,PhD,Medium,9,4.8
S1943,Ahmed,Jones,student943@university.com,Male,21,Business,98.6,64.55,71.42,87.94,67.45,3.26,91.07,78.93,A,18.4,No,Yes,PhD,Medium,3,5.2
S1944,Ahmed,Johnson,student944@university.com,Male,18,Engineering,91.62,49.3,66.55,,98.06,7.62,69.08,58.24,A,8.1,Yes,No,Master's,High,3,4.6
S1945,Omar,Williams,student945@university.com,Male,24,CS,63.54,72.15,72.38,90.81,55.07,4.53,70.09,73.67,B,11.3,No,Yes,Master's,Low,10,7.6
S1946,Ahmed,Davis,student946@university.com,Male,21,CS,,58.46,67.77,52.84,58.65,0.21,81.23,70.67,D,25.5,No,Yes,Master's,Low,9,7.7
S1947,Liam,Johnson,student947@university.com,Female,21,Business,61.92,69.36,70.17,66.61,86.21,6.51,69.91,52.07,D,8.8,Yes,Yes,None,Low,2,7.2
S1948,Emma,Smith,student948@university.com,Male,23,CS,50.21,53.48,52.21,54.72,75.06,2.43,52.07,91.29,F,18.7,No,Yes,None,Low,3,8.6
S1949,Ahmed,Williams,student949@university.com,Male,19,Mathematics,59.4,43.23,94.22,54.27,88.26,1.15,86.49,89.01,F,14.8,No,Yes,None,Medium,9,5.3
S1950,John,Johnson,student950@university.com,Female,20,Engineering,50.2,86.75,85.27,82.92,93.18,2.25,82.05,63.89,D,10,No,Yes,None,Low,10,8.1
S1951,Maria,Davis,student951@university.com,Female,24,Engineering,85.99,78.47,80.86,69.27,62.55,4.76,71.19,80.7,A,29.2,Yes,Yes,PhD,High,6,4.9
S1952,Ahmed,Johnson,student952@university.com,Female,21,CS,71.28,60.44,97,93.57,84.14,0.5,65.14,68.13,A,25.6,No,Yes,High School,Low,5,4.3
S1953,Maria,Johnson,student953@university.com,Male,24,Engineering,65.63,42.85,57.06,75.82,80.38,8.83,66.04,88.46,C,11.7,No,Yes,,Low,9,4
S1954,John,Davis,student954@university.com,Male,21,Engineering,88.09,91.93,44.87,64.77,93.08,5.6,87.05,84.62,A,24.6,No,No,Master's,High,7,6.9
S1955,John,Williams,student955@university.com,Male,18,CS,,50.19,89.57,86.04,71.51,2.93,86.46,54.52,D,5.2,No,Yes,High School,Medium,2,7.9
S1956,Maria,Brown,student956@university.com,Male,24,CS,98.76,95.84,99.91,,52.59,6.87,90.95,92.21,A,11.9,Yes,Yes,None,Medium,10,8.1
S1957,Ali,Williams,student957@university.com,Female,18,Business,82.1,68.72,74.71,89.98,78.71,8.04,88.11,58.97,B,7.7,No,Yes,Bachelor's,Low,9,6.4
S1958,Sara,Jones,student958@university.com,Male,23,Engineering,73.08,60.42,43.53,,97.94,6.14,87.9,58.71,D,15.6,No,Yes,Bachelor's,Low,6,4.3
S1959,Omar,Davis,student959@university.com,Male,18,Engineering,65.26,84.51,86.83,58.35,50.73,2.02,62.59,86.69,A,20.9,No,Yes,PhD,High,3,4.2
S1960,Ali,Williams,student960@university.com,Female,24,CS,61.12,92.61,44.42,83.52,62.01,1.1,55.08,59.16,D,9.3,No,Yes,Bachelor's,Medium,1,8.6
S1961,Ali,Johnson,student961@university.com,Female,22,Business,60.65,62.24,72.4,69.58,65.8,8.6,88.09,56.12,A,11,No,Yes,PhD,Low,4,4.5
S1962,Emma,Davis,student962@university.com,Female,24,Business,70.46,64.44,56.65,73.16,88.29,2.35,54.93,66.78,A,14.8,No,Yes,PhD,Low,8,7.9
S1963,Omar,Smith,student963@university.com,Male,21,Engineering,99.59,65.99,94.9,96.08,66.16,0.2,99.11,91.94,B,20.8,No,Yes,PhD,Low,5,4.3
S1964,Omar,Williams,student964@university.com,Male,18,Engineering,50.04,95.34,67.08,68,61.95,6.43,93.75,58.84,C,12.8,No,Yes,High School,High,5,4.9
S1965,Ali,Davis,student965@university.com,Male,19,Engineering,59.86,81.55,93.91,80.6,82.43,1.53,76.67,66.95,D,20,Yes,Yes,High School,Medium,2,4.8
S1966,Ahmed,Williams,student966@university.com,Male,22,Engineering,59.42,54.86,57.94,68.17,52.32,9.91,67.61,64.31,D,13.7,No,Yes,Bachelor's,Medium,4,5.4
S1967,Emma,Davis,student967@university.com,Male,23,CS,85.86,51.1,63.24,54.74,58.53,8.7,76.34,67.8,A,11.4,No,Yes,High School,Medium,4,6
S1968,Emma,Johnson,student968@university.com,Female,20,Mathematics,,53.82,96.83,72.68,70.4,6.08,86.72,85.71,F,26.4,No,Yes,None,High,9,4.6
S1969,John,Smith,student969@university.com,Female,21,Engineering,72.86,55.81,52.08,79.85,67.78,8.34,87.82,70.27,B,14.6,No,Yes,PhD,Medium,7,8.9
S1970,Liam,Smith,student970@university.com,Male,21,CS,57.43,53.81,74.71,70.38,67.36,4.71,53.68,87.98,D,28,No,Yes,None,Medium,7,4
S1971,Omar,Jones,student971@university.com,Male,19,Engineering,70.25,79.51,63.31,69.53,55.43,7.88,90.24,82.02,D,12.6,No,Yes,High School,Low,9,7.9
S1972,Ali,Davis,student972@university.com,Male,20,Business,55.16,46.96,86.45,91.02,68.04,6.47,82.07,68.05,C,18.6,No,Yes,Master's,Medium,9,6.6
S1973,John,Williams,student973@university.com,Male,20,CS,76.65,63.24,47.76,51.48,89.9,0.29,52.03,71.61,C,6.3,No,No,,Low,5,4.4
S1974,Maria,Smith,student974@university.com,Male,23,CS,54.9,77.5,66.23,64.78,70.69,9.49,65.66,85.18,C,22,No,Yes,PhD,Medium,1,4.6
S1975,Sara,Smith,student975@university.com,Female,23,Engineering,89.53,57.45,81.94,90.59,79.31,8.61,75.53,76.74,A,24.9,Yes,Yes,Master's,Low,2,6.9
S1976,Liam,Brown,student976@university.com,Female,22,CS,78.33,43.92,64.42,96.03,58.18,9.53,59.42,93.42,C,29.3,No,Yes,Master's,Low,8,5.6
S1977,Liam,Brown,student977@university.com,Female,21,Business,86.2,44.91,43.51,70.61,53.49,7.31,57.76,96.66,B,25.9,Yes,Yes,PhD,Low,6,6.3
S1978,Liam,Smith,student978@university.com,Male,18,CS,70.93,47.56,82.31,94.44,94,4.12,50.71,85.89,B,12.8,No,Yes,Bachelor's,Low,10,6.7
S1979,Emma,Davis,student979@university.com,Male,23,Business,69.07,90.15,70.19,59.95,66.57,2.07,95.58,99.46,A,18.9,No,Yes,,Low,8,6.9
S1980,Maria,Jones,student980@university.com,Female,19,CS,54.91,79.47,40.68,61.07,67.52,1.8,52.81,79.83,D,19.8,No,Yes,High School,Low,3,6.9
S1981,Liam,Smith,student981@university.com,Female,19,CS,76.19,43.87,76.76,,93.88,1.45,68.3,51.99,A,6.4,No,Yes,Master's,Low,3,4.4
S1982,Maria,Johnson,student982@university.com,Male,19,Business,75.73,63.46,95.19,95.16,85.39,2.21,60.29,75.24,B,6.8,Yes,Yes,Master's,Low,6,7.7
S1983,Ahmed,Williams,student983@university.com,Female,24,Engineering,73.41,56.72,46.66,61.14,87.81,5.51,87.05,61.5,C,13.1,Yes,Yes,PhD,High,4,5.5
S1984,Liam,Jones,student984@university.com,Female,23,CS,87.03,74.68,75.44,52.97,84.1,6.84,85.36,66.69,B,23.6,No,Yes,PhD,Low,4,4.6
S1985,Sara,Johnson,student985@university.com,Male,23,CS,,71.37,83.72,,55.29,3.14,90.31,74.5,D,12.1,Yes,Yes,Bachelor's,Low,4,4.5
S1986,Maria,Jones,student986@university.com,Female,19,Engineering,87.54,68.87,44.25,63.07,97.9,5.49,80.84,64.75,A,26.9,No,Yes,Master's,Medium,2,5.2
S1987,Maria,Johnson,student987@university.com,Female,23,Engineering,57.19,58.87,41.36,88.07,95.46,3.41,79.58,65.48,C,21.1,No,Yes,High School,High,7,7.1
S1988,Sara,Williams,student988@university.com,Female,24,Mathematics,81.1,48.27,67.85,75.5,61.81,6.97,70.36,70.1,D,16.7,No,Yes,,Low,5,6.4
S1989,Liam,Williams,student989@university.com,Male,18,Mathematics,54.02,84.54,87.47,72.78,90.2,9.88,81.82,64.32,F,18.5,Yes,Yes,None,Low,5,4.5
S1990,Sara,Brown,student990@university.com,Female,18,Engineering,84.73,92.79,49.64,79.21,70.47,6.89,55.76,58.48,C,13.3,No,Yes,High School,Medium,7,4.2
S1991,Maria,Davis,student991@university.com,Female,22,Engineering,69.09,96.65,90.2,94.51,84.19,0.59,84.23,88.28,B,29.3,Yes,No,Master's,Low,5,4.1
S1992,Sara,Johnson,student992@university.com,Female,21,Engineering,56.62,43.52,79.39,54.52,58.28,4.77,55.19,69.76,C,9.4,No,Yes,PhD,High,1,6.1
S1993,Maria,Brown,student993@university.com,Male,18,Engineering,93.1,84.39,59.93,84.74,76.93,7.7,93.09,91.59,A,26.5,No,Yes,PhD,Medium,2,7.9
S1994,Maria,Johnson,student994@university.com,Male,22,CS,80.7,83.59,70.95,96.34,56.33,5.42,75.28,94.14,A,22,No,Yes,None,Medium,5,6.9
S1995,Ahmed,Brown,student995@university.com,Female,20,CS,67.74,96.83,97.93,60.67,76.81,9.51,76.52,87.55,B,22.8,No,Yes,,Medium,7,8
S1996,Ali,Williams,student996@university.com,Male,21,CS,51.54,55.17,52.99,91.89,62.18,0.55,79.24,69.83,D,25.9,Yes,Yes,High School,Low,10,5.6
S1997,Maria,Jones,student997@university.com,Female,18,CS,76.87,84.53,69.97,84.9,72.62,2.91,88.8,86.07,B,8.4,No,Yes,PhD,Low,2,4.7
S1998,Liam,Brown,student998@university.com,Male,24,CS,96.16,43.28,77.47,50.72,83.4,2.21,73.92,57.76,A,22.4,No,Yes,Bachelor's,Low,8,8
S1999,John,Johnson,student999@university.com,Male,20,Engineering,79.82,77.87,48.28,61.58,93.85,7.68,71.38,83.06,F,24.4,No,Yes,None,Medium,5,7.6
S2000,Emma,Johnson,student1000@university.com,Female,22,Business,98.58,61.05,42.61,80.29,58.26,5.24,64.42,70.3,B,29.6,No,No,None,High,9,6.9
